case,radius_m,speed_m_s,theta0_rad,time_s,x_m,y_m,vx_m_s,vy_m_s,ax_m_s2,ay_m_s2,omega_rad_s,period_s,frequency_hz,acceleration_m_s2
article,5.0,8.0,0.0,0.0,5.0,0.0,-0.0,8.0,-12.8,-0.0,1.6,3.9269908169872414,0.25464790894703254,12.8
article,5.0,8.0,0.0,0.032724923474893676,4.993147673772869,0.26167978121471913,-0.4186876499435506,7.989036278036591,-12.782458044858545,-0.6699002399096811,1.6,3.9269908169872414,0.25464790894703254,12.8
article,5.0,8.0,0.0,0.06544984694978735,4.972609476841367,0.5226423163382673,-0.8362277061412277,7.956175162946186,-12.729880260713898,-1.3379643298259642,1.6,3.9269908169872414,0.25464790894703254,12.8
article,5.0,8.0,0.0,0.09817477042468102,4.938441702975689,0.7821723252011543,-1.251475720321847,7.901506724761102,-12.642410759617764,-2.0023611525149554,1.6,3.9269908169872414,0.25464790894703254,12.8
article,5.0,8.0,0.0,0.1308996938995747,4.8907380036690284,1.0395584540887965,-1.6632935265420745,7.8251808058704455,-12.520289289392714,-2.6612696424673192,1.6,3.9269908169872414,0.25464790894703254,12.8
article,5.0,8.0,0.0,0.1636246173744684,4.8296291314453415,1.294095225512604,-2.0705523608201664,7.7274066103125465,-12.363850576500075,-3.3128837773122664,1.6,3.9269908169872414,0.25464790894703254,12.8
article,5.0,8.0,0.0,0.19634954084936204,4.755282581475767,1.545084971874737,-2.472135954999579,7.608452130361228,-12.173523408577966,-3.9554175279993267,1.6,3.9269908169872414,0.25464790894703254,12.8
article,5.0,8.0,0.0,0.22907446432425574,4.667902132486009,1.7918397477265013,-2.866943596362402,7.468643411977614,-11.949829459164183,-4.587109754179844,1.6,3.9269908169872414,0.25464790894703254,12.8
article,5.0,8.0,0.0,0.2617993877991494,4.567727288213004,2.0336832153790008,-3.2538931446064012,7.308363661140807,-11.693381857825292,-5.206229031370242,1.6,3.9269908169872414,0.25464790894703254,12.8
article,5.0,8.0,0.0,0.2945243112740431,4.455032620941839,2.2699524986977337,-3.631923997916374,7.128052193506943,-11.40488350961111,-5.811078396666199,1.6,3.9269908169872414,0.25464790894703254,12.8
article,5.0,8.0,0.0,0.3272492347489368,4.330127018922193,2.5,-4.0,6.928203230275509,-11.085125168440815,-6.4,1.6,3.9269908169872414,0.25464790894703254,12.8
article,5.0,8.0,0.0,0.3599741582238305,4.193352839727121,2.7231951750751353,-4.357112280120217,6.709364543563392,-10.734983269701429,-6.971379648192347,1.6,3.9269908169872414,0.25464790894703254,12.8
article,5.0,8.0,0.0,0.3926990816987241,4.045084971874737,2.938926261462366,-4.702282018339785,6.47213595499958,-10.355417527999329,-7.523651229343656,1.6,3.9269908169872414,0.25464790894703254,12.8
article,5.0,8.0,0.0,0.4254240051736178,3.8857298072848545,3.146601955249187,-5.034563128398699,6.217167691655767,-9.947468306649228,-8.055301005437919,1.6,3.9269908169872414,0.25464790894703254,12.8
article,5.0,8.0,0.0,0.4581489286485115,3.715724127386971,3.345653031794291,-5.353044850870866,5.945158603819154,-9.512253766110646,-8.564871761393386,1.6,3.9269908169872414,0.25464790894703254,12.8
article,5.0,8.0,0.0,0.4908738521234052,3.5355339059327378,3.5355339059327373,-5.65685424949238,5.656854249492381,-9.05096679918781,-9.050966799187808,1.6,3.9269908169872414,0.25464790894703254,12.8
article,5.0,8.0,0.0,0.5235987755982988,3.345653031794291,3.7157241273869706,-5.945158603819153,5.353044850870866,-8.564871761393386,-9.512253766110645,1.6,3.9269908169872414,0.25464790894703254,12.8
article,5.0,8.0,0.0,0.5563236990731926,3.146601955249187,3.8857298072848545,-6.217167691655767,5.034563128398699,-8.055301005437919,-9.947468306649228,1.6,3.9269908169872414,0.25464790894703254,12.8
article,5.0,8.0,0.0,0.5890486225480862,2.938926261462366,4.045084971874737,-6.47213595499958,4.702282018339785,-7.523651229343656,-10.355417527999329,1.6,3.9269908169872414,0.25464790894703254,12.8
article,5.0,8.0,0.0,0.62177354602298,2.723195175075135,4.193352839727121,-6.709364543563393,4.357112280120216,-6.971379648192346,-10.73498326970143,1.6,3.9269908169872414,0.25464790894703254,12.8
article,5.0,8.0,0.0,0.6544984694978736,2.4999999999999996,4.330127018922194,-6.92820323027551,3.999999999999999,-6.399999999999999,-11.085125168440817,1.6,3.9269908169872414,0.25464790894703254,12.8
article,5.0,8.0,0.0,0.6872233929727672,2.269952498697734,4.455032620941839,-7.128052193506942,3.631923997916375,-5.8110783966662005,-11.404883509611109,1.6,3.9269908169872414,0.25464790894703254,12.8
article,5.0,8.0,0.0,0.719948316447661,2.033683215379001,4.567727288213004,-7.308363661140807,3.2538931446064017,-5.206229031370243,-11.693381857825292,1.6,3.9269908169872414,0.25464790894703254,12.8
article,5.0,8.0,0.0,0.7526732399225546,1.7918397477265007,4.667902132486009,-7.468643411977614,2.8669435963624013,-4.587109754179842,-11.949829459164183,1.6,3.9269908169872414,0.25464790894703254,12.8
article,5.0,8.0,0.0,0.7853981633974482,1.5450849718747373,4.755282581475767,-7.608452130361228,2.4721359549995796,-3.9554175279993276,-12.173523408577966,1.6,3.9269908169872414,0.25464790894703254,12.8
article,5.0,8.0,0.0,0.8181230868723419,1.2940952255126037,4.8296291314453415,-7.7274066103125465,2.070552360820166,-3.3128837773122655,-12.363850576500075,1.6,3.9269908169872414,0.25464790894703254,12.8
article,5.0,8.0,0.0,0.8508480103472356,1.0395584540887972,4.890738003669028,-7.825180805870445,1.6632935265420756,-2.661269642467321,-12.520289289392712,1.6,3.9269908169872414,0.25464790894703254,12.8
article,5.0,8.0,0.0,0.8835729338221293,0.7821723252011547,4.938441702975689,-7.901506724761102,1.2514757203218474,-2.002361152514956,-12.642410759617764,1.6,3.9269908169872414,0.25464790894703254,12.8
article,5.0,8.0,0.0,0.916297857297023,0.5226423163382673,4.972609476841367,-7.956175162946186,0.8362277061412277,-1.3379643298259642,-12.729880260713898,1.6,3.9269908169872414,0.25464790894703254,12.8
article,5.0,8.0,0.0,0.9490227807719166,0.26167978121471985,4.993147673772869,-7.989036278036591,0.41868764994355173,-0.6699002399096828,-12.782458044858545,1.6,3.9269908169872414,0.25464790894703254,12.8
article,5.0,8.0,0.0,0.9817477042468103,3.061616997868383e-16,5.0,-8.0,4.898587196589413e-16,-7.837739514543061e-16,-12.8,1.6,3.9269908169872414,0.25464790894703254,12.8
article,5.0,8.0,0.0,1.014472627721704,-0.2616797812147192,4.993147673772869,-7.989036278036591,-0.41868764994355073,0.6699002399096812,-12.782458044858545,1.6,3.9269908169872414,0.25464790894703254,12.8
article,5.0,8.0,0.0,1.0471975511965976,-0.5226423163382666,4.972609476841367,-7.956175162946187,-0.8362277061412267,1.3379643298259627,-12.7298802607139,1.6,3.9269908169872414,0.25464790894703254,12.8
article,5.0,8.0,0.0,1.0799224746714913,-0.7821723252011541,4.938441702975689,-7.901506724761102,-1.2514757203218465,2.0023611525149545,-12.642410759617764,1.6,3.9269908169872414,0.25464790894703254,12.8
article,5.0,8.0,0.0,1.1126473981463851,-1.0395584540887979,4.890738003669028,-7.825180805870445,-1.6632935265420765,2.661269642467323,-12.520289289392712,1.6,3.9269908169872414,0.25464790894703254,12.8
article,5.0,8.0,0.0,1.1453723216212786,-1.294095225512602,4.829629131445342,-7.727406610312547,-2.0705523608201633,3.3128837773122615,-12.363850576500077,1.6,3.9269908169872414,0.25464790894703254,12.8
article,5.0,8.0,0.0,1.1780972450961724,-1.5450849718747368,4.755282581475768,-7.608452130361229,-2.4721359549995787,3.955417527999326,-12.173523408577967,1.6,3.9269908169872414,0.25464790894703254,12.8
article,5.0,8.0,0.0,1.210822168571066,-1.7918397477265013,4.667902132486009,-7.468643411977614,-2.866943596362402,4.587109754179844,-11.949829459164183,1.6,3.9269908169872414,0.25464790894703254,12.8
article,5.0,8.0,0.0,1.24354709204596,-2.0336832153790025,4.567727288213003,-7.308363661140806,-3.253893144606404,5.206229031370246,-11.69338185782529,1.6,3.9269908169872414,0.25464790894703254,12.8
article,5.0,8.0,0.0,1.2762720155208533,-2.2699524986977337,4.455032620941839,-7.128052193506943,-3.631923997916374,5.811078396666199,-11.40488350961111,1.6,3.9269908169872414,0.25464790894703254,12.8
article,5.0,8.0,0.0,1.3089969389957472,-2.500000000000001,4.330127018922193,-6.928203230275509,-4.000000000000002,6.400000000000003,-11.085125168440815,1.6,3.9269908169872414,0.25464790894703254,12.8
article,5.0,8.0,0.0,1.3417218624706408,-2.7231951750751353,4.193352839727121,-6.709364543563392,-4.357112280120217,6.971379648192347,-10.734983269701429,1.6,3.9269908169872414,0.25464790894703254,12.8
article,5.0,8.0,0.0,1.3744467859455345,-2.938926261462365,4.045084971874737,-6.47213595499958,-4.702282018339784,7.523651229343655,-10.355417527999329,1.6,3.9269908169872414,0.25464790894703254,12.8
article,5.0,8.0,0.0,1.4071717094204281,-3.1466019552491864,3.885729807284855,-6.217167691655768,-5.034563128398698,8.055301005437917,-9.94746830664923,1.6,3.9269908169872414,0.25464790894703254,12.8
article,5.0,8.0,0.0,1.439896632895322,-3.345653031794291,3.715724127386971,-5.945158603819154,-5.353044850870866,8.564871761393386,-9.512253766110646,1.6,3.9269908169872414,0.25464790894703254,12.8
article,5.0,8.0,0.0,1.4726215563702154,-3.5355339059327373,3.5355339059327378,-5.656854249492381,-5.65685424949238,9.050966799187808,-9.05096679918781,1.6,3.9269908169872414,0.25464790894703254,12.8
article,5.0,8.0,0.0,1.5053464798451093,-3.715724127386972,3.3456530317942903,-5.353044850870864,-5.945158603819155,9.512253766110648,-8.564871761393382,1.6,3.9269908169872414,0.25464790894703254,12.8
article,5.0,8.0,0.0,1.538071403320003,-3.8857298072848545,3.146601955249187,-5.034563128398699,-6.217167691655767,9.947468306649228,-8.055301005437919,1.6,3.9269908169872414,0.25464790894703254,12.8
article,5.0,8.0,0.0,1.5707963267948963,-4.045084971874736,2.9389262614623664,-4.702282018339786,-6.472135954999579,10.355417527999327,-7.523651229343658,1.6,3.9269908169872414,0.25464790894703254,12.8
article,5.0,8.0,0.0,1.6035212502697902,-4.193352839727121,2.7231951750751344,-4.357112280120215,-6.709364543563393,10.73498326970143,-6.971379648192344,1.6,3.9269908169872414,0.25464790894703254,12.8
article,5.0,8.0,0.0,1.6362461737446838,-4.330127018922194,2.4999999999999996,-3.9999999999999996,-6.92820323027551,11.085125168440817,-6.3999999999999995,1.6,3.9269908169872414,0.25464790894703254,12.8
article,5.0,8.0,0.0,1.6689710972195777,-4.45503262094184,2.2699524986977324,-3.6319239979163718,-7.128052193506944,11.40488350961111,-5.811078396666195,1.6,3.9269908169872414,0.25464790894703254,12.8
article,5.0,8.0,0.0,1.7016960206944711,-4.567727288213003,2.033683215379002,-3.2538931446064034,-7.308363661140806,11.69338185782529,-5.2062290313702455,1.6,3.9269908169872414,0.25464790894703254,12.8
article,5.0,8.0,0.0,1.734420944169365,-4.667902132486009,1.7918397477265011,-2.8669435963624017,-7.468643411977614,11.949829459164183,-4.587109754179843,1.6,3.9269908169872414,0.25464790894703254,12.8
article,5.0,8.0,0.0,1.7671458676442586,-4.755282581475767,1.5450849718747375,-2.47213595499958,-7.608452130361228,12.173523408577966,-3.9554175279993284,1.6,3.9269908169872414,0.25464790894703254,12.8
article,5.0,8.0,0.0,1.7998707911191523,-4.8296291314453415,1.2940952255126028,-2.0705523608201646,-7.7274066103125465,12.363850576500075,-3.3128837773122637,1.6,3.9269908169872414,0.25464790894703254,12.8
article,5.0,8.0,0.0,1.832595714594046,-4.8907380036690284,1.0395584540887965,-1.6632935265420745,-7.8251808058704455,12.520289289392714,-2.6612696424673192,1.6,3.9269908169872414,0.25464790894703254,12.8
article,5.0,8.0,0.0,1.8653206380689398,-4.938441702975689,0.7821723252011527,-1.2514757203218443,-7.901506724761102,12.642410759617764,-2.002361152514951,1.6,3.9269908169872414,0.25464790894703254,12.8
article,5.0,8.0,0.0,1.8980455615438332,-4.972609476841367,0.5226423163382686,-0.8362277061412299,-7.956175162946186,12.729880260713898,-1.3379643298259678,1.6,3.9269908169872414,0.25464790894703254,12.8
article,5.0,8.0,0.0,1.930770485018727,-4.993147673772869,0.261679781214719,-0.41868764994355046,-7.989036278036591,12.782458044858545,-0.6699002399096807,1.6,3.9269908169872414,0.25464790894703254,12.8
article,5.0,8.0,0.0,1.9634954084936207,-5.0,6.123233995736766e-16,-9.797174393178826e-16,-8.0,12.8,-1.5675479029086122e-15,1.6,3.9269908169872414,0.25464790894703254,12.8
article,5.0,8.0,0.0,1.9962203319685146,-4.993147673772869,-0.26167978121472,0.418687649943552,-7.989036278036591,12.782458044858545,0.6699002399096833,1.6,3.9269908169872414,0.25464790894703254,12.8
article,5.0,8.0,0.0,2.028945255443408,-4.972609476841367,-0.5226423163382675,0.836227706141228,-7.956175162946186,12.729880260713898,1.337964329825965,1.6,3.9269908169872414,0.25464790894703254,12.8
article,5.0,8.0,0.0,2.061670178918302,-4.938441702975688,-0.7821723252011559,1.2514757203218494,-7.901506724761101,12.642410759617762,2.002361152514959,1.6,3.9269908169872414,0.25464790894703254,12.8
article,5.0,8.0,0.0,2.0943951023931953,-4.8907380036690284,-1.0395584540887954,1.6632935265420725,-7.8251808058704455,12.520289289392714,2.661269642467316,1.6,3.9269908169872414,0.25464790894703254,12.8
article,5.0,8.0,0.0,2.127120025868089,-4.8296291314453415,-1.294095225512604,2.0705523608201664,-7.7274066103125465,12.363850576500075,3.3128837773122664,1.6,3.9269908169872414,0.25464790894703254,12.8
article,5.0,8.0,0.0,2.1598449493429825,-4.755282581475768,-1.5450849718747364,2.4721359549995783,-7.608452130361229,12.173523408577967,3.9554175279993253,1.6,3.9269908169872414,0.25464790894703254,12.8
article,5.0,8.0,0.0,2.1925698728178764,-4.667902132486009,-1.7918397477265022,2.8669435963624035,-7.468643411977614,11.949829459164183,4.587109754179846,1.6,3.9269908169872414,0.25464790894703254,12.8
article,5.0,8.0,0.0,2.2252947962927703,-4.567727288213003,-2.033683215379003,3.2538931446064048,-7.308363661140806,11.69338185782529,5.206229031370248,1.6,3.9269908169872414,0.25464790894703254,12.8
article,5.0,8.0,0.0,2.258019719767664,-4.455032620941838,-2.2699524986977373,3.6319239979163798,-7.1280521935069405,11.404883509611105,5.811078396666208,1.6,3.9269908169872414,0.25464790894703254,12.8
article,5.0,8.0,0.0,2.290744643242557,-4.330127018922195,-2.499999999999997,3.999999999999995,-6.928203230275512,11.08512516844082,6.399999999999992,1.6,3.9269908169872414,0.25464790894703254,12.8
article,5.0,8.0,0.0,2.323469566717451,-4.193352839727122,-2.7231951750751335,4.357112280120214,-6.709364543563394,10.73498326970143,6.971379648192343,1.6,3.9269908169872414,0.25464790894703254,12.8
article,5.0,8.0,0.0,2.356194490192345,-4.045084971874737,-2.938926261462365,4.702282018339784,-6.47213595499958,10.355417527999329,7.523651229343655,1.6,3.9269908169872414,0.25464790894703254,12.8
article,5.0,8.0,0.0,2.3889194136672387,-3.885729807284854,-3.146601955249188,5.034563128398701,-6.217167691655766,9.947468306649228,8.055301005437922,1.6,3.9269908169872414,0.25464790894703254,12.8
article,5.0,8.0,0.0,2.421644337142132,-3.715724127386971,-3.345653031794291,5.353044850870866,-5.945158603819154,9.512253766110646,8.564871761393386,1.6,3.9269908169872414,0.25464790894703254,12.8
article,5.0,8.0,0.0,2.454369260617026,-3.535533905932737,-3.5355339059327386,5.6568542494923815,-5.656854249492379,9.050966799187806,9.05096679918781,1.6,3.9269908169872414,0.25464790894703254,12.8
article,5.0,8.0,0.0,2.48709418409192,-3.345653031794289,-3.7157241273869737,5.9451586038191575,-5.353044850870862,8.56487176139338,9.512253766110652,1.6,3.9269908169872414,0.25464790894703254,12.8
article,5.0,8.0,0.0,2.5198191075668133,-3.146601955249185,-3.8857298072848554,6.217167691655769,-5.0345631283986965,8.055301005437915,9.947468306649231,1.6,3.9269908169872414,0.25464790894703254,12.8
article,5.0,8.0,0.0,2.5525440310417067,-2.9389262614623664,-4.045084971874736,6.472135954999579,-4.702282018339786,7.523651229343658,10.355417527999327,1.6,3.9269908169872414,0.25464790894703254,12.8
article,5.0,8.0,0.0,2.5852689545166005,-2.723195175075135,-4.193352839727121,6.709364543563393,-4.357112280120216,6.971379648192346,10.73498326970143,1.6,3.9269908169872414,0.25464790894703254,12.8
article,5.0,8.0,0.0,2.6179938779914944,-2.4999999999999982,-4.3301270189221945,6.9282032302755105,-3.999999999999997,6.399999999999995,11.085125168440818,1.6,3.9269908169872414,0.25464790894703254,12.8
article,5.0,8.0,0.0,2.650718801466388,-2.2699524986977346,-4.455032620941839,7.128052193506942,-3.6319239979163753,5.8110783966662005,11.404883509611109,1.6,3.9269908169872414,0.25464790894703254,12.8
article,5.0,8.0,0.0,2.6834437249412817,-2.0336832153790003,-4.567727288213005,7.308363661140808,-3.253893144606401,5.206229031370242,11.693381857825294,1.6,3.9269908169872414,0.25464790894703254,12.8
article,5.0,8.0,0.0,2.716168648416175,-1.7918397477265036,-4.667902132486008,7.468643411977613,-2.8669435963624057,4.587109754179849,11.949829459164182,1.6,3.9269908169872414,0.25464790894703254,12.8
article,5.0,8.0,0.0,2.748893571891069,-1.5450849718747377,-4.755282581475767,7.608452130361228,-2.4721359549995805,3.955417527999329,12.173523408577966,1.6,3.9269908169872414,0.25464790894703254,12.8
article,5.0,8.0,0.0,2.7816184953659624,-1.2940952255126077,-4.829629131445341,7.727406610312545,-2.070552360820172,3.3128837773122757,12.363850576500072,1.6,3.9269908169872414,0.25464790894703254,12.8
article,5.0,8.0,0.0,2.8143434188408563,-1.039558454088799,-4.890738003669028,7.825180805870445,-1.6632935265420783,2.6612696424673254,12.520289289392712,1.6,3.9269908169872414,0.25464790894703254,12.8
article,5.0,8.0,0.0,2.84706834231575,-0.7821723252011552,-4.938441702975688,7.901506724761101,-1.2514757203218483,2.002361152514957,12.642410759617762,1.6,3.9269908169872414,0.25464790894703254,12.8
article,5.0,8.0,0.0,2.879793265790644,-0.5226423163382667,-4.972609476841367,7.956175162946187,-0.8362277061412269,1.3379643298259631,12.7298802607139,1.6,3.9269908169872414,0.25464790894703254,12.8
article,5.0,8.0,0.0,2.9125181892655374,-0.26167978121471713,-4.99314767377287,7.9890362780365916,-0.4186876499435474,0.6699002399096758,12.782458044858547,1.6,3.9269908169872414,0.25464790894703254,12.8
article,5.0,8.0,0.0,2.945243112740431,-9.184850993605148e-16,-5.0,8.0,-1.4695761589768238e-15,2.351321854362918e-15,12.8,1.6,3.9269908169872414,0.25464790894703254,12.8
article,5.0,8.0,0.0,2.9779680362153247,0.26167978121471974,-4.993147673772869,7.989036278036591,0.41868764994355157,-0.6699002399096825,12.782458044858545,1.6,3.9269908169872414,0.25464790894703254,12.8
article,5.0,8.0,0.0,3.0106929596902186,0.5226423163382694,-4.972609476841367,7.956175162946186,0.836227706141231,-1.3379643298259696,12.729880260713898,1.6,3.9269908169872414,0.25464790894703254,12.8
article,5.0,8.0,0.0,3.043417883165112,0.7821723252011534,-4.938441702975689,7.901506724761102,1.2514757203218454,-2.0023611525149527,12.642410759617764,1.6,3.9269908169872414,0.25464790894703254,12.8
article,5.0,8.0,0.0,3.076142806640006,1.0395584540887972,-4.890738003669028,7.825180805870445,1.6632935265420754,-2.661269642467321,12.520289289392712,1.6,3.9269908169872414,0.25464790894703254,12.8
article,5.0,8.0,0.0,3.1088677301148997,1.2940952255126057,-4.829629131445341,7.727406610312546,2.070552360820169,-3.312883777312271,12.363850576500074,1.6,3.9269908169872414,0.25464790894703254,12.8
article,5.0,8.0,0.0,3.1415926535897927,1.5450849718747361,-4.755282581475768,7.608452130361229,2.472135954999578,-3.955417527999325,12.173523408577967,1.6,3.9269908169872414,0.25464790894703254,12.8
article,5.0,8.0,0.0,3.1743175770646865,1.791839747726502,-4.667902132486009,7.468643411977614,2.866943596362403,-4.587109754179845,11.949829459164183,1.6,3.9269908169872414,0.25464790894703254,12.8
article,5.0,8.0,0.0,3.2070425005395804,2.0336832153790025,-4.567727288213003,7.308363661140806,3.2538931446064043,-5.206229031370247,11.69338185782529,1.6,3.9269908169872414,0.25464790894703254,12.8
article,5.0,8.0,0.0,3.2397674240144743,2.2699524986977373,-4.455032620941838,7.1280521935069405,3.6319239979163793,-5.811078396666208,11.404883509611105,1.6,3.9269908169872414,0.25464790894703254,12.8
article,5.0,8.0,0.0,3.2724923474893677,2.5000000000000004,-4.330127018922193,6.928203230275509,4.000000000000001,-6.400000000000002,11.085125168440815,1.6,3.9269908169872414,0.25464790894703254,12.8
article,5.0,8.0,0.0,3.3052172709642615,2.723195175075137,-4.193352839727119,6.709364543563391,4.357112280120219,-6.971379648192351,10.734983269701425,1.6,3.9269908169872414,0.25464790894703254,12.8
article,5.0,8.0,0.0,3.3379421944391554,2.9389262614623686,-4.045084971874735,6.472135954999576,4.7022820183397895,-7.523651229343663,10.355417527999322,1.6,3.9269908169872414,0.25464790894703254,12.8
article,5.0,8.0,0.0,3.370667117914049,3.1466019552491877,-3.885729807284854,6.217167691655766,5.0345631283987,-8.05530100543792,9.947468306649228,1.6,3.9269908169872414,0.25464790894703254,12.8
article,5.0,8.0,0.0,3.4033920413889422,3.345653031794289,-3.7157241273869728,5.945158603819157,5.353044850870862,-8.56487176139338,9.512253766110652,1.6,3.9269908169872414,0.25464790894703254,12.8
article,5.0,8.0,0.0,3.436116964863836,3.535533905932737,-3.5355339059327386,5.6568542494923815,5.656854249492379,-9.050966799187806,9.05096679918781,1.6,3.9269908169872414,0.25464790894703254,12.8
article,5.0,8.0,0.0,3.46884188833873,3.715724127386971,-3.3456530317942907,5.353044850870865,5.945158603819154,-9.512253766110646,8.564871761393384,1.6,3.9269908169872414,0.25464790894703254,12.8
article,5.0,8.0,0.0,3.501566811813624,3.8857298072848554,-3.146601955249186,5.034563128398697,6.217167691655769,-9.947468306649231,8.055301005437917,1.6,3.9269908169872414,0.25464790894703254,12.8
article,5.0,8.0,0.0,3.5342917352885173,4.045084971874736,-2.938926261462367,4.702282018339787,6.472135954999579,-10.355417527999327,7.52365122934366,1.6,3.9269908169872414,0.25464790894703254,12.8
article,5.0,8.0,0.0,3.567016658763411,4.193352839727121,-2.723195175075135,4.357112280120216,6.709364543563392,-10.734983269701429,6.971379648192346,1.6,3.9269908169872414,0.25464790894703254,12.8
article,5.0,8.0,0.0,3.5997415822383045,4.3301270189221945,-2.4999999999999982,3.9999999999999973,6.9282032302755105,-11.085125168440818,6.399999999999996,1.6,3.9269908169872414,0.25464790894703254,12.8
article,5.0,8.0,0.0,3.6324665057131984,4.45503262094184,-2.269952498697731,3.6319239979163696,7.128052193506945,-11.404883509611112,5.811078396666192,1.6,3.9269908169872414,0.25464790894703254,12.8
article,5.0,8.0,0.0,3.665191429188092,4.567727288213005,-2.0336832153790008,3.2538931446064012,7.308363661140808,-11.693381857825294,5.206229031370242,1.6,3.9269908169872414,0.25464790894703254,12.8
article,5.0,8.0,0.0,3.6979163526629857,4.6679021324860095,-1.7918397477264998,2.8669435963623995,7.468643411977615,-11.949829459164185,4.587109754179839,1.6,3.9269908169872414,0.25464790894703254,12.8
article,5.0,8.0,0.0,3.7306412761378795,4.755282581475769,-1.545084971874734,2.4721359549995743,7.60845213036123,-12.173523408577969,3.955417527999319,1.6,3.9269908169872414,0.25464790894703254,12.8
article,5.0,8.0,0.0,3.763366199612773,4.8296291314453415,-1.2940952255126035,2.0705523608201655,7.7274066103125465,-12.363850576500075,3.312883777312265,1.6,3.9269908169872414,0.25464790894703254,12.8
article,5.0,8.0,0.0,3.7960911230876664,4.890738003669028,-1.0395584540887994,1.663293526542079,7.825180805870445,-12.520289289392712,2.6612696424673263,1.6,3.9269908169872414,0.25464790894703254,12.8
article,5.0,8.0,0.0,3.8288160465625602,4.938441702975688,-0.7821723252011556,1.251475720321849,7.901506724761101,-12.642410759617762,2.0023611525149585,1.6,3.9269908169872414,0.25464790894703254,12.8
article,5.0,8.0,0.0,3.861540970037454,4.972609476841367,-0.5226423163382671,0.8362277061412273,7.956175162946186,-12.729880260713898,1.3379643298259638,1.6,3.9269908169872414,0.25464790894703254,12.8
article,5.0,8.0,0.0,3.8942658935123475,4.993147673772869,-0.26167978121472185,0.41868764994355495,7.989036278036591,-12.782458044858545,0.669900239909688,1.6,3.9269908169872414,0.25464790894703254,12.8
article,5.0,8.0,0.0,3.9269908169872414,5.0,-1.2246467991473533e-15,1.959434878635765e-15,8.0,-12.8,3.1350958058172244e-15,1.6,3.9269908169872414,0.25464790894703254,12.8
wheel,0.35,4.39822971502571,0.0,0.0,0.35,0.0,-0.0,4.39822971502571,-55.269784646100405,-0.0,12.566370614359172,0.5,2.0,55.269784646100405
wheel,0.35,4.39822971502571,0.0,0.004166666666666667,0.3495203371641008,0.01831758468503034,-0.23018555791200088,4.392202094059867,-55.194039327120734,-2.8925970307952396,12.566370614359172,0.5,2.0,55.269784646100405
wheel,0.35,4.39822971502571,0.0,0.008333333333333333,0.34808266337889565,0.036584962143678706,-0.4597401932097669,4.37413575245243,-54.967010982836065,-5.777265654191023,12.566370614359172,0.5,2.0,55.269784646100405
wheel,0.35,4.39822971502571,0.0,0.0125,0.3456909192082982,0.0547520627640808,-0.6880347125940941,4.344080208789969,-54.589321882157535,-8.646099194001483,12.566370614359172,0.5,2.0,55.269784646100405
wheel,0.35,4.39822971502571,0.0,0.016666666666666666,0.34235166025683195,0.07276909178621575,-0.9144433766559071,4.302117843228529,-54.062007244657245,-11.491234376904169,12.566370614359172,0.5,2.0,55.269784646100405
wheel,0.35,4.39822971502571,0.0,0.020833333333333332,0.3380740392011739,0.09058666578588226,-1.1383456149844862,4.248363671695342,-53.386512403103396,-14.304872885125668,12.566370614359172,0.5,2.0,55.269784646100405
wheel,0.35,4.39822971502571,0.0,0.025,0.3328697807033037,0.10815594803123159,-1.3591277271078264,4.182965030638178,-52.56468884190362,-17.079302731088564,12.566370614359172,0.5,2.0,55.269784646100405
wheel,0.35,4.39822971502571,0.0,0.029166666666666667,0.3267531492740206,0.12542878234085508,-1.5761845646029742,4.106101173186369,-51.598789122314905,-19.806919395433322,12.566370614359172,0.5,2.0,55.269784646100405
wheel,0.35,4.39822971502571,0.0,0.03333333333333333,0.3197409101749103,0.14235782507653005,-1.7889211897657906,4.017982777830449,-50.49146070832979,-22.48024667047728,12.566370614359172,0.5,2.0,55.269784646100405
wheel,0.35,4.39822971502571,0.0,0.0375,0.31185228346592875,0.15889667490884135,-1.9967545062938465,3.918851370967054,-49.24573871016155,-25.09195715198025,12.566370614359172,0.5,2.0,55.269784646100405
wheel,0.35,4.39822971502571,0.0,0.041666666666666664,0.30310889132455354,0.17499999999999996,-2.1991148575128547,3.8089786648918578,-47.865037565218074,-27.6348923230502,12.566370614359172,0.5,2.0,55.269784646100405
wheel,0.35,4.39822971502571,0.0,0.04583333333333333,0.2935346987808984,0.19062366225525942,-2.39544758776602,3.688665813055053,-46.3531416793663,-30.102082175140477,12.566370614359172,0.5,2.0,55.269784646100405
wheel,0.35,4.39822971502571,0.0,0.05,0.28315594803123156,0.2057248383023656,-2.585214562686639,3.558242584620682,-44.71419505413877,-32.48676431235879,12.566370614359172,0.5,2.0,55.269784646100405
wheel,0.35,4.39822971502571,0.0,0.05416666666666667,0.27200108650993976,0.22026213686744311,-2.7678956441869955,3.418066460592274,-42.95268992831342,-34.78240248672421,12.566370614359172,0.5,2.0,55.269784646100405
wheel,0.35,4.39822971502571,0.0,0.058333333333333334,0.260100688917088,0.23419571222560037,-2.942990116120702,3.268521653982271,-41.07345446499945,-36.98270451356868,12.566370614359172,0.5,2.0,55.269784646100405
wheel,0.35,4.39822971502571,0.0,0.0625,0.24748737341529164,0.2474873734152916,-3.110018056710856,3.1100180567108566,-39.08163951797773,-39.08163951797772,12.566370614359172,0.5,2.0,55.269784646100405
wheel,0.35,4.39822971502571,0.0,0.06666666666666667,0.23419571222560037,0.26010068891708793,-3.2685216539822703,2.942990116120702,-36.98270451356868,-41.07345446499944,12.566370614359172,0.5,2.0,55.269784646100405
wheel,0.35,4.39822971502571,0.0,0.07083333333333333,0.22026213686744311,0.27200108650993976,-3.418066460592274,2.7678956441869955,-34.78240248672421,-42.95268992831342,12.566370614359172,0.5,2.0,55.269784646100405
wheel,0.35,4.39822971502571,0.0,0.075,0.2057248383023656,0.28315594803123156,-3.558242584620682,2.585214562686639,-32.48676431235879,-44.71419505413877,12.566370614359172,0.5,2.0,55.269784646100405
wheel,0.35,4.39822971502571,0.0,0.07916666666666666,0.1906236622552595,0.2935346987808984,-3.6886658130550525,2.395447587766021,-30.10208217514049,-46.353141679366296,12.566370614359172,0.5,2.0,55.269784646100405
wheel,0.35,4.39822971502571,0.0,0.08333333333333333,0.17500000000000002,0.3031088913245535,-3.8089786648918573,2.1991148575128556,-27.63489232305021,-47.86503756521807,12.566370614359172,0.5,2.0,55.269784646100405
wheel,0.35,4.39822971502571,0.0,0.0875,0.15889667490884138,0.3118522834659287,-3.9188513709670536,1.996754506293847,-25.091957151980257,-49.24573871016154,12.566370614359172,0.5,2.0,55.269784646100405
wheel,0.35,4.39822971502571,0.0,0.09166666666666666,0.1423578250765301,0.3197409101749103,-4.017982777830449,1.7889211897657915,-22.480246670477293,-50.49146070832979,12.566370614359172,0.5,2.0,55.269784646100405
wheel,0.35,4.39822971502571,0.0,0.09583333333333334,0.12542878234085506,0.3267531492740206,-4.106101173186369,1.5761845646029737,-19.806919395433315,-51.598789122314905,12.566370614359172,0.5,2.0,55.269784646100405
wheel,0.35,4.39822971502571,0.0,0.1,0.1081559480312316,0.3328697807033037,-4.182965030638178,1.3591277271078266,-17.079302731088564,-52.56468884190362,12.566370614359172,0.5,2.0,55.269784646100405
wheel,0.35,4.39822971502571,0.0,0.10416666666666667,0.09058666578588226,0.3380740392011739,-4.248363671695342,1.1383456149844862,-14.304872885125668,-53.386512403103396,12.566370614359172,0.5,2.0,55.269784646100405
wheel,0.35,4.39822971502571,0.0,0.10833333333333334,0.07276909178621573,0.34235166025683195,-4.302117843228529,0.9144433766559068,-11.491234376904163,-54.062007244657245,12.566370614359172,0.5,2.0,55.269784646100405
wheel,0.35,4.39822971502571,0.0,0.1125,0.05475206276408082,0.3456909192082982,-4.344080208789969,0.6880347125940943,-8.646099194001486,-54.589321882157535,12.566370614359172,0.5,2.0,55.269784646100405
wheel,0.35,4.39822971502571,0.0,0.11666666666666667,0.036584962143678706,0.34808266337889565,-4.37413575245243,0.4597401932097669,-5.777265654191023,-54.967010982836065,12.566370614359172,0.5,2.0,55.269784646100405
wheel,0.35,4.39822971502571,0.0,0.12083333333333333,0.018317584685030388,0.3495203371641008,-4.392202094059867,0.2301855579120015,-2.892597030795247,-55.194039327120734,12.566370614359172,0.5,2.0,55.269784646100405
wheel,0.35,4.39822971502571,0.0,0.125,2.143131898507868e-17,0.35,-4.39822971502571,2.6931389712105057e-16,-3.3842982428205194e-15,-55.269784646100405,12.566370614359172,0.5,2.0,55.269784646100405
wheel,0.35,4.39822971502571,0.0,0.12916666666666668,-0.018317584685030343,0.3495203371641008,-4.392202094059867,-0.23018555791200093,2.89259703079524,-55.194039327120734,12.566370614359172,0.5,2.0,55.269784646100405
wheel,0.35,4.39822971502571,0.0,0.13333333333333333,-0.036584962143678665,0.34808266337889565,-4.37413575245243,-0.45974019320976633,5.777265654191016,-54.96701098283607,12.566370614359172,0.5,2.0,55.269784646100405
wheel,0.35,4.39822971502571,0.0,0.1375,-0.05475206276408086,0.34569091920829814,-4.344080208789969,-0.6880347125940948,8.646099194001492,-54.58932188215753,12.566370614359172,0.5,2.0,55.269784646100405
wheel,0.35,4.39822971502571,0.0,0.14166666666666666,-0.07276909178621568,0.34235166025683195,-4.302117843228529,-0.9144433766559062,11.491234376904158,-54.062007244657245,12.566370614359172,0.5,2.0,55.269784646100405
wheel,0.35,4.39822971502571,0.0,0.14583333333333334,-0.09058666578588229,0.3380740392011739,-4.248363671695342,-1.1383456149844868,14.304872885125675,-53.386512403103396,12.566370614359172,0.5,2.0,55.269784646100405
wheel,0.35,4.39822971502571,0.0,0.15,-0.10815594803123156,0.33286978070330375,-4.1829650306381785,-1.3591277271078261,17.07930273108856,-52.564688841903624,12.566370614359172,0.5,2.0,55.269784646100405
wheel,0.35,4.39822971502571,0.0,0.15416666666666667,-0.12542878234085508,0.3267531492740206,-4.106101173186369,-1.5761845646029742,19.806919395433322,-51.598789122314905,12.566370614359172,0.5,2.0,55.269784646100405
wheel,0.35,4.39822971502571,0.0,0.15833333333333333,-0.14235782507653003,0.3197409101749103,-4.017982777830449,-1.7889211897657904,22.48024667047728,-50.4914607083298,12.566370614359172,0.5,2.0,55.269784646100405
wheel,0.35,4.39822971502571,0.0,0.1625,-0.15889667490884135,0.31185228346592875,-3.918851370967054,-1.9967545062938465,25.09195715198025,-49.24573871016155,12.566370614359172,0.5,2.0,55.269784646100405
wheel,0.35,4.39822971502571,0.0,0.16666666666666666,-0.1749999999999999,0.30310889132455354,-3.8089786648918578,-2.1991148575128543,27.63489232305019,-47.865037565218074,12.566370614359172,0.5,2.0,55.269784646100405
wheel,0.35,4.39822971502571,0.0,0.17083333333333334,-0.19062366225525948,0.2935346987808984,-3.688665813055053,-2.3954475877660206,30.102082175140485,-46.3531416793663,12.566370614359172,0.5,2.0,55.269784646100405
wheel,0.35,4.39822971502571,0.0,0.175,-0.20572483830236554,0.28315594803123156,-3.558242584620682,-2.5852145626866387,32.48676431235878,-44.71419505413877,12.566370614359172,0.5,2.0,55.269784646100405
wheel,0.35,4.39822971502571,0.0,0.17916666666666667,-0.22026213686744303,0.2720010865099398,-3.4180664605922755,-2.7678956441869946,34.7824024867242,-42.95268992831343,12.566370614359172,0.5,2.0,55.269784646100405
wheel,0.35,4.39822971502571,0.0,0.18333333333333332,-0.23419571222560026,0.26010068891708804,-3.268521653982272,-2.9429901161207,36.982704513568656,-41.073454464999465,12.566370614359172,0.5,2.0,55.269784646100405
wheel,0.35,4.39822971502571,0.0,0.1875,-0.2474873734152916,0.24748737341529164,-3.1100180567108566,-3.110018056710856,39.08163951797772,-39.08163951797773,12.566370614359172,0.5,2.0,55.269784646100405
wheel,0.35,4.39822971502571,0.0,0.19166666666666668,-0.260100688917088,0.2341957122256003,-2.942990116120701,-3.2685216539822712,41.07345446499946,-36.98270451356866,12.566370614359172,0.5,2.0,55.269784646100405
wheel,0.35,4.39822971502571,0.0,0.19583333333333333,-0.2720010865099398,0.22026213686744306,-2.767895644186995,-3.418066460592275,42.952689928313426,-34.78240248672421,12.566370614359172,0.5,2.0,55.269784646100405
wheel,0.35,4.39822971502571,0.0,0.2,-0.28315594803123156,0.20572483830236563,-2.58521456268664,-3.5582425846206815,44.71419505413876,-32.486764312358794,12.566370614359172,0.5,2.0,55.269784646100405
wheel,0.35,4.39822971502571,0.0,0.20416666666666666,-0.2935346987808984,0.19062366225525954,-2.3954475877660215,-3.6886658130550525,46.353141679366296,-30.102082175140495,12.566370614359172,0.5,2.0,55.269784646100405
wheel,0.35,4.39822971502571,0.0,0.20833333333333334,-0.30310889132455354,0.17499999999999996,-2.1991148575128547,-3.8089786648918578,47.865037565218074,-27.6348923230502,12.566370614359172,0.5,2.0,55.269784646100405
wheel,0.35,4.39822971502571,0.0,0.2125,-0.3118522834659287,0.15889667490884138,-1.996754506293847,-3.9188513709670536,49.24573871016154,-25.091957151980257,12.566370614359172,0.5,2.0,55.269784646100405
wheel,0.35,4.39822971502571,0.0,0.21666666666666667,-0.3197409101749103,0.14235782507653,-1.7889211897657902,-4.017982777830449,50.4914607083298,-22.480246670477275,12.566370614359172,0.5,2.0,55.269784646100405
wheel,0.35,4.39822971502571,0.0,0.22083333333333333,-0.32675314927402055,0.12542878234085522,-1.576184564602976,-4.106101173186368,51.598789122314905,-19.806919395433344,12.566370614359172,0.5,2.0,55.269784646100405
wheel,0.35,4.39822971502571,0.0,0.225,-0.3328697807033037,0.10815594803123162,-1.3591277271078268,-4.182965030638178,52.56468884190362,-17.079302731088568,12.566370614359172,0.5,2.0,55.269784646100405
wheel,0.35,4.39822971502571,0.0,0.22916666666666666,-0.33807403920117385,0.09058666578588236,-1.1383456149844875,-4.248363671695342,53.38651240310339,-14.304872885125684,12.566370614359172,0.5,2.0,55.269784646100405
wheel,0.35,4.39822971502571,0.0,0.23333333333333334,-0.34235166025683195,0.07276909178621575,-0.9144433766559071,-4.302117843228529,54.062007244657245,-11.491234376904169,12.566370614359172,0.5,2.0,55.269784646100405
wheel,0.35,4.39822971502571,0.0,0.2375,-0.34569091920829814,0.05475206276408084,-0.6880347125940945,-4.344080208789969,54.58932188215753,-8.646099194001488,12.566370614359172,0.5,2.0,55.269784646100405
wheel,0.35,4.39822971502571,0.0,0.24166666666666667,-0.34808266337889565,0.036584962143678804,-0.4597401932097681,-4.37413575245243,54.967010982836065,-5.777265654191038,12.566370614359172,0.5,2.0,55.269784646100405
wheel,0.35,4.39822971502571,0.0,0.24583333333333332,-0.3495203371641008,0.018317584685030485,-0.23018555791200274,-4.392202094059867,55.194039327120734,-2.8925970307952626,12.566370614359172,0.5,2.0,55.269784646100405
wheel,0.35,4.39822971502571,0.0,0.25,-0.35,4.286263797015736e-17,-5.386277942421011e-16,-4.39822971502571,55.269784646100405,-6.768596485641039e-15,12.566370614359172,0.5,2.0,55.269784646100405
wheel,0.35,4.39822971502571,0.0,0.25416666666666665,-0.3495203371641008,-0.018317584685030246,0.2301855579119997,-4.392202094059867,55.194039327120734,2.892597030795225,12.566370614359172,0.5,2.0,55.269784646100405
wheel,0.35,4.39822971502571,0.0,0.25833333333333336,-0.34808266337889565,-0.03658496214367872,0.45974019320976706,-4.37413575245243,54.967010982836065,5.777265654191026,12.566370614359172,0.5,2.0,55.269784646100405
wheel,0.35,4.39822971502571,0.0,0.2625,-0.3456909192082982,-0.054752062764080754,0.6880347125940934,-4.344080208789969,54.589321882157535,8.646099194001476,12.566370614359172,0.5,2.0,55.269784646100405
wheel,0.35,4.39822971502571,0.0,0.26666666666666666,-0.34235166025683195,-0.07276909178621567,0.914443376655906,-4.302117843228529,54.062007244657245,11.491234376904155,12.566370614359172,0.5,2.0,55.269784646100405
wheel,0.35,4.39822971502571,0.0,0.2708333333333333,-0.3380740392011739,-0.09058666578588212,1.1383456149844846,-4.248363671695343,53.3865124031034,14.304872885125647,12.566370614359172,0.5,2.0,55.269784646100405
wheel,0.35,4.39822971502571,0.0,0.275,-0.3328697807033037,-0.1081559480312317,1.359127727107828,-4.182965030638178,52.56468884190362,17.079302731088582,12.566370614359172,0.5,2.0,55.269784646100405
wheel,0.35,4.39822971502571,0.0,0.2791666666666667,-0.3267531492740206,-0.12542878234085514,1.5761845646029748,-4.106101173186369,51.598789122314905,19.80691939543333,12.566370614359172,0.5,2.0,55.269784646100405
wheel,0.35,4.39822971502571,0.0,0.2833333333333333,-0.31974091017491035,-0.14235782507652991,1.788921189765789,-4.01798277783045,50.491460708329804,22.48024667047726,12.566370614359172,0.5,2.0,55.269784646100405
wheel,0.35,4.39822971502571,0.0,0.2875,-0.3118522834659288,-0.15889667490884118,1.9967545062938443,-3.918851370967055,49.245738710161554,25.091957151980225,12.566370614359172,0.5,2.0,55.269784646100405
wheel,0.35,4.39822971502571,0.0,0.2916666666666667,-0.3031088913245535,-0.17500000000000002,2.1991148575128556,-3.8089786648918573,47.86503756521807,27.63489232305021,12.566370614359172,0.5,2.0,55.269784646100405
wheel,0.35,4.39822971502571,0.0,0.29583333333333334,-0.2935346987808984,-0.19062366225525948,2.3954475877660206,-3.688665813055053,46.3531416793663,30.102082175140485,12.566370614359172,0.5,2.0,55.269784646100405
wheel,0.35,4.39822971502571,0.0,0.3,-0.28315594803123156,-0.20572483830236554,2.5852145626866387,-3.558242584620682,44.71419505413877,32.48676431235878,12.566370614359172,0.5,2.0,55.269784646100405
wheel,0.35,4.39822971502571,0.0,0.30416666666666664,-0.27200108650993987,-0.22026213686744303,2.7678956441869946,-3.418066460592276,42.95268992831344,34.7824024867242,12.566370614359172,0.5,2.0,55.269784646100405
wheel,0.35,4.39822971502571,0.0,0.30833333333333335,-0.260100688917088,-0.23419571222560037,2.942990116120702,-3.268521653982271,41.07345446499945,36.98270451356868,12.566370614359172,0.5,2.0,55.269784646100405
wheel,0.35,4.39822971502571,0.0,0.3125,-0.24748737341529167,-0.2474873734152916,3.110018056710856,-3.110018056710857,39.081639517977734,39.08163951797772,12.566370614359172,0.5,2.0,55.269784646100405
wheel,0.35,4.39822971502571,0.0,0.31666666666666665,-0.23419571222560046,-0.2601006889170879,3.26852165398227,-2.942990116120703,36.98270451356869,41.073454464999436,12.566370614359172,0.5,2.0,55.269784646100405
wheel,0.35,4.39822971502571,0.0,0.32083333333333336,-0.22026213686744295,-0.27200108650993987,3.418066460592276,-2.7678956441869933,34.78240248672419,42.95268992831344,12.566370614359172,0.5,2.0,55.269784646100405
wheel,0.35,4.39822971502571,0.0,0.325,-0.20572483830236563,-0.28315594803123156,3.5582425846206815,-2.58521456268664,32.486764312358794,44.71419505413876,12.566370614359172,0.5,2.0,55.269784646100405
wheel,0.35,4.39822971502571,0.0,0.32916666666666666,-0.19062366225525942,-0.29353469878089844,3.6886658130550534,-2.39544758776602,30.102082175140477,46.35314167936631,12.566370614359172,0.5,2.0,55.269784646100405
wheel,0.35,4.39822971502571,0.0,0.3333333333333333,-0.17500000000000016,-0.30310889132455343,3.8089786648918564,-2.199114857512857,27.634892323050227,47.86503756521806,12.566370614359172,0.5,2.0,55.269784646100405
wheel,0.35,4.39822971502571,0.0,0.3375,-0.1588966749088414,-0.3118522834659287,3.9188513709670536,-1.9967545062938472,25.09195715198026,49.24573871016154,12.566370614359172,0.5,2.0,55.269784646100405
wheel,0.35,4.39822971502571,0.0,0.3416666666666667,-0.14235782507653003,-0.3197409101749103,4.017982777830449,-1.7889211897657904,22.48024667047728,50.4914607083298,12.566370614359172,0.5,2.0,55.269784646100405
wheel,0.35,4.39822971502571,0.0,0.3458333333333333,-0.12542878234085525,-0.32675314927402055,4.106101173186368,-1.5761845646029762,19.806919395433347,51.598789122314905,12.566370614359172,0.5,2.0,55.269784646100405
wheel,0.35,4.39822971502571,0.0,0.35,-0.10815594803123164,-0.3328697807033037,4.182965030638178,-1.3591277271078273,17.07930273108857,52.56468884190362,12.566370614359172,0.5,2.0,55.269784646100405
wheel,0.35,4.39822971502571,0.0,0.3541666666666667,-0.09058666578588222,-0.3380740392011739,4.248363671695342,-1.1383456149844857,14.304872885125663,53.386512403103396,12.566370614359172,0.5,2.0,55.269784646100405
wheel,0.35,4.39822971502571,0.0,0.35833333333333334,-0.07276909178621592,-0.34235166025683195,4.302117843228528,-0.9144433766559092,11.491234376904194,54.06200724465724,12.566370614359172,0.5,2.0,55.269784646100405
wheel,0.35,4.39822971502571,0.0,0.3625,-0.05475206276408086,-0.34569091920829814,4.344080208789969,-0.6880347125940948,8.646099194001492,54.58932188215753,12.566370614359172,0.5,2.0,55.269784646100405
wheel,0.35,4.39822971502571,0.0,0.36666666666666664,-0.03658496214367898,-0.34808266337889565,4.37413575245243,-0.45974019320977033,5.7772656541910665,54.967010982836065,12.566370614359172,0.5,2.0,55.269784646100405
wheel,0.35,4.39822971502571,0.0,0.37083333333333335,-0.018317584685030197,-0.34952033716410086,4.392202094059868,-0.2301855579119991,2.8925970307952173,55.19403932712074,12.566370614359172,0.5,2.0,55.269784646100405
wheel,0.35,4.39822971502571,0.0,0.375,-6.429395695523604e-17,-0.35,4.39822971502571,-8.079416913631517e-16,1.0152894728461558e-14,55.269784646100405,12.566370614359172,0.5,2.0,55.269784646100405
wheel,0.35,4.39822971502571,0.0,0.37916666666666665,0.01831758468503007,-0.34952033716410086,4.392202094059868,0.2301855579119975,-2.892597030795197,55.19403932712074,12.566370614359172,0.5,2.0,55.269784646100405
wheel,0.35,4.39822971502571,0.0,0.38333333333333336,0.03658496214367885,-0.34808266337889565,4.37413575245243,0.4597401932097687,-5.777265654191046,54.967010982836065,12.566370614359172,0.5,2.0,55.269784646100405
wheel,0.35,4.39822971502571,0.0,0.3875,0.05475206276408073,-0.3456909192082982,4.344080208789969,0.6880347125940932,-8.646099194001472,54.589321882157535,12.566370614359172,0.5,2.0,55.269784646100405
wheel,0.35,4.39822971502571,0.0,0.39166666666666666,0.0727690917862158,-0.34235166025683195,4.302117843228528,0.9144433766559077,-11.491234376904174,54.06200724465724,12.566370614359172,0.5,2.0,55.269784646100405
wheel,0.35,4.39822971502571,0.0,0.3958333333333333,0.09058666578588209,-0.3380740392011739,4.248363671695343,1.1383456149844844,-14.304872885125645,53.3865124031034,12.566370614359172,0.5,2.0,55.269784646100405
wheel,0.35,4.39822971502571,0.0,0.4,0.10815594803123152,-0.33286978070330375,4.1829650306381785,1.3591277271078257,-17.079302731088553,52.564688841903624,12.566370614359172,0.5,2.0,55.269784646100405
wheel,0.35,4.39822971502571,0.0,0.4041666666666667,0.12542878234085514,-0.3267531492740206,4.106101173186369,1.5761845646029746,-19.806919395433326,51.598789122314905,12.566370614359172,0.5,2.0,55.269784646100405
wheel,0.35,4.39822971502571,0.0,0.4083333333333333,0.14235782507652991,-0.31974091017491035,4.01798277783045,1.7889211897657888,-22.480246670477257,50.491460708329804,12.566370614359172,0.5,2.0,55.269784646100405
wheel,0.35,4.39822971502571,0.0,0.4125,0.15889667490884132,-0.3118522834659288,3.9188513709670545,1.996754506293846,-25.091957151980246,49.245738710161554,12.566370614359172,0.5,2.0,55.269784646100405
wheel,0.35,4.39822971502571,0.0,0.4166666666666667,0.17500000000000002,-0.3031088913245535,3.8089786648918573,2.1991148575128556,-27.63489232305021,47.86503756521807,12.566370614359172,0.5,2.0,55.269784646100405
wheel,0.35,4.39822971502571,0.0,0.42083333333333334,0.1906236622552593,-0.2935346987808985,3.6886658130550543,2.3954475877660184,-30.10208217514046,46.35314167936632,12.566370614359172,0.5,2.0,55.269784646100405
wheel,0.35,4.39822971502571,0.0,0.425,0.20572483830236551,-0.2831559480312316,3.5582425846206824,2.5852145626866383,-32.48676431235877,44.71419505413878,12.566370614359172,0.5,2.0,55.269784646100405
wheel,0.35,4.39822971502571,0.0,0.42916666666666664,0.22026213686744286,-0.2720010865099399,3.418066460592277,2.7678956441869924,-34.78240248672417,42.952689928313454,12.566370614359172,0.5,2.0,55.269784646100405
wheel,0.35,4.39822971502571,0.0,0.43333333333333335,0.23419571222560046,-0.2601006889170879,3.26852165398227,2.942990116120703,-36.98270451356869,41.073454464999436,12.566370614359172,0.5,2.0,55.269784646100405
wheel,0.35,4.39822971502571,0.0,0.4375,0.24748737341529156,-0.24748737341529167,3.110018056710857,3.1100180567108553,-39.08163951797771,39.081639517977734,12.566370614359172,0.5,2.0,55.269784646100405
wheel,0.35,4.39822971502571,0.0,0.44166666666666665,0.26010068891708776,-0.23419571222560057,2.942990116120704,3.2685216539822686,-41.07345446499942,36.982704513568706,12.566370614359172,0.5,2.0,55.269784646100405
wheel,0.35,4.39822971502571,0.0,0.44583333333333336,0.27200108650993987,-0.220262136867443,2.7678956441869937,3.418066460592276,-42.95268992831344,34.782402486724195,12.566370614359172,0.5,2.0,55.269784646100405
wheel,0.35,4.39822971502571,0.0,0.45,0.28315594803123156,-0.20572483830236565,2.5852145626866405,3.5582425846206815,-44.71419505413876,32.486764312358794,12.566370614359172,0.5,2.0,55.269784646100405
wheel,0.35,4.39822971502571,0.0,0.45416666666666666,0.2935346987808984,-0.19062366225525942,2.39544758776602,3.688665813055053,-46.3531416793663,30.102082175140477,12.566370614359172,0.5,2.0,55.269784646100405
wheel,0.35,4.39822971502571,0.0,0.4583333333333333,0.30310889132455343,-0.17500000000000016,2.199114857512857,3.808978664891856,-47.86503756521805,27.634892323050227,12.566370614359172,0.5,2.0,55.269784646100405
wheel,0.35,4.39822971502571,0.0,0.4625,0.3118522834659287,-0.15889667490884143,1.9967545062938474,3.9188513709670536,-49.24573871016154,25.091957151980264,12.566370614359172,0.5,2.0,55.269784646100405
wheel,0.35,4.39822971502571,0.0,0.4666666666666667,0.3197409101749103,-0.14235782507653005,1.7889211897657906,4.017982777830449,-50.4914607083298,22.48024667047728,12.566370614359172,0.5,2.0,55.269784646100405
wheel,0.35,4.39822971502571,0.0,0.4708333333333333,0.3267531492740205,-0.12542878234085525,1.5761845646029764,4.106101173186368,-51.5987891223149,19.80691939543335,12.566370614359172,0.5,2.0,55.269784646100405
wheel,0.35,4.39822971502571,0.0,0.475,0.3328697807033037,-0.10815594803123166,1.3591277271078275,4.182965030638178,-52.56468884190362,17.079302731088575,12.566370614359172,0.5,2.0,55.269784646100405
wheel,0.35,4.39822971502571,0.0,0.4791666666666667,0.3380740392011739,-0.09058666578588223,1.138345614984486,4.248363671695342,-53.386512403103396,14.304872885125667,12.566370614359172,0.5,2.0,55.269784646100405
wheel,0.35,4.39822971502571,0.0,0.48333333333333334,0.34235166025683195,-0.07276909178621595,0.9144433766559096,4.302117843228528,-54.06200724465724,11.491234376904199,12.566370614359172,0.5,2.0,55.269784646100405
wheel,0.35,4.39822971502571,0.0,0.4875,0.34569091920829814,-0.054752062764080886,0.6880347125940952,4.344080208789969,-54.58932188215753,8.646099194001497,12.566370614359172,0.5,2.0,55.269784646100405
wheel,0.35,4.39822971502571,0.0,0.49166666666666664,0.34808266337889565,-0.036584962143679005,0.4597401932097706,4.37413575245243,-54.967010982836065,5.77726565419107,12.566370614359172,0.5,2.0,55.269784646100405
wheel,0.35,4.39822971502571,0.0,0.49583333333333335,0.34952033716410086,-0.018317584685030218,0.23018555791199935,4.392202094059868,-55.19403932712074,2.89259703079522,12.566370614359172,0.5,2.0,55.269784646100405
wheel,0.35,4.39822971502571,0.0,0.5,0.35,-8.572527594031472e-17,1.0772555884842023e-15,4.39822971502571,-55.269784646100405,1.3537192971282078e-14,12.566370614359172,0.5,2.0,55.269784646100405
vectors,2.0,6.0,0.0,0.0,2.0,0.0,-0.0,6.0,-18.0,-0.0,3.0,2.0943951023931953,0.477464829275686,18.0
vectors,2.0,6.0,0.0,0.017453292519943295,1.9972590695091477,0.10467191248588767,-0.314015737457663,5.991777208527443,-17.975331625582328,-0.942047212372989,3.0,2.0943951023931953,0.477464829275686,18.0
vectors,2.0,6.0,0.0,0.03490658503988659,1.9890437907365466,0.20905692653530694,-0.6271707796059208,5.967131372209639,-17.901394116628918,-1.8815123388177626,3.0,2.0943951023931953,0.477464829275686,18.0
vectors,2.0,6.0,0.0,0.05235987755982988,1.9753766811902755,0.31286893008046174,-0.9386067902413853,5.926130043570827,-17.77839013071248,-2.815820370724156,3.0,2.0943951023931953,0.477464829275686,18.0
vectors,2.0,6.0,0.0,0.06981317007977318,1.9562952014676114,0.4158233816355187,-1.247470144906556,5.868885604402834,-17.606656813208502,-3.7424104347196683,3.0,2.0943951023931953,0.477464829275686,18.0
vectors,2.0,6.0,0.0,0.08726646259971646,1.9318516525781366,0.5176380902050414,-1.552914270615124,5.79555495773441,-17.38666487320323,-4.658742811845372,3.0,2.0943951023931953,0.477464829275686,18.0
vectors,2.0,6.0,0.0,0.10471975511965977,1.902113032590307,0.6180339887498948,-1.8541019662496843,5.706339097770921,-17.119017293312762,-5.562305898749053,3.0,2.0943951023931953,0.477464829275686,18.0
vectors,2.0,6.0,0.0,0.12217304763960306,1.8671608529944035,0.7167358990906004,-2.150207697271801,5.601482558983211,-16.804447676949632,-6.4506230918154035,3.0,2.0943951023931953,0.477464829275686,18.0
vectors,2.0,6.0,0.0,0.13962634015954636,1.8270909152852017,0.8134732861516004,-2.4404198584548014,5.481272745855605,-16.443818237566816,-7.321259575364404,3.0,2.0943951023931953,0.477464829275686,18.0
vectors,2.0,6.0,0.0,0.15707963267948966,1.7820130483767358,0.9079809994790935,-2.7239429984372805,5.346039145130208,-16.03811743539062,-8.171828995311841,3.0,2.0943951023931953,0.477464829275686,18.0
vectors,2.0,6.0,0.0,0.17453292519943292,1.7320508075688774,0.9999999999999997,-2.999999999999999,5.196152422706632,-15.588457268119896,-8.999999999999996,3.0,2.0943951023931953,0.477464829275686,18.0
vectors,2.0,6.0,0.0,0.19198621771937624,1.677341135890848,1.089278070030054,-3.267834210090162,5.032023407672544,-15.096070223017634,-9.803502630270486,3.0,2.0943951023931953,0.477464829275686,18.0
vectors,2.0,6.0,0.0,0.20943951023931953,1.618033988749895,1.1755705045849463,-3.526711513754839,4.854101966249685,-14.562305898749054,-10.580134541264517,3.0,2.0943951023931953,0.477464829275686,18.0
vectors,2.0,6.0,0.0,0.22689280275926282,1.5542919229139418,1.2586407820996748,-3.7759223462990246,4.662875768741825,-13.988627306225476,-11.327767038897074,3.0,2.0943951023931953,0.477464829275686,18.0
vectors,2.0,6.0,0.0,0.24434609527920612,1.4862896509547887,1.3382612127177163,-4.0147836381531485,4.458868952864366,-13.376606858593098,-12.044350914459446,3.0,2.0943951023931953,0.477464829275686,18.0
vectors,2.0,6.0,0.0,0.2617993877991494,1.4142135623730951,1.414213562373095,-4.242640687119285,4.242640687119286,-12.727922061357857,-12.727922061357855,3.0,2.0943951023931953,0.477464829275686,18.0
vectors,2.0,6.0,0.0,0.2792526803190927,1.3382612127177165,1.4862896509547885,-4.458868952864366,4.014783638153149,-12.044350914459448,-13.376606858593096,3.0,2.0943951023931953,0.477464829275686,18.0
vectors,2.0,6.0,0.0,0.296705972839036,1.258640782099675,1.5542919229139416,-4.6628757687418245,3.775922346299025,-11.327767038897075,-13.988627306225474,3.0,2.0943951023931953,0.477464829275686,18.0
vectors,2.0,6.0,0.0,0.3141592653589793,1.1755705045849463,1.618033988749895,-4.854101966249685,3.526711513754839,-10.580134541264517,-14.562305898749054,3.0,2.0943951023931953,0.477464829275686,18.0
vectors,2.0,6.0,0.0,0.3316125578789226,1.0892780700300544,1.6773411358908479,-5.032023407672543,3.267834210090163,-9.80350263027049,-15.09607022301763,3.0,2.0943951023931953,0.477464829275686,18.0
vectors,2.0,6.0,0.0,0.34906585039886584,1.0000000000000007,1.732050807568877,-5.196152422706631,3.0000000000000018,-9.000000000000005,-15.588457268119893,3.0,2.0943951023931953,0.477464829275686,18.0
vectors,2.0,6.0,0.0,0.3665191429188092,0.9079809994790937,1.7820130483767356,-5.346039145130207,2.7239429984372814,-8.171828995311843,-16.03811743539062,3.0,2.0943951023931953,0.477464829275686,18.0
vectors,2.0,6.0,0.0,0.3839724354387525,0.8134732861516007,1.8270909152852017,-5.481272745855605,2.4404198584548022,-7.321259575364406,-16.443818237566816,3.0,2.0943951023931953,0.477464829275686,18.0
vectors,2.0,6.0,0.0,0.40142572795869574,0.7167358990906008,1.8671608529944035,-5.601482558983211,2.150207697271802,-6.450623091815407,-16.804447676949632,3.0,2.0943951023931953,0.477464829275686,18.0
vectors,2.0,6.0,0.0,0.41887902047863906,0.6180339887498949,1.902113032590307,-5.706339097770921,1.8541019662496847,-5.562305898749054,-17.119017293312762,3.0,2.0943951023931953,0.477464829275686,18.0
vectors,2.0,6.0,0.0,0.4363323129985824,0.5176380902050415,1.9318516525781366,-5.79555495773441,1.5529142706151244,-4.658742811845373,-17.38666487320323,3.0,2.0943951023931953,0.477464829275686,18.0
vectors,2.0,6.0,0.0,0.45378560551852565,0.4158233816355189,1.9562952014676112,-5.868885604402833,1.2474701449065568,-3.74241043471967,-17.6066568132085,3.0,2.0943951023931953,0.477464829275686,18.0
vectors,2.0,6.0,0.0,0.4712388980384689,0.3128689300804623,1.9753766811902753,-5.926130043570826,0.9386067902413868,-2.8158203707241607,-17.778390130712477,3.0,2.0943951023931953,0.477464829275686,18.0
vectors,2.0,6.0,0.0,0.48869219055841223,0.20905692653530736,1.9890437907365466,-5.967131372209639,0.627170779605922,-1.8815123388177661,-17.901394116628918,3.0,2.0943951023931953,0.477464829275686,18.0
vectors,2.0,6.0,0.0,0.5061454830783555,0.10467191248588838,1.9972590695091477,-5.991777208527443,0.31401573745766515,-0.9420472123729954,-17.975331625582328,3.0,2.0943951023931953,0.477464829275686,18.0
vectors,2.0,6.0,0.0,0.5235987755982988,1.2246467991473532e-16,2.0,-6.0,3.6739403974420594e-16,-1.102182119232618e-15,-18.0,3.0,2.0943951023931953,0.477464829275686,18.0
vectors,2.0,6.0,0.0,0.5410520681182421,-0.10467191248588724,1.9972590695091477,-5.991777208527443,-0.3140157374576617,0.9420472123729852,-17.975331625582328,3.0,2.0943951023931953,0.477464829275686,18.0
vectors,2.0,6.0,0.0,0.5585053606381855,-0.2090569265353071,1.9890437907365466,-5.967131372209639,-0.6271707796059214,1.881512338817764,-17.901394116628918,3.0,2.0943951023931953,0.477464829275686,18.0
vectors,2.0,6.0,0.0,0.5759586531581287,-0.3128689300804612,1.9753766811902755,-5.926130043570827,-0.9386067902413835,2.8158203707241505,-17.77839013071248,3.0,2.0943951023931953,0.477464829275686,18.0
vectors,2.0,6.0,0.0,0.593411945678072,-0.41582338163551824,1.9562952014676114,-5.868885604402834,-1.2474701449065546,3.7424104347196643,-17.606656813208502,3.0,2.0943951023931953,0.477464829275686,18.0
vectors,2.0,6.0,0.0,0.6108652381980152,-0.5176380902050408,1.9318516525781368,-5.79555495773441,-1.5529142706151224,4.658742811845367,-17.38666487320323,3.0,2.0943951023931953,0.477464829275686,18.0
vectors,2.0,6.0,0.0,0.6283185307179586,-0.6180339887498947,1.9021130325903073,-5.706339097770922,-1.854101966249684,5.562305898749052,-17.119017293312766,3.0,2.0943951023931953,0.477464829275686,18.0
vectors,2.0,6.0,0.0,0.6457718232379019,-0.7167358990906005,1.8671608529944035,-5.601482558983211,-2.1502076972718016,6.450623091815405,-16.804447676949632,3.0,2.0943951023931953,0.477464829275686,18.0
vectors,2.0,6.0,0.0,0.6632251157578452,-0.8134732861515998,1.8270909152852022,-5.481272745855606,-2.440419858454799,7.321259575364397,-16.44381823756682,3.0,2.0943951023931953,0.477464829275686,18.0
vectors,2.0,6.0,0.0,0.6806784082777885,-0.9079809994790935,1.7820130483767358,-5.346039145130208,-2.7239429984372805,8.171828995311841,-16.03811743539062,3.0,2.0943951023931953,0.477464829275686,18.0
vectors,2.0,6.0,0.0,0.6981317007977317,-0.9999999999999989,1.732050807568878,-5.196152422706634,-2.9999999999999964,8.99999999999999,-15.588457268119903,3.0,2.0943951023931953,0.477464829275686,18.0
vectors,2.0,6.0,0.0,0.715584993317675,-1.0892780700300535,1.6773411358908485,-5.032023407672545,-3.2678342100901605,9.803502630270481,-15.096070223017637,3.0,2.0943951023931953,0.477464829275686,18.0
vectors,2.0,6.0,0.0,0.7330382858376184,-1.175570504584946,1.618033988749895,-4.854101966249685,-3.5267115137548384,10.580134541264515,-14.562305898749054,3.0,2.0943951023931953,0.477464829275686,18.0
vectors,2.0,6.0,0.0,0.7504915783575616,-1.2586407820996746,1.554291922913942,-4.662875768741826,-3.7759223462990237,11.327767038897072,-13.988627306225478,3.0,2.0943951023931953,0.477464829275686,18.0
vectors,2.0,6.0,0.0,0.767944870877505,-1.3382612127177158,1.486289650954789,-4.458868952864367,-4.014783638153148,12.044350914459443,-13.3766068585931,3.0,2.0943951023931953,0.477464829275686,18.0
vectors,2.0,6.0,0.0,0.7853981633974482,-1.4142135623730943,1.4142135623730958,-4.242640687119287,-4.242640687119283,12.727922061357848,-12.727922061357862,3.0,2.0943951023931953,0.477464829275686,18.0
vectors,2.0,6.0,0.0,0.8028514559173915,-1.4862896509547883,1.3382612127177167,-4.01478363815315,-4.458868952864365,13.376606858593094,-12.04435091445945,3.0,2.0943951023931953,0.477464829275686,18.0
vectors,2.0,6.0,0.0,0.8203047484373348,-1.5542919229139414,1.2586407820996754,-3.7759223462990263,-4.662875768741824,13.988627306225473,-11.327767038897079,3.0,2.0943951023931953,0.477464829275686,18.0
vectors,2.0,6.0,0.0,0.8377580409572781,-1.6180339887498947,1.1755705045849465,-3.5267115137548393,-4.854101966249684,14.562305898749052,-10.580134541264519,3.0,2.0943951023931953,0.477464829275686,18.0
vectors,2.0,6.0,0.0,0.8552113334772214,-1.6773411358908479,1.0892780700300546,-3.2678342100901636,-5.032023407672543,15.09607022301763,-9.803502630270492,3.0,2.0943951023931953,0.477464829275686,18.0
vectors,2.0,6.0,0.0,0.8726646259971648,-1.7320508075688774,0.9999999999999999,-2.9999999999999996,-5.196152422706632,15.588457268119896,-8.999999999999998,3.0,2.0943951023931953,0.477464829275686,18.0
vectors,2.0,6.0,0.0,0.890117918517108,-1.7820130483767356,0.9079809994790937,-2.7239429984372814,-5.346039145130207,16.03811743539062,-8.171828995311843,3.0,2.0943951023931953,0.477464829275686,18.0
vectors,2.0,6.0,0.0,0.9075712110370513,-1.8270909152852015,0.8134732861516009,-2.4404198584548027,-5.4812727458556045,16.443818237566813,-7.321259575364408,3.0,2.0943951023931953,0.477464829275686,18.0
vectors,2.0,6.0,0.0,0.9250245035569945,-1.8671608529944033,0.7167358990906013,-2.150207697271804,-5.60148255898321,16.80444767694963,-6.4506230918154115,3.0,2.0943951023931953,0.477464829275686,18.0
vectors,2.0,6.0,0.0,0.9424777960769378,-1.9021130325903068,0.6180339887498959,-1.8541019662496878,-5.70633909777092,17.119017293312762,-5.562305898749063,3.0,2.0943951023931953,0.477464829275686,18.0
vectors,2.0,6.0,0.0,0.9599310885968813,-1.9318516525781366,0.5176380902050411,-1.5529142706151235,-5.79555495773441,17.38666487320323,-4.658742811845371,3.0,2.0943951023931953,0.477464829275686,18.0
vectors,2.0,6.0,0.0,0.9773843811168245,-1.9562952014676112,0.41582338163551946,-1.2474701449065584,-5.868885604402833,17.6066568132085,-3.742410434719675,3.0,2.0943951023931953,0.477464829275686,18.0
vectors,2.0,6.0,0.0,0.9948376736367678,-1.9753766811902753,0.31286893008046196,-0.9386067902413859,-5.926130043570826,17.778390130712477,-2.8158203707241576,3.0,2.0943951023931953,0.477464829275686,18.0
vectors,2.0,6.0,0.0,1.012290966156711,-1.9890437907365466,0.20905692653530836,-0.627170779605925,-5.967131372209639,17.901394116628918,-1.8815123388177752,3.0,2.0943951023931953,0.477464829275686,18.0
vectors,2.0,6.0,0.0,1.0297442586766543,-1.9972590695091477,0.1046719124858885,-0.31401573745766553,-5.991777208527443,17.975331625582328,-0.9420472123729965,3.0,2.0943951023931953,0.477464829275686,18.0
vectors,2.0,6.0,0.0,1.0471975511965976,-2.0,2.4492935982947064e-16,-7.347880794884119e-16,-6.0,18.0,-2.204364238465236e-15,3.0,2.0943951023931953,0.477464829275686,18.0
vectors,2.0,6.0,0.0,1.064650843716541,-1.9972590695091477,-0.10467191248588713,0.31401573745766137,-5.991777208527443,17.975331625582328,0.9420472123729842,3.0,2.0943951023931953,0.477464829275686,18.0
vectors,2.0,6.0,0.0,1.0821041362364843,-1.9890437907365468,-0.2090569265353061,0.6271707796059183,-5.96713137220964,17.90139411662892,1.881512338817755,3.0,2.0943951023931953,0.477464829275686,18.0
vectors,2.0,6.0,0.0,1.0995574287564274,-1.9753766811902758,-0.31286893008045974,0.9386067902413793,-5.9261300435708275,17.77839013071248,2.8158203707241376,3.0,2.0943951023931953,0.477464829275686,18.0
vectors,2.0,6.0,0.0,1.117010721276371,-1.9562952014676112,-0.415823381635519,1.247470144906557,-5.868885604402833,17.6066568132085,3.7424104347196714,3.0,2.0943951023931953,0.477464829275686,18.0
vectors,2.0,6.0,0.0,1.1344640137963142,-1.9318516525781366,-0.5176380902050416,1.5529142706151249,-5.79555495773441,17.38666487320323,4.658742811845374,3.0,2.0943951023931953,0.477464829275686,18.0
vectors,2.0,6.0,0.0,1.1519173063162573,-1.9021130325903075,-0.6180339887498938,1.8541019662496814,-5.706339097770923,17.11901729331277,5.562305898749044,3.0,2.0943951023931953,0.477464829275686,18.0
vectors,2.0,6.0,0.0,1.1693705988362006,-1.867160852994404,-0.7167358990905992,2.1502076972717976,-5.601482558983212,16.804447676949636,6.450623091815393,3.0,2.0943951023931953,0.477464829275686,18.0
vectors,2.0,6.0,0.0,1.186823891356144,-1.8270909152852022,-0.8134732861515996,2.440419858454799,-5.481272745855606,16.44381823756682,7.3212595753643965,3.0,2.0943951023931953,0.477464829275686,18.0
vectors,2.0,6.0,0.0,1.2042771838760873,-1.7820130483767358,-0.9079809994790934,2.72394299843728,-5.346039145130208,16.03811743539062,8.17182899531184,3.0,2.0943951023931953,0.477464829275686,18.0
vectors,2.0,6.0,0.0,1.2217304763960304,-1.732050807568878,-0.9999999999999988,2.9999999999999964,-5.196152422706634,15.588457268119903,8.99999999999999,3.0,2.0943951023931953,0.477464829275686,18.0
vectors,2.0,6.0,0.0,1.239183768915974,-1.6773411358908485,-1.0892780700300535,3.2678342100901605,-5.032023407672545,15.096070223017637,9.803502630270481,3.0,2.0943951023931953,0.477464829275686,18.0
vectors,2.0,6.0,0.0,1.2566370614359172,-1.618033988749895,-1.175570504584946,3.5267115137548384,-4.854101966249685,14.562305898749054,10.580134541264515,3.0,2.0943951023931953,0.477464829275686,18.0
vectors,2.0,6.0,0.0,1.2740903539558603,-1.5542919229139427,-1.2586407820996737,3.775922346299021,-4.662875768741828,13.988627306225485,11.327767038897063,3.0,2.0943951023931953,0.477464829275686,18.0
vectors,2.0,6.0,0.0,1.2915436464758039,-1.4862896509547885,-1.3382612127177165,4.014783638153149,-4.458868952864366,13.376606858593096,12.044350914459448,3.0,2.0943951023931953,0.477464829275686,18.0
vectors,2.0,6.0,0.0,1.308996938995747,-1.4142135623730958,-1.4142135623730943,4.242640687119283,-4.242640687119287,12.727922061357862,12.727922061357848,3.0,2.0943951023931953,0.477464829275686,18.0
vectors,2.0,6.0,0.0,1.3264502315156903,-1.3382612127177176,-1.4862896509547874,4.458868952864362,-4.014783638153153,12.044350914459459,13.376606858593087,3.0,2.0943951023931953,0.477464829275686,18.0
vectors,2.0,6.0,0.0,1.3439035240356338,-1.2586407820996741,-1.5542919229139422,4.662875768741827,-3.7759223462990223,11.327767038897067,13.98862730622548,3.0,2.0943951023931953,0.477464829275686,18.0
vectors,2.0,6.0,0.0,1.361356816555577,-1.1755705045849465,-1.6180339887498947,4.854101966249684,-3.5267115137548393,10.580134541264519,14.562305898749052,3.0,2.0943951023931953,0.477464829275686,18.0
vectors,2.0,6.0,0.0,1.3788101090755203,-1.089278070030054,-1.6773411358908483,5.032023407672545,-3.267834210090162,9.803502630270486,15.096070223017636,3.0,2.0943951023931953,0.477464829275686,18.0
vectors,2.0,6.0,0.0,1.3962634015954634,-1.0000000000000024,-1.7320508075688759,5.196152422706628,-3.000000000000007,9.000000000000021,15.588457268119882,3.0,2.0943951023931953,0.477464829275686,18.0
vectors,2.0,6.0,0.0,1.413716694115407,-0.9079809994790938,-1.7820130483767356,5.346039145130207,-2.7239429984372814,8.171828995311845,16.03811743539062,3.0,2.0943951023931953,0.477464829275686,18.0
vectors,2.0,6.0,0.0,1.43116998663535,-0.8134732861516019,-1.827090915285201,5.481272745855604,-2.4404198584548054,7.321259575364417,16.44381823756681,3.0,2.0943951023931953,0.477464829275686,18.0
vectors,2.0,6.0,0.0,1.4486232791552933,-0.7167358990906014,-1.8671608529944033,5.60148255898321,-2.1502076972718043,6.450623091815412,16.80444767694963,3.0,2.0943951023931953,0.477464829275686,18.0
vectors,2.0,6.0,0.0,1.4660765716752369,-0.6180339887498951,-1.902113032590307,5.706339097770921,-1.8541019662496854,5.562305898749056,17.119017293312762,3.0,2.0943951023931953,0.477464829275686,18.0
vectors,2.0,6.0,0.0,1.48352986419518,-0.517638090205043,-1.9318516525781362,5.795554957734408,-1.552914270615129,4.6587428118453875,17.386664873203227,3.0,2.0943951023931953,0.477464829275686,18.0
vectors,2.0,6.0,0.0,1.5009831567151233,-0.4158233816355196,-1.9562952014676112,5.868885604402833,-1.2474701449065586,3.7424104347196763,17.6066568132085,3.0,2.0943951023931953,0.477464829275686,18.0
vectors,2.0,6.0,0.0,1.5184364492350666,-0.31286893008046207,-1.9753766811902753,5.926130043570826,-0.9386067902413862,2.8158203707241585,17.778390130712477,3.0,2.0943951023931953,0.477464829275686,18.0
vectors,2.0,6.0,0.0,1.53588974175501,-0.20905692653530847,-1.9890437907365466,5.967131372209639,-0.6271707796059254,1.8815123388177761,17.901394116628918,3.0,2.0943951023931953,0.477464829275686,18.0
vectors,2.0,6.0,0.0,1.553343034274953,-0.10467191248588861,-1.9972590695091477,5.991777208527443,-0.31401573745766587,0.9420472123729975,17.975331625582328,3.0,2.0943951023931953,0.477464829275686,18.0
vectors,2.0,6.0,0.0,1.5707963267948963,-2.1437508791444563e-15,-2.0,6.0,-6.431252637433369e-15,1.9293757912300106e-14,18.0,3.0,2.0943951023931953,0.477464829275686,18.0
vectors,2.0,6.0,0.0,1.5882496193148399,0.10467191248588789,-1.9972590695091477,5.991777208527443,0.31401573745766365,-0.942047212372991,17.975331625582328,3.0,2.0943951023931953,0.477464829275686,18.0
vectors,2.0,6.0,0.0,1.605702911834783,0.20905692653530597,-1.9890437907365468,5.96713137220964,0.6271707796059179,-1.8815123388177537,17.90139411662892,3.0,2.0943951023931953,0.477464829275686,18.0
vectors,2.0,6.0,0.0,1.6231562043547263,0.31286893008045963,-1.9753766811902758,5.9261300435708275,0.9386067902413788,-2.8158203707241367,17.77839013071248,3.0,2.0943951023931953,0.477464829275686,18.0
vectors,2.0,6.0,0.0,1.6406094968746696,0.41582338163551713,-1.9562952014676116,5.868885604402835,1.2474701449065515,-3.742410434719654,17.606656813208506,3.0,2.0943951023931953,0.477464829275686,18.0
vectors,2.0,6.0,0.0,1.658062789394613,0.5176380902050406,-1.9318516525781368,5.79555495773441,1.5529142706151218,-4.658742811845365,17.38666487320323,3.0,2.0943951023931953,0.477464829275686,18.0
vectors,2.0,6.0,0.0,1.6755160819145563,0.6180339887498945,-1.9021130325903073,5.706339097770922,1.8541019662496834,-5.562305898749051,17.119017293312766,3.0,2.0943951023931953,0.477464829275686,18.0
vectors,2.0,6.0,0.0,1.6929693744344996,0.7167358990906008,-1.8671608529944035,5.601482558983211,2.150207697271802,-6.450623091815407,16.804447676949632,3.0,2.0943951023931953,0.477464829275686,18.0
vectors,2.0,6.0,0.0,1.710422666954443,0.8134732861515995,-1.8270909152852022,5.481272745855606,2.4404198584547987,-7.321259575364396,16.44381823756682,3.0,2.0943951023931953,0.477464829275686,18.0
vectors,2.0,6.0,0.0,1.727875959474386,0.9079809994790916,-1.7820130483767367,5.34603914513021,2.7239429984372747,-8.171828995311824,16.03811743539063,3.0,2.0943951023931953,0.477464829275686,18.0
vectors,2.0,6.0,0.0,1.7453292519943295,1.0000000000000002,-1.7320508075688772,5.196152422706632,3.000000000000001,-9.000000000000002,15.588457268119894,3.0,2.0943951023931953,0.477464829275686,18.0
vectors,2.0,6.0,0.0,1.7627825445142726,1.0892780700300533,-1.6773411358908485,5.032023407672545,3.26783421009016,-9.80350263027048,15.096070223017637,3.0,2.0943951023931953,0.477464829275686,18.0
vectors,2.0,6.0,0.0,1.780235837034216,1.1755705045849458,-1.6180339887498951,4.854101966249686,3.5267115137548375,-10.580134541264513,14.562305898749056,3.0,2.0943951023931953,0.477464829275686,18.0
vectors,2.0,6.0,0.0,1.7976891295541593,1.2586407820996737,-1.5542919229139427,4.662875768741828,3.775922346299021,-11.327767038897063,13.988627306225485,3.0,2.0943951023931953,0.477464829275686,18.0
vectors,2.0,6.0,0.0,1.8151424220741026,1.3382612127177156,-1.4862896509547892,4.458868952864368,4.014783638153147,-12.04435091445944,13.376606858593103,3.0,2.0943951023931953,0.477464829275686,18.0
vectors,2.0,6.0,0.0,1.832595714594046,1.4142135623730947,-1.4142135623730954,4.242640687119286,4.242640687119284,-12.727922061357852,12.727922061357859,3.0,2.0943951023931953,0.477464829275686,18.0
vectors,2.0,6.0,0.0,1.850049007113989,1.4862896509547874,-1.3382612127177176,4.014783638153153,4.458868952864362,-13.376606858593087,12.044350914459459,3.0,2.0943951023931953,0.477464829275686,18.0
vectors,2.0,6.0,0.0,1.8675022996339325,1.5542919229139411,-1.2586407820996757,3.7759223462990272,4.662875768741824,-13.988627306225471,11.32776703889708,3.0,2.0943951023931953,0.477464829275686,18.0
vectors,2.0,6.0,0.0,1.8849555921538756,1.6180339887498936,-1.175570504584948,3.526711513754844,4.854101966249681,-14.562305898749042,10.580134541264533,3.0,2.0943951023931953,0.477464829275686,18.0
vectors,2.0,6.0,0.0,1.902408884673819,1.6773411358908472,-1.0892780700300555,3.2678342100901663,5.032023407672542,-15.096070223017625,9.803502630270499,3.0,2.0943951023931953,0.477464829275686,18.0
vectors,2.0,6.0,0.0,1.9198621771937625,1.7320508075688776,-0.9999999999999993,2.9999999999999982,5.196152422706633,-15.5884572681199,8.999999999999995,3.0,2.0943951023931953,0.477464829275686,18.0
vectors,2.0,6.0,0.0,1.9373154697137056,1.7820130483767347,-0.9079809994790956,2.7239429984372867,5.346039145130204,-16.03811743539061,8.171828995311861,3.0,2.0943951023931953,0.477464829275686,18.0
vectors,2.0,6.0,0.0,1.954768762233649,1.827090915285201,-0.8134732861516019,2.4404198584548054,5.481272745855604,-16.44381823756681,7.321259575364417,3.0,2.0943951023931953,0.477464829275686,18.0
vectors,2.0,6.0,0.0,1.972222054753592,1.8671608529944024,-0.7167358990906032,2.1502076972718096,5.601482558983207,-16.80444767694962,6.450623091815428,3.0,2.0943951023931953,0.477464829275686,18.0
vectors,2.0,6.0,0.0,1.9896753472735356,1.902113032590307,-0.6180339887498952,1.8541019662496856,5.706339097770921,-17.119017293312762,5.562305898749057,3.0,2.0943951023931953,0.477464829275686,18.0
vectors,2.0,6.0,0.0,2.007128639793479,1.9318516525781366,-0.5176380902050414,1.552914270615124,5.79555495773441,-17.38666487320323,4.658742811845372,3.0,2.0943951023931953,0.477464829275686,18.0
vectors,2.0,6.0,0.0,2.024581932313422,1.9562952014676107,-0.41582338163552146,1.2474701449065644,5.868885604402832,-17.606656813208495,3.742410434719693,3.0,2.0943951023931953,0.477464829275686,18.0
vectors,2.0,6.0,0.0,2.0420352248333655,1.9753766811902753,-0.31286893008046224,0.9386067902413867,5.926130043570826,-17.778390130712477,2.8158203707241602,3.0,2.0943951023931953,0.477464829275686,18.0
vectors,2.0,6.0,0.0,2.0594885173533086,1.9890437907365466,-0.2090569265353086,0.6271707796059258,5.967131372209639,-17.901394116628918,1.8815123388177775,3.0,2.0943951023931953,0.477464829275686,18.0
vectors,2.0,6.0,0.0,2.076941809873252,1.9972590695091477,-0.10467191248588874,0.3140157374576662,5.991777208527443,-17.975331625582328,0.9420472123729986,3.0,2.0943951023931953,0.477464829275686,18.0
vectors,2.0,6.0,0.0,2.0943951023931953,2.0,-4.898587196589413e-16,1.4695761589768238e-15,6.0,-18.0,4.408728476930472e-15,3.0,2.0943951023931953,0.477464829275686,18.0
disk,0.6,2.4,0.0,0.0,0.6,0.0,-0.0,2.4,-9.6,-0.0,4.0,1.5707963267948966,0.6366197723675814,9.6
disk,0.6,2.4,0.0,0.01308996938995747,0.5991777208527442,0.0314015737457663,-0.1256062949830652,2.396710883410977,-9.586843533643908,-0.5024251799322608,4.0,1.5707963267948966,0.6366197723675814,9.6
disk,0.6,2.4,0.0,0.02617993877991494,0.596713137220964,0.06271707796059207,-0.2508683118423683,2.386852548883856,-9.547410195535424,-1.0034732473694732,4.0,1.5707963267948966,0.6366197723675814,9.6
disk,0.6,2.4,0.0,0.039269908169872414,0.5926130043570826,0.09386067902413851,-0.37544271609655405,2.3704520174283306,-9.481808069713322,-1.5017708643862162,4.0,1.5707963267948966,0.6366197723675814,9.6
disk,0.6,2.4,0.0,0.05235987755982988,0.5868885604402834,0.12474701449065559,-0.49898805796262236,2.3475542417611335,-9.390216967044534,-1.9959522318504894,4.0,1.5707963267948966,0.6366197723675814,9.6
disk,0.6,2.4,0.0,0.06544984694978735,0.579555495773441,0.15529142706151244,-0.6211657082460498,2.318221983093764,-9.272887932375056,-2.484662832984199,4.0,1.5707963267948966,0.6366197723675814,9.6
disk,0.6,2.4,0.0,0.07853981633974483,0.570633909777092,0.18541019662496844,-0.7416407864998737,2.282535639108368,-9.130142556433473,-2.966563145999495,4.0,1.5707963267948966,0.6366197723675814,9.6
disk,0.6,2.4,0.0,0.0916297857297023,0.5601482558983211,0.21502076972718015,-0.8600830789087206,2.2405930235932843,-8.962372094373137,-3.4403323156348824,4.0,1.5707963267948966,0.6366197723675814,9.6
disk,0.6,2.4,0.0,0.10471975511965977,0.5481272745855605,0.2440419858454801,-0.9761679433819204,2.192509098342242,-8.770036393368969,-3.9046717735276815,4.0,1.5707963267948966,0.6366197723675814,9.6
disk,0.6,2.4,0.0,0.11780972450961724,0.5346039145130207,0.27239429984372804,-1.0895771993749122,2.138415658052083,-8.553662632208331,-4.358308797499649,4.0,1.5707963267948966,0.6366197723675814,9.6
disk,0.6,2.4,0.0,0.1308996938995747,0.5196152422706632,0.29999999999999993,-1.1999999999999997,2.078460969082653,-8.313843876330612,-4.799999999999999,4.0,1.5707963267948966,0.6366197723675814,9.6
disk,0.6,2.4,0.0,0.14398966328953217,0.5032023407672545,0.3267834210090162,-1.3071336840360648,2.012809363069018,-8.051237452276071,-5.228534736144259,4.0,1.5707963267948966,0.6366197723675814,9.6
disk,0.6,2.4,0.0,0.15707963267948966,0.4854101966249684,0.3526711513754839,-1.4106846055019355,1.9416407864998737,-7.766563145999495,-5.642738422007742,4.0,1.5707963267948966,0.6366197723675814,9.6
disk,0.6,2.4,0.0,0.17016960206944715,0.46628757687418243,0.3775922346299025,-1.51036893851961,1.8651503074967297,-7.460601229986919,-6.04147575407844,4.0,1.5707963267948966,0.6366197723675814,9.6
disk,0.6,2.4,0.0,0.1832595714594046,0.44588689528643655,0.40147836381531493,-1.6059134552612597,1.7835475811457462,-7.134190324582985,-6.423653821045039,4.0,1.5707963267948966,0.6366197723675814,9.6
disk,0.6,2.4,0.0,0.19634954084936204,0.4242640687119286,0.42426406871192845,-1.6970562748477138,1.6970562748477145,-6.788225099390858,-6.788225099390855,4.0,1.5707963267948966,0.6366197723675814,9.6
disk,0.6,2.4,0.0,0.20943951023931953,0.40147836381531493,0.4458868952864365,-1.783547581145746,1.6059134552612597,-6.423653821045039,-7.134190324582984,4.0,1.5707963267948966,0.6366197723675814,9.6
disk,0.6,2.4,0.0,0.22252947962927702,0.3775922346299025,0.46628757687418254,-1.8651503074967302,1.51036893851961,-6.04147575407844,-7.460601229986921,4.0,1.5707963267948966,0.6366197723675814,9.6
disk,0.6,2.4,0.0,0.23561944901923448,0.3526711513754839,0.4854101966249684,-1.9416407864998737,1.4106846055019355,-5.642738422007742,-7.766563145999495,4.0,1.5707963267948966,0.6366197723675814,9.6
disk,0.6,2.4,0.0,0.24870941840919195,0.3267834210090163,0.5032023407672543,-2.0128093630690174,1.3071336840360652,-5.228534736144261,-8.05123745227607,4.0,1.5707963267948966,0.6366197723675814,9.6
disk,0.6,2.4,0.0,0.2617993877991494,0.30000000000000004,0.5196152422706631,-2.0784609690826525,1.2000000000000002,-4.800000000000001,-8.31384387633061,4.0,1.5707963267948966,0.6366197723675814,9.6
disk,0.6,2.4,0.0,0.2748893571891069,0.2723942998437281,0.5346039145130207,-2.138415658052083,1.0895771993749124,-4.3583087974996495,-8.553662632208331,4.0,1.5707963267948966,0.6366197723675814,9.6
disk,0.6,2.4,0.0,0.28797932657906433,0.2440419858454802,0.5481272745855605,-2.192509098342242,0.9761679433819208,-3.9046717735276832,-8.770036393368969,4.0,1.5707963267948966,0.6366197723675814,9.6
disk,0.6,2.4,0.0,0.3010692959690218,0.21502076972718023,0.5601482558983211,-2.2405930235932843,0.8600830789087209,-3.4403323156348837,-8.962372094373137,4.0,1.5707963267948966,0.6366197723675814,9.6
disk,0.6,2.4,0.0,0.3141592653589793,0.18541019662496847,0.570633909777092,-2.282535639108368,0.7416407864998739,-2.9665631459994954,-9.130142556433473,4.0,1.5707963267948966,0.6366197723675814,9.6
disk,0.6,2.4,0.0,0.3272492347489368,0.15529142706151244,0.579555495773441,-2.318221983093764,0.6211657082460498,-2.484662832984199,-9.272887932375056,4.0,1.5707963267948966,0.6366197723675814,9.6
disk,0.6,2.4,0.0,0.3403392041388943,0.12474701449065553,0.5868885604402834,-2.3475542417611335,0.49898805796262213,-1.9959522318504885,-9.390216967044534,4.0,1.5707963267948966,0.6366197723675814,9.6
disk,0.6,2.4,0.0,0.3534291735288517,0.09386067902413855,0.5926130043570826,-2.3704520174283306,0.3754427160965542,-1.5017708643862169,-9.481808069713322,4.0,1.5707963267948966,0.6366197723675814,9.6
disk,0.6,2.4,0.0,0.3665191429188092,0.06271707796059207,0.596713137220964,-2.386852548883856,0.2508683118423683,-1.0034732473694732,-9.547410195535424,4.0,1.5707963267948966,0.6366197723675814,9.6
disk,0.6,2.4,0.0,0.3796091123087667,0.03140157374576624,0.5991777208527442,-2.396710883410977,0.12560629498306497,-0.5024251799322599,-9.586843533643908,4.0,1.5707963267948966,0.6366197723675814,9.6
disk,0.6,2.4,0.0,0.3926990816987241,1.699661669294394e-16,0.6,-2.4,6.798646677177576e-16,-2.7194586708710303e-15,-9.6,4.0,1.5707963267948966,0.6366197723675814,9.6
disk,0.6,2.4,0.0,0.4057890510886816,-0.03140157374576617,0.5991777208527442,-2.396710883410977,-0.1256062949830647,0.5024251799322588,-9.586843533643908,4.0,1.5707963267948966,0.6366197723675814,9.6
disk,0.6,2.4,0.0,0.41887902047863906,-0.06271707796059199,0.596713137220964,-2.386852548883856,-0.25086831184236796,1.0034732473694719,-9.547410195535424,4.0,1.5707963267948966,0.6366197723675814,9.6
disk,0.6,2.4,0.0,0.43196898986859655,-0.09386067902413849,0.5926130043570826,-2.3704520174283306,-0.37544271609655394,1.5017708643862158,-9.481808069713322,4.0,1.5707963267948966,0.6366197723675814,9.6
disk,0.6,2.4,0.0,0.44505895925855404,-0.1247470144906556,0.5868885604402834,-2.3475542417611335,-0.4989880579626224,1.9959522318504896,-9.390216967044534,4.0,1.5707963267948966,0.6366197723675814,9.6
disk,0.6,2.4,0.0,0.4581489286485115,-0.15529142706151236,0.579555495773441,-2.318221983093764,-0.6211657082460494,2.4846628329841978,-9.272887932375056,4.0,1.5707963267948966,0.6366197723675814,9.6
disk,0.6,2.4,0.0,0.47123889803846897,-0.1854101966249684,0.5706339097770922,-2.2825356391083687,-0.7416407864998736,2.9665631459994946,-9.130142556433475,4.0,1.5707963267948966,0.6366197723675814,9.6
disk,0.6,2.4,0.0,0.48432886742842646,-0.21502076972718015,0.5601482558983211,-2.2405930235932843,-0.8600830789087206,3.4403323156348824,-8.962372094373137,4.0,1.5707963267948966,0.6366197723675814,9.6
disk,0.6,2.4,0.0,0.4974188368183839,-0.24404198584548004,0.5481272745855605,-2.192509098342242,-0.9761679433819201,3.9046717735276806,-8.770036393368969,4.0,1.5707963267948966,0.6366197723675814,9.6
disk,0.6,2.4,0.0,0.5105088062083414,-0.27239429984372804,0.5346039145130207,-2.138415658052083,-1.0895771993749122,4.358308797499649,-8.553662632208331,4.0,1.5707963267948966,0.6366197723675814,9.6
disk,0.6,2.4,0.0,0.5235987755982988,-0.2999999999999999,0.5196152422706632,-2.078460969082653,-1.1999999999999995,4.799999999999998,-8.313843876330612,4.0,1.5707963267948966,0.6366197723675814,9.6
disk,0.6,2.4,0.0,0.5366887449882562,-0.32678342100901603,0.5032023407672546,-2.0128093630690183,-1.3071336840360641,5.2285347361442565,-8.051237452276073,4.0,1.5707963267948966,0.6366197723675814,9.6
disk,0.6,2.4,0.0,0.5497787143782138,-0.3526711513754838,0.4854101966249684,-1.9416407864998737,-1.4106846055019353,5.642738422007741,-7.766563145999495,4.0,1.5707963267948966,0.6366197723675814,9.6
disk,0.6,2.4,0.0,0.5628686837681712,-0.3775922346299024,0.4662875768741826,-1.8651503074967304,-1.5103689385196095,6.041475754078438,-7.4606012299869215,4.0,1.5707963267948966,0.6366197723675814,9.6
disk,0.6,2.4,0.0,0.5759586531581287,-0.4014783638153147,0.44588689528643666,-1.7835475811457466,-1.6059134552612588,6.423653821045035,-7.1341903245829865,4.0,1.5707963267948966,0.6366197723675814,9.6
disk,0.6,2.4,0.0,0.5890486225480862,-0.42426406871192845,0.4242640687119285,-1.697056274847714,-1.6970562748477138,6.788225099390855,-6.788225099390856,4.0,1.5707963267948966,0.6366197723675814,9.6
disk,0.6,2.4,0.0,0.6021385919380436,-0.4458868952864365,0.401478363815315,-1.60591345526126,-1.783547581145746,7.134190324582984,-6.42365382104504,4.0,1.5707963267948966,0.6366197723675814,9.6
disk,0.6,2.4,0.0,0.6152285613280012,-0.46628757687418254,0.37759223462990243,-1.5103689385196097,-1.8651503074967302,7.460601229986921,-6.041475754078439,4.0,1.5707963267948966,0.6366197723675814,9.6
disk,0.6,2.4,0.0,0.6283185307179586,-0.48541019662496837,0.35267115137548394,-1.4106846055019358,-1.9416407864998735,7.766563145999494,-5.642738422007743,4.0,1.5707963267948966,0.6366197723675814,9.6
disk,0.6,2.4,0.0,0.6414085001079161,-0.5032023407672543,0.32678342100901636,-1.3071336840360654,-2.0128093630690174,8.05123745227607,-5.228534736144262,4.0,1.5707963267948966,0.6366197723675814,9.6
disk,0.6,2.4,0.0,0.6544984694978736,-0.5196152422706632,0.29999999999999993,-1.1999999999999997,-2.078460969082653,8.313843876330612,-4.799999999999999,4.0,1.5707963267948966,0.6366197723675814,9.6
disk,0.6,2.4,0.0,0.667588438887831,-0.5346039145130207,0.2723942998437281,-1.0895771993749124,-2.138415658052083,8.553662632208331,-4.3583087974996495,4.0,1.5707963267948966,0.6366197723675814,9.6
disk,0.6,2.4,0.0,0.6806784082777886,-0.5481272745855605,0.24404198584548,-0.97616794338192,-2.192509098342242,8.770036393368969,-3.90467177352768,4.0,1.5707963267948966,0.6366197723675814,9.6
disk,0.6,2.4,0.0,0.693768377667746,-0.5601482558983211,0.21502076972718012,-0.8600830789087205,-2.2405930235932843,8.962372094373137,-3.440332315634882,4.0,1.5707963267948966,0.6366197723675814,9.6
disk,0.6,2.4,0.0,0.7068583470577035,-0.570633909777092,0.1854101966249685,-0.741640786499874,-2.282535639108368,9.130142556433473,-2.966563145999496,4.0,1.5707963267948966,0.6366197723675814,9.6
disk,0.6,2.4,0.0,0.719948316447661,-0.579555495773441,0.15529142706151233,-0.6211657082460493,-2.318221983093764,9.272887932375056,-2.4846628329841973,4.0,1.5707963267948966,0.6366197723675814,9.6
disk,0.6,2.4,0.0,0.7330382858376184,-0.5868885604402834,0.12474701449065559,-0.49898805796262236,-2.3475542417611335,9.390216967044534,-1.9959522318504894,4.0,1.5707963267948966,0.6366197723675814,9.6
disk,0.6,2.4,0.0,0.7461282552275759,-0.5926130043570825,0.09386067902413858,-0.37544271609655433,-2.37045201742833,9.48180806971332,-1.5017708643862173,4.0,1.5707963267948966,0.6366197723675814,9.6
disk,0.6,2.4,0.0,0.7592182246175334,-0.596713137220964,0.06271707796059198,-0.2508683118423679,-2.386852548883856,9.547410195535424,-1.0034732473694716,4.0,1.5707963267948966,0.6366197723675814,9.6
disk,0.6,2.4,0.0,0.7723081940074908,-0.5991777208527442,0.031401573745766284,-0.12560629498306514,-2.396710883410977,9.586843533643908,-0.5024251799322605,4.0,1.5707963267948966,0.6366197723675814,9.6
disk,0.6,2.4,0.0,0.7853981633974482,-0.6,3.399323338588788e-16,-1.3597293354355151e-15,-2.4,9.6,-5.4389173417420606e-15,4.0,1.5707963267948966,0.6366197723675814,9.6
disk,0.6,2.4,0.0,0.7984881327874057,-0.5991777208527442,-0.03140157374576614,0.12560629498306455,-2.396710883410977,9.586843533643908,0.5024251799322582,4.0,1.5707963267948966,0.6366197723675814,9.6
disk,0.6,2.4,0.0,0.8115781021773631,-0.596713137220964,-0.06271707796059182,0.2508683118423673,-2.386852548883856,9.547410195535424,1.0034732473694692,4.0,1.5707963267948966,0.6366197723675814,9.6
disk,0.6,2.4,0.0,0.8246680715673207,-0.5926130043570826,-0.09386067902413843,0.3754427160965537,-2.3704520174283306,9.481808069713322,1.5017708643862149,4.0,1.5707963267948966,0.6366197723675814,9.6
disk,0.6,2.4,0.0,0.8377580409572781,-0.5868885604402834,-0.12474701449065544,0.49898805796262174,-2.3475542417611335,9.390216967044534,1.995952231850487,4.0,1.5707963267948966,0.6366197723675814,9.6
disk,0.6,2.4,0.0,0.8508480103472356,-0.579555495773441,-0.1552914270615122,0.6211657082460488,-2.318221983093764,9.272887932375056,2.484662832984195,4.0,1.5707963267948966,0.6366197723675814,9.6
disk,0.6,2.4,0.0,0.8639379797371931,-0.5706339097770922,-0.18541019662496835,0.7416407864998734,-2.2825356391083687,9.130142556433475,2.9665631459994937,4.0,1.5707963267948966,0.6366197723675814,9.6
disk,0.6,2.4,0.0,0.8770279491271505,-0.5601482558983211,-0.21502076972717998,0.8600830789087199,-2.2405930235932843,8.962372094373137,3.4403323156348797,4.0,1.5707963267948966,0.6366197723675814,9.6
disk,0.6,2.4,0.0,0.8901179185171081,-0.5481272745855605,-0.24404198584548012,0.9761679433819205,-2.192509098342242,8.770036393368969,3.904671773527682,4.0,1.5707963267948966,0.6366197723675814,9.6
disk,0.6,2.4,0.0,0.9032078879070655,-0.5346039145130207,-0.272394299843728,1.089577199374912,-2.138415658052083,8.553662632208331,4.358308797499648,4.0,1.5707963267948966,0.6366197723675814,9.6
disk,0.6,2.4,0.0,0.916297857297023,-0.5196152422706632,-0.2999999999999998,1.1999999999999993,-2.078460969082653,8.313843876330612,4.799999999999997,4.0,1.5707963267948966,0.6366197723675814,9.6
disk,0.6,2.4,0.0,0.9293878266869805,-0.5032023407672545,-0.32678342100901625,1.307133684036065,-2.012809363069018,8.051237452276071,5.22853473614426,4.0,1.5707963267948966,0.6366197723675814,9.6
disk,0.6,2.4,0.0,0.9424777960769379,-0.4854101966249684,-0.3526711513754838,1.4106846055019353,-1.9416407864998737,7.766563145999495,5.642738422007741,4.0,1.5707963267948966,0.6366197723675814,9.6
disk,0.6,2.4,0.0,0.9555677654668954,-0.46628757687418265,-0.3775922346299024,1.5103689385196095,-1.8651503074967306,7.460601229986922,6.041475754078438,4.0,1.5707963267948966,0.6366197723675814,9.6
disk,0.6,2.4,0.0,0.9686577348568529,-0.44588689528643655,-0.40147836381531493,1.6059134552612597,-1.7835475811457462,7.134190324582985,6.423653821045039,4.0,1.5707963267948966,0.6366197723675814,9.6
disk,0.6,2.4,0.0,0.9817477042468103,-0.4242640687119286,-0.42426406871192845,1.6970562748477138,-1.6970562748477145,6.788225099390858,6.788225099390855,4.0,1.5707963267948966,0.6366197723675814,9.6
disk,0.6,2.4,0.0,0.9948376736367678,-0.40147836381531504,-0.4458868952864364,1.7835475811457455,-1.6059134552612602,6.423653821045041,7.134190324582982,4.0,1.5707963267948966,0.6366197723675814,9.6
disk,0.6,2.4,0.0,1.0079276430267252,-0.3775922346299027,-0.4662875768741823,1.8651503074967293,-1.5103689385196108,6.041475754078443,7.460601229986917,4.0,1.5707963267948966,0.6366197723675814,9.6
disk,0.6,2.4,0.0,1.0210176124166828,-0.35267115137548394,-0.48541019662496837,1.9416407864998735,-1.4106846055019358,5.642738422007743,7.766563145999494,4.0,1.5707963267948966,0.6366197723675814,9.6
disk,0.6,2.4,0.0,1.0341075818066403,-0.3267834210090162,-0.5032023407672545,2.012809363069018,-1.3071336840360648,5.228534736144259,8.051237452276071,4.0,1.5707963267948966,0.6366197723675814,9.6
disk,0.6,2.4,0.0,1.0471975511965976,-0.30000000000000027,-0.519615242270663,2.078460969082652,-1.200000000000001,4.800000000000004,8.313843876330608,4.0,1.5707963267948966,0.6366197723675814,9.6
disk,0.6,2.4,0.0,1.0602875205865552,-0.27239429984372815,-0.5346039145130207,2.138415658052083,-1.0895771993749126,4.35830879749965,8.553662632208331,4.0,1.5707963267948966,0.6366197723675814,9.6
disk,0.6,2.4,0.0,1.0733774899765125,-0.24404198584548054,-0.5481272745855603,2.1925090983422413,-0.9761679433819221,3.9046717735276886,8.770036393368965,4.0,1.5707963267948966,0.6366197723675814,9.6
disk,0.6,2.4,0.0,1.0864674593664703,-0.21502076972717993,-0.5601482558983211,2.2405930235932843,-0.8600830789087197,3.440332315634879,8.962372094373137,4.0,1.5707963267948966,0.6366197723675814,9.6
disk,0.6,2.4,0.0,1.0995574287564276,-0.18541019662496852,-0.570633909777092,2.282535639108368,-0.7416407864998741,2.9665631459994963,9.130142556433473,4.0,1.5707963267948966,0.6366197723675814,9.6
disk,0.6,2.4,0.0,1.1126473981463851,-0.15529142706151236,-0.579555495773441,2.318221983093764,-0.6211657082460494,2.4846628329841978,9.272887932375056,4.0,1.5707963267948966,0.6366197723675814,9.6
disk,0.6,2.4,0.0,1.1257373675363425,-0.12474701449065587,-0.5868885604402834,2.3475542417611335,-0.49898805796262347,1.9959522318504939,9.390216967044534,4.0,1.5707963267948966,0.6366197723675814,9.6
disk,0.6,2.4,0.0,1.1388273369263,-0.09386067902413862,-0.5926130043570825,2.37045201742833,-0.3754427160965545,1.501770864386218,9.48180806971332,4.0,1.5707963267948966,0.6366197723675814,9.6
disk,0.6,2.4,0.0,1.1519173063162573,-0.06271707796059253,-0.596713137220964,2.386852548883856,-0.25086831184237013,1.0034732473694805,9.547410195535424,4.0,1.5707963267948966,0.6366197723675814,9.6
disk,0.6,2.4,0.0,1.165007275706215,-0.031401573745766055,-0.5991777208527443,2.3967108834109774,-0.12560629498306422,0.5024251799322569,9.58684353364391,4.0,1.5707963267948966,0.6366197723675814,9.6
disk,0.6,2.4,0.0,1.1780972450961724,-1.1021821192326178e-16,-0.6,2.4,-4.408728476930471e-16,1.7634913907721885e-15,9.6,4.0,1.5707963267948966,0.6366197723675814,9.6
disk,0.6,2.4,0.0,1.19118721448613,0.03140157374576637,-0.5991777208527442,2.396710883410977,0.12560629498306547,-0.5024251799322619,9.586843533643908,4.0,1.5707963267948966,0.6366197723675814,9.6
disk,0.6,2.4,0.0,1.2042771838760873,0.06271707796059178,-0.596713137220964,2.386852548883856,0.25086831184236713,-1.0034732473694685,9.547410195535424,4.0,1.5707963267948966,0.6366197723675814,9.6
disk,0.6,2.4,0.0,1.2173671532660448,0.0938606790241384,-0.5926130043570826,2.3704520174283306,0.3754427160965536,-1.5017708643862144,9.481808069713322,4.0,1.5707963267948966,0.6366197723675814,9.6
disk,0.6,2.4,0.0,1.2304571226560024,0.12474701449065564,-0.5868885604402834,2.3475542417611335,0.4989880579626226,-1.9959522318504903,9.390216967044534,4.0,1.5707963267948966,0.6366197723675814,9.6
disk,0.6,2.4,0.0,1.24354709204596,0.15529142706151267,-0.5795554957734409,2.3182219830937636,0.6211657082460507,-2.4846628329842027,9.272887932375054,4.0,1.5707963267948966,0.6366197723675814,9.6
disk,0.6,2.4,0.0,1.2566370614359172,0.18541019662496833,-0.5706339097770922,2.2825356391083687,0.7416407864998733,-2.9665631459994932,9.130142556433475,4.0,1.5707963267948966,0.6366197723675814,9.6
disk,0.6,2.4,0.0,1.2697270308258746,0.21502076972717973,-0.5601482558983212,2.2405930235932847,0.8600830789087189,-3.4403323156348757,8.962372094373139,4.0,1.5707963267948966,0.6366197723675814,9.6
disk,0.6,2.4,0.0,1.2828170002158321,0.24404198584547984,-0.5481272745855607,2.1925090983422426,0.9761679433819194,-3.9046717735276775,8.77003639336897,4.0,1.5707963267948966,0.6366197723675814,9.6
disk,0.6,2.4,0.0,1.2959069696057897,0.272394299843728,-0.5346039145130208,2.1384156580520832,1.089577199374912,-4.358308797499648,8.553662632208333,4.0,1.5707963267948966,0.6366197723675814,9.6
disk,0.6,2.4,0.0,1.3089969389957472,0.30000000000000004,-0.5196152422706631,2.0784609690826525,1.2000000000000002,-4.800000000000001,8.31384387633061,4.0,1.5707963267948966,0.6366197723675814,9.6
disk,0.6,2.4,0.0,1.3220869083857045,0.326783421009016,-0.5032023407672546,2.0128093630690183,1.307133684036064,-5.228534736144256,8.051237452276073,4.0,1.5707963267948966,0.6366197723675814,9.6
disk,0.6,2.4,0.0,1.335176877775662,0.3526711513754837,-0.48541019662496854,1.9416407864998741,1.4106846055019349,-5.6427384220077395,7.766563145999497,4.0,1.5707963267948966,0.6366197723675814,9.6
disk,0.6,2.4,0.0,1.3482668471656194,0.3775922346299021,-0.46628757687418276,1.865150307496731,1.5103689385196084,-6.041475754078434,7.460601229986924,4.0,1.5707963267948966,0.6366197723675814,9.6
disk,0.6,2.4,0.0,1.3613568165555772,0.40147836381531504,-0.4458868952864364,1.7835475811457455,1.6059134552612602,-6.423653821045041,7.134190324582982,4.0,1.5707963267948966,0.6366197723675814,9.6
disk,0.6,2.4,0.0,1.3744467859455345,0.4242640687119284,-0.4242640687119286,1.6970562748477145,1.6970562748477136,-6.788225099390854,6.788225099390858,4.0,1.5707963267948966,0.6366197723675814,9.6
disk,0.6,2.4,0.0,1.387536755335492,0.44588689528643655,-0.4014783638153149,1.6059134552612595,1.7835475811457462,-7.134190324582985,6.423653821045038,4.0,1.5707963267948966,0.6366197723675814,9.6
disk,0.6,2.4,0.0,1.4006267247254494,0.4662875768741823,-0.3775922346299027,1.5103689385196108,1.8651503074967293,-7.460601229986917,6.041475754078443,4.0,1.5707963267948966,0.6366197723675814,9.6
disk,0.6,2.4,0.0,1.413716694115407,0.48541019662496837,-0.352671151375484,1.410684605501936,1.9416407864998735,-7.766563145999494,5.642738422007744,4.0,1.5707963267948966,0.6366197723675814,9.6
disk,0.6,2.4,0.0,1.4268066635053642,0.5032023407672541,-0.32678342100901664,1.3071336840360666,2.0128093630690165,-8.051237452276066,5.228534736144266,4.0,1.5707963267948966,0.6366197723675814,9.6
disk,0.6,2.4,0.0,1.439896632895322,0.5196152422706632,-0.29999999999999977,1.199999999999999,2.078460969082653,-8.313843876330612,4.799999999999996,4.0,1.5707963267948966,0.6366197723675814,9.6
disk,0.6,2.4,0.0,1.4529866022852793,0.5346039145130207,-0.27239429984372815,1.0895771993749126,2.138415658052083,-8.553662632208331,4.35830879749965,4.0,1.5707963267948966,0.6366197723675814,9.6
disk,0.6,2.4,0.0,1.4660765716752369,0.5481272745855605,-0.2440419858454801,0.9761679433819204,2.192509098342242,-8.770036393368969,3.9046717735276815,4.0,1.5707963267948966,0.6366197723675814,9.6
disk,0.6,2.4,0.0,1.4791665410651942,0.5601482558983208,-0.21502076972718046,0.8600830789087218,2.2405930235932834,-8.962372094373134,3.4403323156348873,4.0,1.5707963267948966,0.6366197723675814,9.6
disk,0.6,2.4,0.0,1.4922565104551517,0.570633909777092,-0.18541019662496858,0.7416407864998743,2.282535639108368,-9.130142556433473,2.966563145999497,4.0,1.5707963267948966,0.6366197723675814,9.6
disk,0.6,2.4,0.0,1.5053464798451093,0.579555495773441,-0.15529142706151242,0.6211657082460497,2.318221983093764,-9.272887932375056,2.4846628329841987,4.0,1.5707963267948966,0.6366197723675814,9.6
disk,0.6,2.4,0.0,1.5184364492350668,0.5868885604402834,-0.12474701449065538,0.4989880579626215,2.3475542417611335,-9.390216967044534,1.995952231850486,4.0,1.5707963267948966,0.6366197723675814,9.6
disk,0.6,2.4,0.0,1.5315264186250241,0.5926130043570825,-0.09386067902413867,0.37544271609655466,2.37045201742833,-9.48180806971332,1.5017708643862187,4.0,1.5707963267948966,0.6366197723675814,9.6
disk,0.6,2.4,0.0,1.5446163880149817,0.596713137220964,-0.06271707796059205,0.2508683118423682,2.386852548883856,-9.547410195535424,1.0034732473694727,4.0,1.5707963267948966,0.6366197723675814,9.6
disk,0.6,2.4,0.0,1.557706357404939,0.5991777208527442,-0.03140157374576662,0.12560629498306647,2.396710883410977,-9.586843533643908,0.5024251799322659,4.0,1.5707963267948966,0.6366197723675814,9.6
disk,0.6,2.4,0.0,1.5707963267948963,0.6,-6.798646677177576e-16,2.7194586708710303e-15,2.4,-9.6,1.0877834683484121e-14,4.0,1.5707963267948966,0.6366197723675814,9.6
