preset,inclination,radius_sum,radius_ratio,brightness_ratio,eccentricity,omega,mass_ratio,phase,x,y,z,separation,uniform_flux,limb_flux,p_a,p_b
twins,90,0.24,1,1,0,0,1,0,1,1.59122310278e-40,2.59866453559e-24,1,1,1,0.24,0.24
twins,90,0.24,1,1,0,0,1,0.025,0.987688340595,9.57884834439e-18,0.15643446504,0.987688340595,1,1,0.24,0.24
twins,90,0.24,1,1,0,0,1,0.05,0.951056516295,1.89218336522e-17,0.309016994375,0.951056516295,1,1,0.24,0.24
twins,90,0.24,1,1,0,0,1,0.075,0.891006524188,2.77989006175e-17,0.45399049974,0.891006524188,1,1,0.24,0.24
twins,90,0.24,1,1,0,0,1,0.1,0.809016994375,3.59914663903e-17,0.587785252292,0.809016994375,1,1,0.24,0.24
twins,90,0.24,1,1,0,0,1,0.125,0.707106781187,4.32978028118e-17,0.707106781187,0.707106781187,1,1,0.24,0.24
twins,90,0.24,1,1,0,0,1,0.15,0.587785252292,4.95380036309e-17,0.809016994375,0.587785252292,1,1,0.24,0.24
twins,90,0.24,1,1,0,0,1,0.175,0.45399049974,5.45584143933e-17,0.891006524188,0.45399049974,1,1,0.24,0.24
twins,90,0.24,1,1,0,0,1,0.2,0.309016994375,5.82354159245e-17,0.951056516295,0.309016994375,1,1,0.24,0.24
twins,90,0.24,1,1,0,0,1,0.21,0.248689887165,5.93086133992e-17,0.968583161129,0.248689887165,1,1,0.24,0.24
twins,90,0.24,1,1,0,0,1,0.215,0.218143241397,5.97576669371e-17,0.975916761939,0.218143241397,0.983731696267,0.98764340614,0.24,0.24
twins,90,0.24,1,1,0,0,1,0.22,0.187381314586,6.01477468724e-17,0.982287250729,0.187381314586,0.94045132621,0.946829465058,0.24,0.24
twins,90,0.24,1,1,0,0,1,0.225,0.15643446504,6.04784682432e-17,0.987688340595,0.15643446504,0.883337488562,0.887326594267,0.24,0.24
twins,90,0.24,1,1,0,0,1,0.23,0.125333233564,6.07495046676e-17,0.992114701314,0.125333233564,0.816657851265,0.81479596842,0.24,0.24
twins,90,0.24,1,1,0,0,1,0.235,0.0941083133185,6.09605886652e-17,0.995561964603,0.0941083133185,0.743076708996,0.733864435275,0.24,0.24
twins,90,0.24,1,1,0,0,1,0.24,0.0627905195293,6.11115119217e-17,0.998026728428,0.0627905195293,0.664636919616,0.649190484643,0.24,0.24
twins,90,0.24,1,1,0,0,1,0.245,0.0314107590781,6.12021254939e-17,0.999506560366,0.0314107590781,0.583081146349,0.566786189165,0.24,0.24
twins,90,0.24,1,1,0,0,1,0.25,6.12323399574e-17,6.12323399574e-17,1,8.65956056235e-17,0.5,0.5,0.24,0.24
twins,90,0.24,1,1,0,0,1,0.255,-0.0314107590781,6.12021254939e-17,0.999506560366,0.0314107590781,0.583081146349,0.566786189165,0.24,0.24
twins,90,0.24,1,1,0,0,1,0.26,-0.0627905195293,6.11115119217e-17,0.998026728428,0.0627905195293,0.664636919616,0.649190484643,0.24,0.24
twins,90,0.24,1,1,0,0,1,0.265,-0.0941083133185,6.09605886652e-17,0.995561964603,0.0941083133185,0.743076708996,0.733864435275,0.24,0.24
twins,90,0.24,1,1,0,0,1,0.27,-0.125333233564,6.07495046676e-17,0.992114701314,0.125333233564,0.816657851265,0.81479596842,0.24,0.24
twins,90,0.24,1,1,0,0,1,0.275,-0.15643446504,6.04784682432e-17,0.987688340595,0.15643446504,0.883337488562,0.887326594267,0.24,0.24
twins,90,0.24,1,1,0,0,1,0.28,-0.187381314586,6.01477468724e-17,0.982287250729,0.187381314586,0.94045132621,0.946829465058,0.24,0.24
twins,90,0.24,1,1,0,0,1,0.285,-0.218143241397,5.97576669371e-17,0.975916761939,0.218143241397,0.983731696267,0.98764340614,0.24,0.24
twins,90,0.24,1,1,0,0,1,0.29,-0.248689887165,5.93086133992e-17,0.968583161129,0.248689887165,1,1,0.24,0.24
twins,90,0.24,1,1,0,0,1,0.3,-0.309016994375,5.82354159245e-17,0.951056516295,0.309016994375,1,1,0.24,0.24
twins,90,0.24,1,1,0,0,1,0.325,-0.45399049974,5.45584143933e-17,0.891006524188,0.45399049974,1,1,0.24,0.24
twins,90,0.24,1,1,0,0,1,0.35,-0.587785252292,4.95380036309e-17,0.809016994375,0.587785252292,1,1,0.24,0.24
twins,90,0.24,1,1,0,0,1,0.375,-0.707106781187,4.32978028118e-17,0.707106781187,0.707106781187,1,1,0.24,0.24
twins,90,0.24,1,1,0,0,1,0.4,-0.809016994375,3.59914663903e-17,0.587785252292,0.809016994375,1,1,0.24,0.24
twins,90,0.24,1,1,0,0,1,0.425,-0.891006524188,2.77989006175e-17,0.45399049974,0.891006524188,1,1,0.24,0.24
twins,90,0.24,1,1,0,0,1,0.45,-0.951056516295,1.89218336522e-17,0.309016994375,0.951056516295,1,1,0.24,0.24
twins,90,0.24,1,1,0,0,1,0.475,-0.987688340595,9.57884834439e-18,0.15643446504,0.987688340595,1,1,0.24,0.24
twins,90,0.24,1,1,0,0,1,0.5,-1,7.49879891331e-33,1.22464679915e-16,1,1,1,0.24,0.24
twins,90,0.24,1,1,0,0,1,0.525,-0.987688340595,-9.57884834439e-18,-0.15643446504,0.987688340595,1,1,0.24,0.24
twins,90,0.24,1,1,0,0,1,0.55,-0.951056516295,-1.89218336522e-17,-0.309016994375,0.951056516295,1,1,0.24,0.24
twins,90,0.24,1,1,0,0,1,0.575,-0.891006524188,-2.77989006175e-17,-0.45399049974,0.891006524188,1,1,0.24,0.24
twins,90,0.24,1,1,0,0,1,0.6,-0.809016994375,-3.59914663903e-17,-0.587785252292,0.809016994375,1,1,0.24,0.24
twins,90,0.24,1,1,0,0,1,0.625,-0.707106781187,-4.32978028118e-17,-0.707106781187,0.707106781187,1,1,0.24,0.24
twins,90,0.24,1,1,0,0,1,0.65,-0.587785252292,-4.95380036309e-17,-0.809016994375,0.587785252292,1,1,0.24,0.24
twins,90,0.24,1,1,0,0,1,0.675,-0.45399049974,-5.45584143933e-17,-0.891006524188,0.45399049974,1,1,0.24,0.24
twins,90,0.24,1,1,0,0,1,0.7,-0.309016994375,-5.82354159245e-17,-0.951056516295,0.309016994375,1,1,0.24,0.24
twins,90,0.24,1,1,0,0,1,0.71,-0.248689887165,-5.93086133992e-17,-0.968583161129,0.248689887165,1,1,0.24,0.24
twins,90,0.24,1,1,0,0,1,0.715,-0.218143241397,-5.97576669371e-17,-0.975916761939,0.218143241397,0.983731696267,0.98764340614,0.24,0.24
twins,90,0.24,1,1,0,0,1,0.72,-0.187381314586,-6.01477468724e-17,-0.982287250729,0.187381314586,0.94045132621,0.946829465058,0.24,0.24
twins,90,0.24,1,1,0,0,1,0.725,-0.15643446504,-6.04784682432e-17,-0.987688340595,0.15643446504,0.883337488562,0.887326594267,0.24,0.24
twins,90,0.24,1,1,0,0,1,0.73,-0.125333233564,-6.07495046676e-17,-0.992114701314,0.125333233564,0.816657851265,0.81479596842,0.24,0.24
twins,90,0.24,1,1,0,0,1,0.735,-0.0941083133185,-6.09605886652e-17,-0.995561964603,0.0941083133185,0.743076708996,0.733864435275,0.24,0.24
twins,90,0.24,1,1,0,0,1,0.74,-0.0627905195293,-6.11115119217e-17,-0.998026728428,0.0627905195293,0.664636919616,0.649190484643,0.24,0.24
twins,90,0.24,1,1,0,0,1,0.745,-0.0314107590781,-6.12021254939e-17,-0.999506560366,0.0314107590781,0.583081146349,0.566786189165,0.24,0.24
twins,90,0.24,1,1,0,0,1,0.75,-1.83697019872e-16,-6.12323399574e-17,-1,1.93633660727e-16,0.5,0.5,0.24,0.24
twins,90,0.24,1,1,0,0,1,0.755,0.0314107590781,-6.12021254939e-17,-0.999506560366,0.0314107590781,0.583081146349,0.566786189165,0.24,0.24
twins,90,0.24,1,1,0,0,1,0.76,0.0627905195293,-6.11115119217e-17,-0.998026728428,0.0627905195293,0.664636919616,0.649190484643,0.24,0.24
twins,90,0.24,1,1,0,0,1,0.765,0.0941083133185,-6.09605886652e-17,-0.995561964603,0.0941083133185,0.743076708996,0.733864435275,0.24,0.24
twins,90,0.24,1,1,0,0,1,0.77,0.125333233564,-6.07495046676e-17,-0.992114701314,0.125333233564,0.816657851265,0.81479596842,0.24,0.24
twins,90,0.24,1,1,0,0,1,0.775,0.15643446504,-6.04784682432e-17,-0.987688340595,0.15643446504,0.883337488562,0.887326594267,0.24,0.24
twins,90,0.24,1,1,0,0,1,0.78,0.187381314586,-6.01477468724e-17,-0.982287250729,0.187381314586,0.94045132621,0.946829465058,0.24,0.24
twins,90,0.24,1,1,0,0,1,0.785,0.218143241397,-5.97576669371e-17,-0.975916761939,0.218143241397,0.983731696267,0.98764340614,0.24,0.24
twins,90,0.24,1,1,0,0,1,0.79,0.248689887165,-5.93086133992e-17,-0.968583161129,0.248689887165,1,1,0.24,0.24
twins,90,0.24,1,1,0,0,1,0.8,0.309016994375,-5.82354159245e-17,-0.951056516295,0.309016994375,1,1,0.24,0.24
twins,90,0.24,1,1,0,0,1,0.825,0.45399049974,-5.45584143933e-17,-0.891006524188,0.45399049974,1,1,0.24,0.24
twins,90,0.24,1,1,0,0,1,0.85,0.587785252292,-4.95380036309e-17,-0.809016994375,0.587785252292,1,1,0.24,0.24
twins,90,0.24,1,1,0,0,1,0.875,0.707106781187,-4.32978028118e-17,-0.707106781187,0.707106781187,1,1,0.24,0.24
twins,90,0.24,1,1,0,0,1,0.9,0.809016994375,-3.59914663903e-17,-0.587785252292,0.809016994375,1,1,0.24,0.24
twins,90,0.24,1,1,0,0,1,0.925,0.891006524188,-2.77989006175e-17,-0.45399049974,0.891006524188,1,1,0.24,0.24
twins,90,0.24,1,1,0,0,1,0.95,0.951056516295,-1.89218336522e-17,-0.309016994375,0.951056516295,1,1,0.24,0.24
twins,90,0.24,1,1,0,0,1,0.975,0.987688340595,-9.57884834439e-18,-0.15643446504,0.987688340595,1,1,0.24,0.24
twins,90,0.24,1,1,0,0,1,1,1,1.59122310278e-40,2.59866453559e-24,1,1,1,0.24,0.24
unequal,87,0.28,0.55,0.35,0,0,0.65,0,1,1.36003593425e-25,2.59510315616e-24,1,1,1,0.28,0.28
unequal,87,0.28,0.55,0.35,0,0,0.65,0.025,0.987688340595,0.00818714731723,0.156220077043,0.987722272468,1,1,0.28,0.28
unequal,87,0.28,0.55,0.35,0,0,0.65,0.05,0.951056516295,0.0161726998959,0.308593497324,0.951194014599,1,1,0.28,0.28
unequal,87,0.28,0.55,0.35,0,0,0.65,0.075,0.891006524188,0.0237600269291,0.453368321538,0.891323266288,1,1,0.28,0.28
unequal,87,0.28,0.55,0.35,0,0,0.65,0.1,0.809016994375,0.0307623032442,0.586979713032,0.809601640616,1,1,0.28,0.28
unequal,87,0.28,0.55,0.35,0,0,0.65,0.125,0.707106781187,0.0370071095593,0.706137715918,0.708074520201,1,1,0.28,0.28
unequal,87,0.28,0.55,0.35,0,0,0.65,0.15,0.587785252292,0.0423406780174,0.807908264701,0.589308268928,1,1,0.28,0.28
unequal,87,0.28,0.55,0.35,0,0,0.65,0.175,0.45399049974,0.0466316784621,0.889785430714,0.456379104791,1,1,0.28,0.28
unequal,87,0.28,0.55,0.35,0,0,0.65,0.2,0.309016994375,0.0497744522214,0.949753126393,0.312999998253,1,1,0.28,0.28
unequal,87,0.28,0.55,0.35,0,0,0.65,0.21,0.248689887165,0.0506917259385,0.967255751569,0.253803686058,0.982499847178,0.987224855806,0.28,0.28
unequal,87,0.28,0.55,0.35,0,0,0.65,0.215,0.218143241397,0.0510755369496,0.974579301934,0.224042817876,0.946721950339,0.955195047984,0.28,0.28
unequal,87,0.28,0.55,0.35,0,0,0.65,0.22,0.187381314586,0.0514089425721,0.980941060191,0.194305523422,0.901884744038,0.910544205965,0.28,0.28
unequal,87,0.28,0.55,0.35,0,0,0.65,0.225,0.15643446504,0.0516916137751,0.986334748051,0.164753648782,0.852082239841,0.857533223251,0.28,0.28
unequal,87,0.28,0.55,0.35,0,0,0.65,0.23,0.125333233564,0.051923271596,0.990755042597,0.135662985257,0.801282336584,0.800580268239,0.28,0.28
unequal,87,0.28,0.55,0.35,0,0,0.65,0.235,0.0941083133185,0.0521036874166,0.994197581531,0.10756936775,0.755194418418,0.745727924402,0.28,0.28
unequal,87,0.28,0.55,0.35,0,0,0.65,0.24,0.0627905195293,0.0522326831883,0.996658967483,0.0816755932688,0.726519905422,0.704729520134,0.28,0.28
unequal,87,0.28,0.55,0.35,0,0,0.65,0.245,0.0314107590781,0.0523101316078,0.998136771362,0.0610162736874,0.726460947214,0.691997919838,0.28,0.28
unequal,87,0.28,0.55,0.35,0,0,0.65,0.25,6.12323399574e-17,0.0523359562429,0.998629534755,0.0523359562429,0.726460947214,0.688470580518,0.28,0.28
unequal,87,0.28,0.55,0.35,0,0,0.65,0.255,-0.0314107590781,0.0523101316078,0.998136771362,0.0610162736874,0.726460947214,0.691997919838,0.28,0.28
unequal,87,0.28,0.55,0.35,0,0,0.65,0.26,-0.0627905195293,0.0522326831883,0.996658967483,0.0816755932688,0.726519905422,0.704729520134,0.28,0.28
unequal,87,0.28,0.55,0.35,0,0,0.65,0.265,-0.0941083133185,0.0521036874166,0.994197581531,0.10756936775,0.755194418418,0.745727924402,0.28,0.28
unequal,87,0.28,0.55,0.35,0,0,0.65,0.27,-0.125333233564,0.051923271596,0.990755042597,0.135662985257,0.801282336584,0.800580268239,0.28,0.28
unequal,87,0.28,0.55,0.35,0,0,0.65,0.275,-0.15643446504,0.0516916137751,0.986334748051,0.164753648782,0.852082239841,0.857533223251,0.28,0.28
unequal,87,0.28,0.55,0.35,0,0,0.65,0.28,-0.187381314586,0.0514089425721,0.980941060191,0.194305523422,0.901884744038,0.910544205965,0.28,0.28
unequal,87,0.28,0.55,0.35,0,0,0.65,0.285,-0.218143241397,0.0510755369496,0.974579301934,0.224042817876,0.946721950339,0.955195047984,0.28,0.28
unequal,87,0.28,0.55,0.35,0,0,0.65,0.29,-0.248689887165,0.0506917259385,0.967255751569,0.253803686058,0.982499847178,0.987224855806,0.28,0.28
unequal,87,0.28,0.55,0.35,0,0,0.65,0.3,-0.309016994375,0.0497744522214,0.949753126393,0.312999998253,1,1,0.28,0.28
unequal,87,0.28,0.55,0.35,0,0,0.65,0.325,-0.45399049974,0.0466316784621,0.889785430714,0.456379104791,1,1,0.28,0.28
unequal,87,0.28,0.55,0.35,0,0,0.65,0.35,-0.587785252292,0.0423406780174,0.807908264701,0.589308268928,1,1,0.28,0.28
unequal,87,0.28,0.55,0.35,0,0,0.65,0.375,-0.707106781187,0.0370071095593,0.706137715918,0.708074520201,1,1,0.28,0.28
unequal,87,0.28,0.55,0.35,0,0,0.65,0.4,-0.809016994375,0.0307623032442,0.586979713032,0.809601640616,1,1,0.28,0.28
unequal,87,0.28,0.55,0.35,0,0,0.65,0.425,-0.891006524188,0.0237600269291,0.453368321538,0.891323266288,1,1,0.28,0.28
unequal,87,0.28,0.55,0.35,0,0,0.65,0.45,-0.951056516295,0.0161726998959,0.308593497324,0.951194014599,1,1,0.28,0.28
unequal,87,0.28,0.55,0.35,0,0,0.65,0.475,-0.987688340595,0.00818714731723,0.156220077043,0.987722272468,1,1,0.28,0.28
unequal,87,0.28,0.55,0.35,0,0,0.65,0.5,-1,6.40930612932e-18,1.22296846327e-16,1,1,1,0.28,0.28
unequal,87,0.28,0.55,0.35,0,0,0.65,0.525,-0.987688340595,-0.00818714731723,-0.156220077043,0.987722272468,1,1,0.28,0.28
unequal,87,0.28,0.55,0.35,0,0,0.65,0.55,-0.951056516295,-0.0161726998959,-0.308593497324,0.951194014599,1,1,0.28,0.28
unequal,87,0.28,0.55,0.35,0,0,0.65,0.575,-0.891006524188,-0.0237600269291,-0.453368321538,0.891323266288,1,1,0.28,0.28
unequal,87,0.28,0.55,0.35,0,0,0.65,0.6,-0.809016994375,-0.0307623032442,-0.586979713032,0.809601640616,1,1,0.28,0.28
unequal,87,0.28,0.55,0.35,0,0,0.65,0.625,-0.707106781187,-0.0370071095593,-0.706137715918,0.708074520201,1,1,0.28,0.28
unequal,87,0.28,0.55,0.35,0,0,0.65,0.65,-0.587785252292,-0.0423406780174,-0.807908264701,0.589308268928,1,1,0.28,0.28
unequal,87,0.28,0.55,0.35,0,0,0.65,0.675,-0.45399049974,-0.0466316784621,-0.889785430714,0.456379104791,1,1,0.28,0.28
unequal,87,0.28,0.55,0.35,0,0,0.65,0.7,-0.309016994375,-0.0497744522214,-0.949753126393,0.312999998253,1,1,0.28,0.28
unequal,87,0.28,0.55,0.35,0,0,0.65,0.71,-0.248689887165,-0.0506917259385,-0.967255751569,0.253803686058,0.993874946512,0.995026935376,0.28,0.28
unequal,87,0.28,0.55,0.35,0,0,0.65,0.715,-0.218143241397,-0.0510755369496,-0.974579301934,0.224042817876,0.981352682619,0.982672399967,0.28,0.28
unequal,87,0.28,0.55,0.35,0,0,0.65,0.72,-0.187381314586,-0.0514089425721,-0.980941060191,0.194305523422,0.965659660413,0.966004047399,0.28,0.28
unequal,87,0.28,0.55,0.35,0,0,0.65,0.725,-0.15643446504,-0.0516916137751,-0.986334748051,0.164753648782,0.948228783944,0.947131363958,0.28,0.28
unequal,87,0.28,0.55,0.35,0,0,0.65,0.73,-0.125333233564,-0.051923271596,-0.990755042597,0.135662985257,0.930448817804,0.928277039556,0.28,0.28
unequal,87,0.28,0.55,0.35,0,0,0.65,0.735,-0.0941083133185,-0.0521036874166,-0.994197581531,0.10756936775,0.914318046446,0.912397384858,0.28,0.28
unequal,87,0.28,0.55,0.35,0,0,0.65,0.74,-0.0627905195293,-0.0522326831883,-0.996658967483,0.0816755932688,0.904281966898,0.904271233386,0.28,0.28
unequal,87,0.28,0.55,0.35,0,0,0.65,0.745,-0.0314107590781,-0.0523101316078,-0.998136771362,0.0610162736874,0.904261331525,0.904261331525,0.28,0.28
unequal,87,0.28,0.55,0.35,0,0,0.65,0.75,-1.83697019872e-16,-0.0523359562429,-0.998629534755,0.0523359562429,0.904261331525,0.904261331525,0.28,0.28
unequal,87,0.28,0.55,0.35,0,0,0.65,0.755,0.0314107590781,-0.0523101316078,-0.998136771362,0.0610162736874,0.904261331525,0.904261331525,0.28,0.28
unequal,87,0.28,0.55,0.35,0,0,0.65,0.76,0.0627905195293,-0.0522326831883,-0.996658967483,0.0816755932688,0.904281966898,0.904271233386,0.28,0.28
unequal,87,0.28,0.55,0.35,0,0,0.65,0.765,0.0941083133185,-0.0521036874166,-0.994197581531,0.10756936775,0.914318046446,0.912397384858,0.28,0.28
unequal,87,0.28,0.55,0.35,0,0,0.65,0.77,0.125333233564,-0.051923271596,-0.990755042597,0.135662985257,0.930448817804,0.928277039556,0.28,0.28
unequal,87,0.28,0.55,0.35,0,0,0.65,0.775,0.15643446504,-0.0516916137751,-0.986334748051,0.164753648782,0.948228783944,0.947131363958,0.28,0.28
unequal,87,0.28,0.55,0.35,0,0,0.65,0.78,0.187381314586,-0.0514089425721,-0.980941060191,0.194305523422,0.965659660413,0.966004047399,0.28,0.28
unequal,87,0.28,0.55,0.35,0,0,0.65,0.785,0.218143241397,-0.0510755369496,-0.974579301934,0.224042817876,0.981352682619,0.982672399967,0.28,0.28
unequal,87,0.28,0.55,0.35,0,0,0.65,0.79,0.248689887165,-0.0506917259385,-0.967255751569,0.253803686058,0.993874946512,0.995026935376,0.28,0.28
unequal,87,0.28,0.55,0.35,0,0,0.65,0.8,0.309016994375,-0.0497744522214,-0.949753126393,0.312999998253,1,1,0.28,0.28
unequal,87,0.28,0.55,0.35,0,0,0.65,0.825,0.45399049974,-0.0466316784621,-0.889785430714,0.456379104791,1,1,0.28,0.28
unequal,87,0.28,0.55,0.35,0,0,0.65,0.85,0.587785252292,-0.0423406780174,-0.807908264701,0.589308268928,1,1,0.28,0.28
unequal,87,0.28,0.55,0.35,0,0,0.65,0.875,0.707106781187,-0.0370071095593,-0.706137715918,0.708074520201,1,1,0.28,0.28
unequal,87,0.28,0.55,0.35,0,0,0.65,0.9,0.809016994375,-0.0307623032442,-0.586979713032,0.809601640616,1,1,0.28,0.28
unequal,87,0.28,0.55,0.35,0,0,0.65,0.925,0.891006524188,-0.0237600269291,-0.453368321538,0.891323266288,1,1,0.28,0.28
unequal,87,0.28,0.55,0.35,0,0,0.65,0.95,0.951056516295,-0.0161726998959,-0.308593497324,0.951194014599,1,1,0.28,0.28
unequal,87,0.28,0.55,0.35,0,0,0.65,0.975,0.987688340595,-0.00818714731723,-0.156220077043,0.987722272468,1,1,0.28,0.28
unequal,87,0.28,0.55,0.35,0,0,0.65,1,1,1.36003593425e-25,2.59510315616e-24,1,1,1,0.28,0.28
grazing,78,0.24,0.65,0.55,0,0,0.75,0,1,5.40292737462e-25,2.5418774806e-24,1,1,1,0.24,0.24
grazing,78,0.24,0.65,0.55,0,0,0.75,0.025,0.987688340595,0.0325245541287,0.153015996651,0.988223711904,1,1,0.24,0.24
grazing,78,0.24,0.65,0.55,0,0,0.75,0.05,0.951056516295,0.0642482457919,0.302264231634,0.953224178394,1,1,0.24,0.24
grazing,78,0.24,0.65,0.55,0,0,0.75,0.075,0.891006524188,0.094389932416,0.444069718076,0.895992235172,1,1,0.24,0.24
grazing,78,0.24,0.65,0.55,0,0,0.75,0.1,0.809016994375,0.122207425642,0.574940734277,0.818195057471,1,1,0.24,0.24
grazing,78,0.24,0.65,0.55,0,0,0.75,0.125,0.707106781187,0.147015766465,0.69165480148,0.722228243417,1,1,0.24,0.24
grazing,78,0.24,0.65,0.55,0,0,0.75,0.15,0.587785252292,0.168204091201,0.791338032001,0.611378867078,1,1,0.24,0.24
grazing,78,0.24,0.65,0.55,0,0,0.75,0.175,0.45399049974,0.185250672974,0.871535893873,0.490331709857,1,1,0.24,0.24
grazing,78,0.24,0.65,0.55,0,0,0.75,0.2,0.309016994375,0.197735768366,0.930273649576,0.366866374725,1,1,0.24,0.24
grazing,78,0.24,0.65,0.55,0,0,0.75,0.21,0.248689887165,0.201379762728,0.947417295169,0.320000732522,1,1,0.24,0.24
grazing,78,0.24,0.65,0.55,0,0,0.75,0.215,0.218143241397,0.202904504072,0.954590639206,0.29792064638,1,1,0.24,0.24
grazing,78,0.24,0.65,0.55,0,0,0.75,0.22,0.187381314586,0.204229003168,0.960821917532,0.27716645322,1,1,0.24,0.24
grazing,78,0.24,0.65,0.55,0,0,0.75,0.225,0.15643446504,0.205351952894,0.966104980626,0.258149503989,1,1,0.24,0.24
grazing,78,0.24,0.65,0.55,0,0,0.75,0.23,0.125333233564,0.206272245035,0.970434614743,0.241364161606,1,1,0.24,0.24
grazing,78,0.24,0.65,0.55,0,0,0.75,0.235,0.0941083133185,0.206988971374,0.973806547058,0.227378118794,0.992260183952,0.994828163535,0.24,0.24
grazing,78,0.24,0.65,0.55,0,0,0.75,0.24,0.0627905195293,0.207501424589,0.97621744988,0.216793658923,0.980863208655,0.985794779295,0.24,0.24
grazing,78,0.24,0.65,0.55,0,0,0.75,0.245,0.0314107590781,0.207809098949,0.977664943939,0.210169591977,0.972257464684,0.978435815675,0.24,0.24
grazing,78,0.24,0.65,0.55,0,0,0.75,0.25,6.12323399574e-17,0.207911690818,0.978147600734,0.207911690818,0.969105430946,0.975657284686,0.24,0.24
grazing,78,0.24,0.65,0.55,0,0,0.75,0.255,-0.0314107590781,0.207809098949,0.977664943939,0.210169591977,0.972257464684,0.978435815675,0.24,0.24
grazing,78,0.24,0.65,0.55,0,0,0.75,0.26,-0.0627905195293,0.207501424589,0.97621744988,0.216793658923,0.980863208655,0.985794779295,0.24,0.24
grazing,78,0.24,0.65,0.55,0,0,0.75,0.265,-0.0941083133185,0.206988971374,0.973806547058,0.227378118794,0.992260183952,0.994828163535,0.24,0.24
grazing,78,0.24,0.65,0.55,0,0,0.75,0.27,-0.125333233564,0.206272245035,0.970434614743,0.241364161606,1,1,0.24,0.24
grazing,78,0.24,0.65,0.55,0,0,0.75,0.275,-0.15643446504,0.205351952894,0.966104980626,0.258149503989,1,1,0.24,0.24
grazing,78,0.24,0.65,0.55,0,0,0.75,0.28,-0.187381314586,0.204229003168,0.960821917532,0.27716645322,1,1,0.24,0.24
grazing,78,0.24,0.65,0.55,0,0,0.75,0.285,-0.218143241397,0.202904504072,0.954590639206,0.29792064638,1,1,0.24,0.24
grazing,78,0.24,0.65,0.55,0,0,0.75,0.29,-0.248689887165,0.201379762728,0.947417295169,0.320000732522,1,1,0.24,0.24
grazing,78,0.24,0.65,0.55,0,0,0.75,0.3,-0.309016994375,0.197735768366,0.930273649576,0.366866374725,1,1,0.24,0.24
grazing,78,0.24,0.65,0.55,0,0,0.75,0.325,-0.45399049974,0.185250672974,0.871535893873,0.490331709857,1,1,0.24,0.24
grazing,78,0.24,0.65,0.55,0,0,0.75,0.35,-0.587785252292,0.168204091201,0.791338032001,0.611378867078,1,1,0.24,0.24
grazing,78,0.24,0.65,0.55,0,0,0.75,0.375,-0.707106781187,0.147015766465,0.69165480148,0.722228243417,1,1,0.24,0.24
grazing,78,0.24,0.65,0.55,0,0,0.75,0.4,-0.809016994375,0.122207425642,0.574940734277,0.818195057471,1,1,0.24,0.24
grazing,78,0.24,0.65,0.55,0,0,0.75,0.425,-0.891006524188,0.094389932416,0.444069718076,0.895992235172,1,1,0.24,0.24
grazing,78,0.24,0.65,0.55,0,0,0.75,0.45,-0.951056516295,0.0642482457919,0.302264231634,0.953224178394,1,1,0.24,0.24
grazing,78,0.24,0.65,0.55,0,0,0.75,0.475,-0.987688340595,0.0325245541287,0.153015996651,0.988223711904,1,1,0.24,0.24
grazing,78,0.24,0.65,0.55,0,0,0.75,0.5,-1,2.54618386665e-17,1.19788532833e-16,1,1,1,0.24,0.24
grazing,78,0.24,0.65,0.55,0,0,0.75,0.525,-0.987688340595,-0.0325245541287,-0.153015996651,0.988223711904,1,1,0.24,0.24
grazing,78,0.24,0.65,0.55,0,0,0.75,0.55,-0.951056516295,-0.0642482457919,-0.302264231634,0.953224178394,1,1,0.24,0.24
grazing,78,0.24,0.65,0.55,0,0,0.75,0.575,-0.891006524188,-0.094389932416,-0.444069718076,0.895992235172,1,1,0.24,0.24
grazing,78,0.24,0.65,0.55,0,0,0.75,0.6,-0.809016994375,-0.122207425642,-0.574940734277,0.818195057471,1,1,0.24,0.24
grazing,78,0.24,0.65,0.55,0,0,0.75,0.625,-0.707106781187,-0.147015766465,-0.69165480148,0.722228243417,1,1,0.24,0.24
grazing,78,0.24,0.65,0.55,0,0,0.75,0.65,-0.587785252292,-0.168204091201,-0.791338032001,0.611378867078,1,1,0.24,0.24
grazing,78,0.24,0.65,0.55,0,0,0.75,0.675,-0.45399049974,-0.185250672974,-0.871535893873,0.490331709857,1,1,0.24,0.24
grazing,78,0.24,0.65,0.55,0,0,0.75,0.7,-0.309016994375,-0.197735768366,-0.930273649576,0.366866374725,1,1,0.24,0.24
grazing,78,0.24,0.65,0.55,0,0,0.75,0.71,-0.248689887165,-0.201379762728,-0.947417295169,0.320000732522,1,1,0.24,0.24
grazing,78,0.24,0.65,0.55,0,0,0.75,0.715,-0.218143241397,-0.202904504072,-0.954590639206,0.29792064638,1,1,0.24,0.24
grazing,78,0.24,0.65,0.55,0,0,0.75,0.72,-0.187381314586,-0.204229003168,-0.960821917532,0.27716645322,1,1,0.24,0.24
grazing,78,0.24,0.65,0.55,0,0,0.75,0.725,-0.15643446504,-0.205351952894,-0.966104980626,0.258149503989,1,1,0.24,0.24
grazing,78,0.24,0.65,0.55,0,0,0.75,0.73,-0.125333233564,-0.206272245035,-0.970434614743,0.241364161606,1,1,0.24,0.24
grazing,78,0.24,0.65,0.55,0,0,0.75,0.735,-0.0941083133185,-0.206988971374,-0.973806547058,0.227378118794,0.995743101174,0.996943180515,0.24,0.24
grazing,78,0.24,0.65,0.55,0,0,0.75,0.74,-0.0627905195293,-0.207501424589,-0.97621744988,0.216793658923,0.98947476476,0.991563420041,0.24,0.24
grazing,78,0.24,0.65,0.55,0,0,0.75,0.745,-0.0314107590781,-0.207809098949,-0.977664943939,0.210169591977,0.984741605576,0.987191072542,0.24,0.24
grazing,78,0.24,0.65,0.55,0,0,0.75,0.75,-1.83697019872e-16,-0.207911690818,-0.978147600734,0.207911690818,0.98300798702,0.985544037995,0.24,0.24
grazing,78,0.24,0.65,0.55,0,0,0.75,0.755,0.0314107590781,-0.207809098949,-0.977664943939,0.210169591977,0.984741605576,0.987191072542,0.24,0.24
grazing,78,0.24,0.65,0.55,0,0,0.75,0.76,0.0627905195293,-0.207501424589,-0.97621744988,0.216793658923,0.98947476476,0.991563420041,0.24,0.24
grazing,78,0.24,0.65,0.55,0,0,0.75,0.765,0.0941083133185,-0.206988971374,-0.973806547058,0.227378118794,0.995743101174,0.996943180515,0.24,0.24
grazing,78,0.24,0.65,0.55,0,0,0.75,0.77,0.125333233564,-0.206272245035,-0.970434614743,0.241364161606,1,1,0.24,0.24
grazing,78,0.24,0.65,0.55,0,0,0.75,0.775,0.15643446504,-0.205351952894,-0.966104980626,0.258149503989,1,1,0.24,0.24
grazing,78,0.24,0.65,0.55,0,0,0.75,0.78,0.187381314586,-0.204229003168,-0.960821917532,0.27716645322,1,1,0.24,0.24
grazing,78,0.24,0.65,0.55,0,0,0.75,0.785,0.218143241397,-0.202904504072,-0.954590639206,0.29792064638,1,1,0.24,0.24
grazing,78,0.24,0.65,0.55,0,0,0.75,0.79,0.248689887165,-0.201379762728,-0.947417295169,0.320000732522,1,1,0.24,0.24
grazing,78,0.24,0.65,0.55,0,0,0.75,0.8,0.309016994375,-0.197735768366,-0.930273649576,0.366866374725,1,1,0.24,0.24
grazing,78,0.24,0.65,0.55,0,0,0.75,0.825,0.45399049974,-0.185250672974,-0.871535893873,0.490331709857,1,1,0.24,0.24
grazing,78,0.24,0.65,0.55,0,0,0.75,0.85,0.587785252292,-0.168204091201,-0.791338032001,0.611378867078,1,1,0.24,0.24
grazing,78,0.24,0.65,0.55,0,0,0.75,0.875,0.707106781187,-0.147015766465,-0.69165480148,0.722228243417,1,1,0.24,0.24
grazing,78,0.24,0.65,0.55,0,0,0.75,0.9,0.809016994375,-0.122207425642,-0.574940734277,0.818195057471,1,1,0.24,0.24
grazing,78,0.24,0.65,0.55,0,0,0.75,0.925,0.891006524188,-0.094389932416,-0.444069718076,0.895992235172,1,1,0.24,0.24
grazing,78,0.24,0.65,0.55,0,0,0.75,0.95,0.951056516295,-0.0642482457919,-0.302264231634,0.953224178394,1,1,0.24,0.24
grazing,78,0.24,0.65,0.55,0,0,0.75,0.975,0.987688340595,-0.0325245541287,-0.153015996651,0.988223711904,1,1,0.24,0.24
grazing,78,0.24,0.65,0.55,0,0,0.75,1,1,5.40292737462e-25,2.5418774806e-24,1,1,1,0.24,0.24
missed,65,0.24,1,1,0,0,1,0,1,1.09824308888e-24,2.3551899045e-24,1,1,1,0.24,0.24
missed,65,0.24,1,1,0,0,1,0.025,0.987688340595,0.0661120616916,0.141777773827,0.989898511388,1,1,0.24,0.24
missed,65,0.24,1,1,0,0,1,0.05,0.951056516295,0.130596225011,0.280064508329,0.959981182719,1,1,0.24,0.24
missed,65,0.24,1,1,0,0,1,0.075,0.891006524188,0.191864675847,0.411455125155,0.911430019247,1,1,0.24,0.24
missed,65,0.24,1,1,0,0,1,0.1,0.809016994375,0.248408781601,0.532714351258,0.84629511399,1,1,0.24,0.24
missed,65,0.24,1,1,0,0,1,0.125,0.707106781187,0.29883623873,0.640856382056,0.767660795911,1,1,0.24,0.24
missed,65,0.24,1,1,0,0,1,0.15,0.587785252292,0.341905355881,0.733218401847,0.67999321702,1,1,0.24,0.24
missed,65,0.24,1,1,0,0,1,0.175,0.45399049974,0.376555628452,0.807526151172,0.589831768535,1,1,0.24,0.24
missed,65,0.24,1,1,0,0,1,0.2,0.309016994375,0.401933851734,0.86194992663,0.506993416113,1,1,0.24,0.24
missed,65,0.24,1,1,0,0,1,0.21,0.248689887165,0.409340931907,0.877834461323,0.478964151595,1,1,0.24,0.24
missed,65,0.24,1,1,0,0,1,0.215,0.218143241397,0.412440245534,0.884480960845,0.466576285192,1,1,0.24,0.24
missed,65,0.24,1,1,0,0,1,0.22,0.187381314586,0.415132530433,0.890254584442,0.455463253051,1,1,0.24,0.24
missed,65,0.24,1,1,0,0,1,0.225,0.15643446504,0.417415129644,0.895149634247,0.445765781895,1,1,0.24,0.24
missed,65,0.24,1,1,0,0,1,0.23,0.125333233564,0.419285790517,0.899161279435,0.437617405464,1,1,0.24,0.24
missed,65,0.24,1,1,0,0,1,0.235,0.0941083133185,0.420742666936,0.902285560997,0.43113891777,1,1,0.24,0.24
missed,65,0.24,1,1,0,0,1,0.24,0.0627905195293,0.421784321139,0.904519395645,0.426432483403,1,1,0.24,0.24
missed,65,0.24,1,1,0,0,1,0.245,0.0314107590781,0.42240972514,0.905860578854,0.423575980999,1,1,0.24,0.24
missed,65,0.24,1,1,0,0,1,0.25,6.12323399574e-17,0.422618261741,0.906307787037,0.422618261741,1,1,0.24,0.24
missed,65,0.24,1,1,0,0,1,0.255,-0.0314107590781,0.42240972514,0.905860578854,0.423575980999,1,1,0.24,0.24
missed,65,0.24,1,1,0,0,1,0.26,-0.0627905195293,0.421784321139,0.904519395645,0.426432483403,1,1,0.24,0.24
missed,65,0.24,1,1,0,0,1,0.265,-0.0941083133185,0.420742666936,0.902285560997,0.43113891777,1,1,0.24,0.24
missed,65,0.24,1,1,0,0,1,0.27,-0.125333233564,0.419285790517,0.899161279435,0.437617405464,1,1,0.24,0.24
missed,65,0.24,1,1,0,0,1,0.275,-0.15643446504,0.417415129644,0.895149634247,0.445765781895,1,1,0.24,0.24
missed,65,0.24,1,1,0,0,1,0.28,-0.187381314586,0.415132530433,0.890254584442,0.455463253051,1,1,0.24,0.24
missed,65,0.24,1,1,0,0,1,0.285,-0.218143241397,0.412440245534,0.884480960845,0.466576285192,1,1,0.24,0.24
missed,65,0.24,1,1,0,0,1,0.29,-0.248689887165,0.409340931907,0.877834461323,0.478964151595,1,1,0.24,0.24
missed,65,0.24,1,1,0,0,1,0.3,-0.309016994375,0.401933851734,0.86194992663,0.506993416113,1,1,0.24,0.24
missed,65,0.24,1,1,0,0,1,0.325,-0.45399049974,0.376555628452,0.807526151172,0.589831768535,1,1,0.24,0.24
missed,65,0.24,1,1,0,0,1,0.35,-0.587785252292,0.341905355881,0.733218401847,0.67999321702,1,1,0.24,0.24
missed,65,0.24,1,1,0,0,1,0.375,-0.707106781187,0.29883623873,0.640856382056,0.767660795911,1,1,0.24,0.24
missed,65,0.24,1,1,0,0,1,0.4,-0.809016994375,0.248408781601,0.532714351258,0.84629511399,1,1,0.24,0.24
missed,65,0.24,1,1,0,0,1,0.425,-0.891006524188,0.191864675847,0.411455125155,0.911430019247,1,1,0.24,0.24
missed,65,0.24,1,1,0,0,1,0.45,-0.951056516295,0.130596225011,0.280064508329,0.959981182719,1,1,0.24,0.24
missed,65,0.24,1,1,0,0,1,0.475,-0.987688340595,0.0661120616916,0.141777773827,0.989898511388,1,1,0.24,0.24
missed,65,0.24,1,1,0,0,1,0.5,-1,5.17558101502e-17,1.10990693044e-16,1,1,1,0.24,0.24
missed,65,0.24,1,1,0,0,1,0.525,-0.987688340595,-0.0661120616916,-0.141777773827,0.989898511388,1,1,0.24,0.24
missed,65,0.24,1,1,0,0,1,0.55,-0.951056516295,-0.130596225011,-0.280064508329,0.959981182719,1,1,0.24,0.24
missed,65,0.24,1,1,0,0,1,0.575,-0.891006524188,-0.191864675847,-0.411455125155,0.911430019247,1,1,0.24,0.24
missed,65,0.24,1,1,0,0,1,0.6,-0.809016994375,-0.248408781601,-0.532714351258,0.84629511399,1,1,0.24,0.24
missed,65,0.24,1,1,0,0,1,0.625,-0.707106781187,-0.29883623873,-0.640856382056,0.767660795911,1,1,0.24,0.24
missed,65,0.24,1,1,0,0,1,0.65,-0.587785252292,-0.341905355881,-0.733218401847,0.67999321702,1,1,0.24,0.24
missed,65,0.24,1,1,0,0,1,0.675,-0.45399049974,-0.376555628452,-0.807526151172,0.589831768535,1,1,0.24,0.24
missed,65,0.24,1,1,0,0,1,0.7,-0.309016994375,-0.401933851734,-0.86194992663,0.506993416113,1,1,0.24,0.24
missed,65,0.24,1,1,0,0,1,0.71,-0.248689887165,-0.409340931907,-0.877834461323,0.478964151595,1,1,0.24,0.24
missed,65,0.24,1,1,0,0,1,0.715,-0.218143241397,-0.412440245534,-0.884480960845,0.466576285192,1,1,0.24,0.24
missed,65,0.24,1,1,0,0,1,0.72,-0.187381314586,-0.415132530433,-0.890254584442,0.455463253051,1,1,0.24,0.24
missed,65,0.24,1,1,0,0,1,0.725,-0.15643446504,-0.417415129644,-0.895149634247,0.445765781895,1,1,0.24,0.24
missed,65,0.24,1,1,0,0,1,0.73,-0.125333233564,-0.419285790517,-0.899161279435,0.437617405464,1,1,0.24,0.24
missed,65,0.24,1,1,0,0,1,0.735,-0.0941083133185,-0.420742666936,-0.902285560997,0.43113891777,1,1,0.24,0.24
missed,65,0.24,1,1,0,0,1,0.74,-0.0627905195293,-0.421784321139,-0.904519395645,0.426432483403,1,1,0.24,0.24
missed,65,0.24,1,1,0,0,1,0.745,-0.0314107590781,-0.42240972514,-0.905860578854,0.423575980999,1,1,0.24,0.24
missed,65,0.24,1,1,0,0,1,0.75,-1.83697019872e-16,-0.422618261741,-0.906307787037,0.422618261741,1,1,0.24,0.24
missed,65,0.24,1,1,0,0,1,0.755,0.0314107590781,-0.42240972514,-0.905860578854,0.423575980999,1,1,0.24,0.24
missed,65,0.24,1,1,0,0,1,0.76,0.0627905195293,-0.421784321139,-0.904519395645,0.426432483403,1,1,0.24,0.24
missed,65,0.24,1,1,0,0,1,0.765,0.0941083133185,-0.420742666936,-0.902285560997,0.43113891777,1,1,0.24,0.24
missed,65,0.24,1,1,0,0,1,0.77,0.125333233564,-0.419285790517,-0.899161279435,0.437617405464,1,1,0.24,0.24
missed,65,0.24,1,1,0,0,1,0.775,0.15643446504,-0.417415129644,-0.895149634247,0.445765781895,1,1,0.24,0.24
missed,65,0.24,1,1,0,0,1,0.78,0.187381314586,-0.415132530433,-0.890254584442,0.455463253051,1,1,0.24,0.24
missed,65,0.24,1,1,0,0,1,0.785,0.218143241397,-0.412440245534,-0.884480960845,0.466576285192,1,1,0.24,0.24
missed,65,0.24,1,1,0,0,1,0.79,0.248689887165,-0.409340931907,-0.877834461323,0.478964151595,1,1,0.24,0.24
missed,65,0.24,1,1,0,0,1,0.8,0.309016994375,-0.401933851734,-0.86194992663,0.506993416113,1,1,0.24,0.24
missed,65,0.24,1,1,0,0,1,0.825,0.45399049974,-0.376555628452,-0.807526151172,0.589831768535,1,1,0.24,0.24
missed,65,0.24,1,1,0,0,1,0.85,0.587785252292,-0.341905355881,-0.733218401847,0.67999321702,1,1,0.24,0.24
missed,65,0.24,1,1,0,0,1,0.875,0.707106781187,-0.29883623873,-0.640856382056,0.767660795911,1,1,0.24,0.24
missed,65,0.24,1,1,0,0,1,0.9,0.809016994375,-0.248408781601,-0.532714351258,0.84629511399,1,1,0.24,0.24
missed,65,0.24,1,1,0,0,1,0.925,0.891006524188,-0.191864675847,-0.411455125155,0.911430019247,1,1,0.24,0.24
missed,65,0.24,1,1,0,0,1,0.95,0.951056516295,-0.130596225011,-0.280064508329,0.959981182719,1,1,0.24,0.24
missed,65,0.24,1,1,0,0,1,0.975,0.987688340595,-0.0661120616916,-0.141777773827,0.989898511388,1,1,0.24,0.24
missed,65,0.24,1,1,0,0,1,1,1,1.09824308888e-24,2.3551899045e-24,1,1,1,0.24,0.24
eccentric,79,0.16,0.7,0.45,0.5,60,0.7,0,0.25,0.0826227186333,0.425057038956,0.26329928529,1,1,0.306175660298,0.121134276477
eccentric,79,0.16,0.7,0.45,0.5,60,0.7,0.025,-0.0019801276314,0.0999296716781,0.514093593746,0.0999492880771,0.850355183402,0.856724365378,0.306175660298,0.121134276477
eccentric,79,0.16,0.7,0.45,0.5,60,0.7,0.05,-0.255405067793,0.100559928787,0.517335985485,0.27448870274,1,1,0.306175660298,0.121134276477
eccentric,79,0.16,0.7,0.45,0.5,60,0.7,0.075,-0.479405520941,0.0888321474268,0.457001780792,0.487566204659,1,1,0.306175660298,0.121134276477
eccentric,79,0.16,0.7,0.45,0.5,60,0.7,0.1,-0.664592680938,0.0696184399021,0.358155824584,0.668229121433,1,1,0.306175660298,0.121134276477
eccentric,79,0.16,0.7,0.45,0.5,60,0.7,0.125,-0.812359836179,0.0463513278133,0.238456909647,0.813681110157,1,1,0.306175660298,0.121134276477
eccentric,79,0.16,0.7,0.45,0.5,60,0.7,0.15,-0.92724158822,0.0211397296683,0.108754481161,0.927482534118,1,1,0.306175660298,0.121134276477
eccentric,79,0.16,0.7,0.45,0.5,60,0.7,0.175,-1.01397088014,-0.00475199949927,-0.0244469181079,1.01398201526,1,1,0.306175660298,0.121134276477
eccentric,79,0.16,0.7,0.45,0.5,60,0.7,0.2,-1.07666100314,-0.0305543978246,-0.157188750034,1.07709446518,1,1,0.306175660298,0.121134276477
eccentric,79,0.16,0.7,0.45,0.5,60,0.7,0.21,-1.09578764038,-0.0407358593788,-0.209567828961,1.09654455589,1,1,0.306175660298,0.121134276477
eccentric,79,0.16,0.7,0.45,0.5,60,0.7,0.215,-1.10417350343,-0.0457845941866,-0.235541317892,1.10512232569,1,1,0.306175660298,0.121134276477
eccentric,79,0.16,0.7,0.45,0.5,60,0.7,0.22,-1.11180391202,-0.0508020231595,-0.261353752265,1.11296396363,1,1,0.306175660298,0.121134276477
eccentric,79,0.16,0.7,0.45,0.5,60,0.7,0.225,-1.1186998756,-0.0557859106559,-0.286993630699,1.12008994259,1,1,0.306175660298,0.121134276477
eccentric,79,0.16,0.7,0.45,0.5,60,0.7,0.23,-1.12488155081,-0.0607341954605,-0.312450349163,1.12651992697,1,1,0.306175660298,0.121134276477
eccentric,79,0.16,0.7,0.45,0.5,60,0.7,0.235,-1.13036828133,-0.0656449744869,-0.337714117125,1.13227280905,1,1,0.306175660298,0.121134276477
eccentric,79,0.16,0.7,0.45,0.5,60,0.7,0.24,-1.1351786364,-0.0705164881118,-0.362775882107,1.13736674456,1,1,0.306175660298,0.121134276477
eccentric,79,0.16,0.7,0.45,0.5,60,0.7,0.245,-1.13933044797,-0.0753471069634,-0.38762726172,1.14181918718,1,1,0.306175660298,0.121134276477
eccentric,79,0.16,0.7,0.45,0.5,60,0.7,0.25,-1.14284084646,-0.0801353200044,-0.41226048235,1.14564692198,1,1,0.306175660298,0.121134276477
eccentric,79,0.16,0.7,0.45,0.5,60,0.7,0.255,-1.14572629488,-0.0848797237693,-0.436668323792,1.14886609763,1,1,0.306175660298,0.121134276477
eccentric,79,0.16,0.7,0.45,0.5,60,0.7,0.26,-1.14800262156,-0.0895790126342,-0.460844069194,1.1514922573,1,1,0.306175660298,0.121134276477
eccentric,79,0.16,0.7,0.45,0.5,60,0.7,0.265,-1.14968505132,-0.0942319700072,-0.484781459733,1.15354036834,1,1,0.306175660298,0.121134276477
eccentric,79,0.16,0.7,0.45,0.5,60,0.7,0.27,-1.15078823511,-0.0988374603437,-0.508474653539,1.15502485066,1,1,0.306175660298,0.121134276477
eccentric,79,0.16,0.7,0.45,0.5,60,0.7,0.275,-1.15132627834,-0.1033944219,-0.531918188413,1.15595960382,1,1,0.306175660298,0.121134276477
eccentric,79,0.16,0.7,0.45,0.5,60,0.7,0.28,-1.15131276761,-0.107901860148,-0.555106947955,1.15635803291,1,1,0.306175660298,0.121134276477
eccentric,79,0.16,0.7,0.45,0.5,60,0.7,0.285,-1.1507607963,-0.112358841788,-0.578036130748,1.15623307323,1,1,0.306175660298,0.121134276477
eccentric,79,0.16,0.7,0.45,0.5,60,0.7,0.29,-1.1496829887,-0.116764489287,-0.600701222287,1.15559721377,1,1,0.306175660298,0.121134276477
eccentric,79,0.16,0.7,0.45,0.5,60,0.7,0.3,-1.14599815303,-0.125418521169,-0.645222356755,1.15284065343,1,1,0.306175660298,0.121134276477
eccentric,79,0.16,0.7,0.45,0.5,60,0.7,0.325,-1.12838693562,-0.146102552206,-0.751632471694,1.13780623669,1,1,0.306175660298,0.121134276477
eccentric,79,0.16,0.7,0.45,0.5,60,0.7,0.35,-1.09978050886,-0.165366189846,-0.850735296076,1.11214349093,1,1,0.306175660298,0.121134276477
eccentric,79,0.16,0.7,0.45,0.5,60,0.7,0.375,-1.06127724071,-0.18314426526,-0.942195565348,1.07696388219,1,1,0.306175660298,0.121134276477
eccentric,79,0.16,0.7,0.45,0.5,60,0.7,0.4,-1.01382706407,-0.199380385064,-1.02572316068,1.03324626967,1,1,0.306175660298,0.121134276477
eccentric,79,0.16,0.7,0.45,0.5,60,0.7,0.425,-0.958263709792,-0.214022519436,-1.10105041187,0.981873197684,1,1,0.306175660298,0.121134276477
eccentric,79,0.16,0.7,0.45,0.5,60,0.7,0.45,-0.895330508596,-0.227019812188,-1.1679156865,0.923663745499,1,1,0.306175660298,0.121134276477
eccentric,79,0.16,0.7,0.45,0.5,60,0.7,0.475,-0.82570160333,-0.238320145495,-1.22605086159,0.859406556579,1,1,0.306175660298,0.121134276477
eccentric,79,0.16,0.7,0.45,0.5,60,0.7,0.5,-0.75,-0.2478681559,-1.27517111687,0.789897855871,1,1,0.306175660298,0.121134276477
eccentric,79,0.16,0.7,0.45,0.5,60,0.7,0.525,-0.668813612661,-0.255603495241,-1.31496598794,0.715992175418,1,1,0.306175660298,0.121134276477
eccentric,79,0.16,0.7,0.45,0.5,60,0.7,0.55,-0.582710300741,-0.261459187485,-1.34509091299,0.638680046118,1,1,0.306175660298,0.121134276477
eccentric,79,0.16,0.7,0.45,0.5,60,0.7,0.575,-0.492252845536,-0.265359965459,-1.36515867598,0.559221579704,1,1,0.306175660298,0.121134276477
eccentric,79,0.16,0.7,0.45,0.5,60,0.7,0.6,-0.398014865812,-0.267220489047,-1.37473024008,0.479398188539,1,1,0.306175660298,0.121134276477
eccentric,79,0.16,0.7,0.45,0.5,60,0.7,0.625,-0.300598848088,-0.266943354333,-1.37330450557,0.402017937279,1,1,0.306175660298,0.121134276477
eccentric,79,0.16,0.7,0.45,0.5,60,0.7,0.65,-0.200657805691,-0.264416806007,-1.36030654123,0.3319334305,1,1,0.306175660298,0.121134276477
eccentric,79,0.16,0.7,0.45,0.5,60,0.7,0.675,-0.0989226579155,-0.259512068686,-1.33507385515,0.277726855098,1,1,0.306175660298,0.121134276477
eccentric,79,0.16,0.7,0.45,0.5,60,0.7,0.7,0.00376162928239,-0.252080226488,-1.29684034153,0.2521082911,1,1,0.306175660298,0.121134276477
eccentric,79,0.16,0.7,0.45,0.5,60,0.7,0.71,0.0448821295767,-0.24836211283,-1.27771230497,0.252384913663,1,1,0.306175660298,0.121134276477
eccentric,79,0.16,0.7,0.45,0.5,60,0.7,0.715,0.0654169599182,-0.246337391868,-1.26729601862,0.254875438748,1,1,0.306175660298,0.121134276477
eccentric,79,0.16,0.7,0.45,0.5,60,0.7,0.72,0.0859218625405,-0.244200111788,-1.2563006658,0.258874991183,1,1,0.306175660298,0.121134276477
eccentric,79,0.16,0.7,0.45,0.5,60,0.7,0.725,0.106386542443,-0.24194862525,-1.24471777169,0.264305190402,1,1,0.306175660298,0.121134276477
eccentric,79,0.16,0.7,0.45,0.5,60,0.7,0.73,0.126800216969,-0.239581235284,-1.23253860613,0.271067267157,1,1,0.306175660298,0.121134276477
eccentric,79,0.16,0.7,0.45,0.5,60,0.7,0.735,0.147151578939,-0.237096194027,-1.21975417715,0.279048727656,1,1,0.306175660298,0.121134276477
eccentric,79,0.16,0.7,0.45,0.5,60,0.7,0.74,0.167428756725,-0.2344917015,-1.20635522467,0.288129739268,1,1,0.306175660298,0.121134276477
eccentric,79,0.16,0.7,0.45,0.5,60,0.7,0.745,0.187619270937,-0.23176590447,-1.19233221461,0.298188573392,1,1,0.306175660298,0.121134276477
eccentric,79,0.16,0.7,0.45,0.5,60,0.7,0.75,0.207709987424,-0.228916895402,-1.17767533356,0.309105781046,1,1,0.306175660298,0.121134276477
eccentric,79,0.16,0.7,0.45,0.5,60,0.7,0.755,0.22768706618,-0.225942711549,-1.16237448408,0.32076706347,1,1,0.306175660298,0.121134276477
eccentric,79,0.16,0.7,0.45,0.5,60,0.7,0.76,0.24753590578,-0.222841334203,-1.1464192808,0.333064985971,1,1,0.306175660298,0.121134276477
eccentric,79,0.16,0.7,0.45,0.5,60,0.7,0.765,0.267241082875,-0.219610688164,-1.12979904775,0.345899769778,1,1,0.306175660298,0.121134276477
eccentric,79,0.16,0.7,0.45,0.5,60,0.7,0.77,0.286786286247,-0.216248641467,-1.11250281691,0.359179410484,1,1,0.306175660298,0.121134276477
eccentric,79,0.16,0.7,0.45,0.5,60,0.7,0.775,0.30615424487,-0.212753005441,-1.09451932855,0.372819343618,1,1,0.306175660298,0.121134276477
eccentric,79,0.16,0.7,0.45,0.5,60,0.7,0.78,0.325326649363,-0.209121535176,-1.07583703362,0.386741832829,1,1,0.306175660298,0.121134276477
eccentric,79,0.16,0.7,0.45,0.5,60,0.7,0.785,0.344284066158,-0.205351930485,-1.05644409867,0.400875209466,1,1,0.306175660298,0.121134276477
eccentric,79,0.16,0.7,0.45,0.5,60,0.7,0.79,0.363005843619,-0.201441837476,-1.03632841397,0.415153051762,1,1,0.306175660298,0.121134276477
eccentric,79,0.16,0.7,0.45,0.5,60,0.7,0.8,0.39965315745,-0.193190517165,-0.993879050927,0.443897760956,1,1,0.306175660298,0.121134276477
eccentric,79,0.16,0.7,0.45,0.5,60,0.7,0.825,0.485417524591,-0.169930061214,-0.874214378854,0.514301855805,1,1,0.306175660298,0.121134276477
eccentric,79,0.16,0.7,0.45,0.5,60,0.7,0.85,0.559567753454,-0.142652576863,-0.733883887189,0.577465001875,1,1,0.306175660298,0.121134276477
eccentric,79,0.16,0.7,0.45,0.5,60,0.7,0.875,0.616554839388,-0.111063092441,-0.571370078242,0.626478156423,1,1,0.306175660298,0.121134276477
eccentric,79,0.16,0.7,0.45,0.5,60,0.7,0.9,0.648273778577,-0.0750116882149,-0.38590168185,0.652599146,1,1,0.306175660298,0.121134276477
eccentric,79,0.16,0.7,0.45,0.5,60,0.7,0.925,0.642885514997,-0.0348035012226,-0.179048491985,0.64382689373,1,1,0.306175660298,0.121134276477
eccentric,79,0.16,0.7,0.45,0.5,60,0.7,0.95,0.584114207571,0.00807544228579,0.0415445490421,0.584170026837,1,1,0.306175660298,0.121134276477
eccentric,79,0.16,0.7,0.45,0.5,60,0.7,0.975,0.454541187515,0.0496376287827,0.255363462497,0.457243463965,1,1,0.306175660298,0.121134276477
eccentric,79,0.16,0.7,0.45,0.5,60,0.7,1,0.25,0.0826227186333,0.425057038956,0.26329928529,1,1,0.306175660298,0.121134276477
article,85,0.186019,1,0.7,0,0,1,0,1,2.26488537751e-25,2.58877583247e-24,1,1,1,0.186019,0.186019
article,85,0.186019,1,0.7,0,0,1,0.025,0.987688340595,0.0136341619919,0.155839184672,0.987782439873,1,1,0.186019,0.186019
article,85,0.186019,1,0.7,0,0,1,0.05,0.951056516295,0.0269326056664,0.307841091417,0.95143778695,1,1,0.186019,0.186019
article,85,0.186019,1,0.7,0,0,1,0.075,0.891006524188,0.0395678792052,0.452262928825,0.89188465802,1,1,0.186019,0.186019
article,85,0.186019,1,0.7,0,0,1,0.1,0.809016994375,0.0512288602397,0.58554855195,0.810637337722,1,1,0.186019,0.186019
article,85,0.186019,1,0.7,0,0,1,0.125,0.707106781187,0.0616284167162,0.704416026403,0.709787335578,1,1,0.186019,0.186019
article,85,0.186019,1,0.7,0,0,1,0.15,0.587785252292,0.0705104770402,0.805938440462,0.591999349818,1,1,0.186019,0.186019
article,85,0.186019,1,0.7,0,0,1,0.175,0.45399049974,0.0776563354086,0.887615975362,0.460584281411,1,1,0.186019,0.186019
article,85,0.186019,1,0.7,0,0,1,0.2,0.309016994375,0.0828900370727,0.947437459119,0.31994102747,1,1,0.186019,0.186019
article,85,0.186019,1,0.7,0,0,1,0.21,0.248689887165,0.084417584821,0.964897409777,0.262627090387,1,1,0.186019,0.186019
article,85,0.186019,1,0.7,0,0,1,0.215,0.218143241397,0.0850567502467,0.972203104022,0.234139113626,1,1,0.186019,0.186019
article,85,0.186019,1,0.7,0,0,1,0.22,0.187381314586,0.0856119749288,0.978549351179,0.206012541626,1,1,0.186019,0.186019
article,85,0.186019,1,0.7,0,0,1,0.225,0.15643446504,0.0860827109278,0.983929888268,0.178555243477,0.994359027781,0.996279553793,0.186019,0.186019
article,85,0.186019,1,0.7,0,0,1,0.23,0.125333233564,0.0864684936839,0.988339405348,0.152266936121,0.946934600406,0.954220206964,0.186019,0.186019
article,85,0.186019,1,0.7,0,0,1,0.235,0.0941083133185,0.0867689424763,0.991773550759,0.128004781216,0.88293952557,0.888921189892,0.186019,0.186019
article,85,0.186019,1,0.7,0,0,1,0.24,0.0627905195293,0.0869837607982,0.994228935414,0.107279187102,0.818392431543,0.819452640693,0.186019,0.186019
article,85,0.186019,1,0.7,0,0,1,0.245,0.0314107590781,0.0871127366498,0.995703136144,0.0926027249733,0.76857929526,0.764819676098,0.186019,0.186019
article,85,0.186019,1,0.7,0,0,1,0.25,6.12323399574e-17,0.0871557427477,0.996194698092,0.0871557427477,0.749379255576,0.74367859794,0.186019,0.186019
article,85,0.186019,1,0.7,0,0,1,0.255,-0.0314107590781,0.0871127366498,0.995703136144,0.0926027249733,0.76857929526,0.764819676098,0.186019,0.186019
article,85,0.186019,1,0.7,0,0,1,0.26,-0.0627905195293,0.0869837607982,0.994228935414,0.107279187102,0.818392431543,0.819452640693,0.186019,0.186019
article,85,0.186019,1,0.7,0,0,1,0.265,-0.0941083133185,0.0867689424763,0.991773550759,0.128004781216,0.88293952557,0.888921189892,0.186019,0.186019
article,85,0.186019,1,0.7,0,0,1,0.27,-0.125333233564,0.0864684936839,0.988339405348,0.152266936121,0.946934600406,0.954220206964,0.186019,0.186019
article,85,0.186019,1,0.7,0,0,1,0.275,-0.15643446504,0.0860827109278,0.983929888268,0.178555243477,0.994359027781,0.996279553793,0.186019,0.186019
article,85,0.186019,1,0.7,0,0,1,0.28,-0.187381314586,0.0856119749288,0.978549351179,0.206012541626,1,1,0.186019,0.186019
article,85,0.186019,1,0.7,0,0,1,0.285,-0.218143241397,0.0850567502467,0.972203104022,0.234139113626,1,1,0.186019,0.186019
article,85,0.186019,1,0.7,0,0,1,0.29,-0.248689887165,0.084417584821,0.964897409777,0.262627090387,1,1,0.186019,0.186019
article,85,0.186019,1,0.7,0,0,1,0.3,-0.309016994375,0.0828900370727,0.947437459119,0.31994102747,1,1,0.186019,0.186019
article,85,0.186019,1,0.7,0,0,1,0.325,-0.45399049974,0.0776563354086,0.887615975362,0.460584281411,1,1,0.186019,0.186019
article,85,0.186019,1,0.7,0,0,1,0.35,-0.587785252292,0.0705104770402,0.805938440462,0.591999349818,1,1,0.186019,0.186019
article,85,0.186019,1,0.7,0,0,1,0.375,-0.707106781187,0.0616284167162,0.704416026403,0.709787335578,1,1,0.186019,0.186019
article,85,0.186019,1,0.7,0,0,1,0.4,-0.809016994375,0.0512288602397,0.58554855195,0.810637337722,1,1,0.186019,0.186019
article,85,0.186019,1,0.7,0,0,1,0.425,-0.891006524188,0.0395678792052,0.452262928825,0.89188465802,1,1,0.186019,0.186019
article,85,0.186019,1,0.7,0,0,1,0.45,-0.951056516295,0.0269326056664,0.307841091417,0.95143778695,1,1,0.186019,0.186019
article,85,0.186019,1,0.7,0,0,1,0.475,-0.987688340595,0.0136341619919,0.155839184672,0.987782439873,1,1,0.186019,0.186019
article,85,0.186019,1,0.7,0,0,1,0.5,-1,1.06735001383e-17,1.21998664835e-16,1,1,1,0.186019,0.186019
article,85,0.186019,1,0.7,0,0,1,0.525,-0.987688340595,-0.0136341619919,-0.155839184672,0.987782439873,1,1,0.186019,0.186019
article,85,0.186019,1,0.7,0,0,1,0.55,-0.951056516295,-0.0269326056664,-0.307841091417,0.95143778695,1,1,0.186019,0.186019
article,85,0.186019,1,0.7,0,0,1,0.575,-0.891006524188,-0.0395678792052,-0.452262928825,0.89188465802,1,1,0.186019,0.186019
article,85,0.186019,1,0.7,0,0,1,0.6,-0.809016994375,-0.0512288602397,-0.58554855195,0.810637337722,1,1,0.186019,0.186019
article,85,0.186019,1,0.7,0,0,1,0.625,-0.707106781187,-0.0616284167162,-0.704416026403,0.709787335578,1,1,0.186019,0.186019
article,85,0.186019,1,0.7,0,0,1,0.65,-0.587785252292,-0.0705104770402,-0.805938440462,0.591999349818,1,1,0.186019,0.186019
article,85,0.186019,1,0.7,0,0,1,0.675,-0.45399049974,-0.0776563354086,-0.887615975362,0.460584281411,1,1,0.186019,0.186019
article,85,0.186019,1,0.7,0,0,1,0.7,-0.309016994375,-0.0828900370727,-0.947437459119,0.31994102747,1,1,0.186019,0.186019
article,85,0.186019,1,0.7,0,0,1,0.71,-0.248689887165,-0.084417584821,-0.964897409777,0.262627090387,1,1,0.186019,0.186019
article,85,0.186019,1,0.7,0,0,1,0.715,-0.218143241397,-0.0850567502467,-0.972203104022,0.234139113626,1,1,0.186019,0.186019
article,85,0.186019,1,0.7,0,0,1,0.72,-0.187381314586,-0.0856119749288,-0.978549351179,0.206012541626,1,1,0.186019,0.186019
article,85,0.186019,1,0.7,0,0,1,0.725,-0.15643446504,-0.0860827109278,-0.983929888268,0.178555243477,0.996051319447,0.997395687655,0.186019,0.186019
article,85,0.186019,1,0.7,0,0,1,0.73,-0.125333233564,-0.0864684936839,-0.988339405348,0.152266936121,0.962854220284,0.967954144874,0.186019,0.186019
article,85,0.186019,1,0.7,0,0,1,0.735,-0.0941083133185,-0.0867689424763,-0.991773550759,0.128004781216,0.918057667899,0.922244832924,0.186019,0.186019
article,85,0.186019,1,0.7,0,0,1,0.74,-0.0627905195293,-0.0869837607982,-0.994228935414,0.107279187102,0.87287470208,0.873616848485,0.186019,0.186019
article,85,0.186019,1,0.7,0,0,1,0.745,-0.0314107590781,-0.0871127366498,-0.995703136144,0.0926027249733,0.838005506682,0.835373773268,0.186019,0.186019
article,85,0.186019,1,0.7,0,0,1,0.75,-1.83697019872e-16,-0.0871557427477,-0.996194698092,0.0871557427477,0.824565478903,0.820575018558,0.186019,0.186019
article,85,0.186019,1,0.7,0,0,1,0.755,0.0314107590781,-0.0871127366498,-0.995703136144,0.0926027249733,0.838005506682,0.835373773268,0.186019,0.186019
article,85,0.186019,1,0.7,0,0,1,0.76,0.0627905195293,-0.0869837607982,-0.994228935414,0.107279187102,0.87287470208,0.873616848485,0.186019,0.186019
article,85,0.186019,1,0.7,0,0,1,0.765,0.0941083133185,-0.0867689424763,-0.991773550759,0.128004781216,0.918057667899,0.922244832924,0.186019,0.186019
article,85,0.186019,1,0.7,0,0,1,0.77,0.125333233564,-0.0864684936839,-0.988339405348,0.152266936121,0.962854220284,0.967954144874,0.186019,0.186019
article,85,0.186019,1,0.7,0,0,1,0.775,0.15643446504,-0.0860827109278,-0.983929888268,0.178555243477,0.996051319447,0.997395687655,0.186019,0.186019
article,85,0.186019,1,0.7,0,0,1,0.78,0.187381314586,-0.0856119749288,-0.978549351179,0.206012541626,1,1,0.186019,0.186019
article,85,0.186019,1,0.7,0,0,1,0.785,0.218143241397,-0.0850567502467,-0.972203104022,0.234139113626,1,1,0.186019,0.186019
article,85,0.186019,1,0.7,0,0,1,0.79,0.248689887165,-0.084417584821,-0.964897409777,0.262627090387,1,1,0.186019,0.186019
article,85,0.186019,1,0.7,0,0,1,0.8,0.309016994375,-0.0828900370727,-0.947437459119,0.31994102747,1,1,0.186019,0.186019
article,85,0.186019,1,0.7,0,0,1,0.825,0.45399049974,-0.0776563354086,-0.887615975362,0.460584281411,1,1,0.186019,0.186019
article,85,0.186019,1,0.7,0,0,1,0.85,0.587785252292,-0.0705104770402,-0.805938440462,0.591999349818,1,1,0.186019,0.186019
article,85,0.186019,1,0.7,0,0,1,0.875,0.707106781187,-0.0616284167162,-0.704416026403,0.709787335578,1,1,0.186019,0.186019
article,85,0.186019,1,0.7,0,0,1,0.9,0.809016994375,-0.0512288602397,-0.58554855195,0.810637337722,1,1,0.186019,0.186019
article,85,0.186019,1,0.7,0,0,1,0.925,0.891006524188,-0.0395678792052,-0.452262928825,0.89188465802,1,1,0.186019,0.186019
article,85,0.186019,1,0.7,0,0,1,0.95,0.951056516295,-0.0269326056664,-0.307841091417,0.95143778695,1,1,0.186019,0.186019
article,85,0.186019,1,0.7,0,0,1,0.975,0.987688340595,-0.0136341619919,-0.155839184672,0.987782439873,1,1,0.186019,0.186019
article,85,0.186019,1,0.7,0,0,1,1,1,2.26488537751e-25,2.58877583247e-24,1,1,1,0.186019,0.186019
