time_s,x_m,y_m,vx_m_s,vy_m_s,radius_m,speed_m_s,acceleration_m_s2,specific_energy_J_kg,angular_momentum_m2_s
0,25484000,0,0,3163.92530661,25484000,3163.92530661,0.613768893337,-10636074.8049,80629472513.6
224.925515479,25468474.2593,711647.530525,-138.055607751,3161.99646517,25478414.8507,3165.0088462,0.614038012638,-10636074.7218,80629472513.6
449.851030958,25421895.5425,1422427.36974,-276.124414506,3156.20467619,25461658.8736,3168.26019296,0.614846458969,-10636074.4728,80629472513.6
674.776546437,25344259.4068,2131469.45802,-414.219244963,3146.53411504,25433730.4957,3173.68154042,0.616197506722,-10636074.0581,80629472513.6
899.702061916,25235558.5881,2837898.98534,-552.352167913,3132.95830487,25394627.1464,3181.2765767,0.6180966437,-10636073.4785,80629472513.6
1124.62757739,25095783.2146,3540833.98142,-690.534099889,3115.43996211,25344345.3346,3191.05053245,0.620551617247,-10636072.7351,80629472513.6
1349.55309287,24924921.1114,4239382.86418,-828.774386254,3093.93077866,25282880.7591,3203.01024763,0.623572499642,-10636071.8299,80629472513.6
1574.47860835,24722958.2025,4932641.93191,-967.080351418,3068.37113905,25210228.4542,3217.16425646,0.627171773585,-10636070.7656,80629472513.6
1799.40412383,24489879.0183,5619692.78444,-1105.45680912,3038.68977075,25126382.9733,3233.52288993,0.631364438851,-10636069.5464,80629472513.6
2024.32963931,24225667.3173,6299599.65804,-1243.90552281,3004.80332509,25031338.6142,3252.09839521,0.636168141466,-10636068.1785,80629472513.6
2249.25515479,23930306.8364,6971406.65806,-1382.42460494,2966.61588602,24925089.6905,3272.90507097,0.641603327039,-10636066.6704,80629472513.6
2474.18067027,23603782.1835,7634134.87283,-1521.00784258,2924.01840366,24807630.8547,3295.95941755,0.64769342018,-10636065.0338,80629472513.6
2699.10618575,23246079.8904,8286779.35149,-1659.64393488,2876.88804902,24678957.4798,3321.28030091,0.654465032271,-10636063.2848,80629472513.6
2924.03170123,22857189.6484,8928305.92763,-1798.31562589,2825.08748646,24539066.1061,3348.88912872,0.661948200197,-10636061.4452,80629472513.6
3148.9572167,22437105.7521,9557647.86981,-1936.99871352,2768.46406002,24387954.9641,3378.81003725,0.670176658998,-10636059.5438,80629472513.6
3373.88273218,21985828.7802,10173702.3392,-2075.66091245,2706.84889018,24225624.583,3411.0700869,0.679188151824,-10636057.6185,80629472513.6
3598.80824766,21503367.5507,10775326.6337,-2214.26054501,2640.05587753,24052078.4982,3445.69946422,0.689024780919,-10636055.719,80629472513.6
3823.73376314,20989741.3912,11361334.1975,-2352.74502972,2567.88061105,23867324.0732,3482.73168755,0.699733403818,-10636053.91,80629472513.6
4048.65927862,20444982.7735,11930490.374,-2491.0491319,2490.09917927,23671373.4534,3522.20381297,0.711366079296,-10636052.275,80629472513.6
4273.5847941,19869140.371,12481507.8805,-2629.09293474,2406.46688469,23464244.6726,3564.15663609,0.723980567965,-10636050.9216,80629472513.6
4498.51030958,19262282.6063,13013041.983,-2766.7794816,2316.71686445,23245962.9368,3608.63488453,0.737640892708,-10636049.9876,80629472513.6
4723.43582506,18624501.7688,13523685.3504,-2903.99203213,2220.5586235,23016562.115,3655.68739406,0.752417964271,-10636049.6495,80629472513.6
4948.36134054,17955918.7968,14011962.5691,-3040.59086417,2117.67649248,22776086.4697,3705.36725982,0.768390277267,-10636050.1324,80629472513.6
5173.28685601,17256688.8338,14476324.3038,-3176.40954208,2007.72802909,22524592.6679,3757.7319513,0.78564468148,-10636051.7232,80629472513.6
5398.21237149,16527007.6895,14915141.0929,-3311.25055782,1890.34239209,22262152.1194,3812.8433768,0.804277232432,-10636054.7866,80629472513.6
5623.13788697,15767119.3566,15326696.7777,-3444.88023577,1765.11873063,21988853.6973,3870.76787886,0.824394123596,-10636059.7867,80629472513.6
5848.06340245,14977324.7639,15709181.5736,-3577.02277352,1631.62464971,21704806.9053,3931.57613684,0.846112699952,-10636067.3127,80629472513.6
6072.98891793,14157991.9742,16060684.8085,-3707.35327108,1489.3948373,21410145.5684,3995.34294623,0.869562548397,-10636078.113,80629472513.6
6297.91443341,13309568.0728,16379187.3767,-3835.48957792,1337.92997174,21105032.1346,4062.14683531,0.894886654198,-10636093.1379,80629472513.6
6522.83994889,12432593.0333,16662553.9856,-3960.98276356,1176.69607139,20789662.6922,4132.06946912,0.922242603279,-10636113.5938,80629472513.6
6747.76546437,11527715.893,16908525.3175,-4083.30599311,1005.12450667,20464272.8217,4205.19477638,0.951803796569,-10636141.0121,80629472513.6
6972.69097985,10595713.6226,17114710.2812,-4201.84156622,822.612970737,20129144.4225,4281.60771758,0.98376062315,-10636177.337,80629472513.6
7197.61649532,9637513.13253,17278578.6105,-4315.86586058,628.527804422,19784613.6727,4361.39259039,1.01832151147,-10636225.0352,80629472513.6
7422.5420108,8654216.91577,17397454.162,-4424.53191408,422.208200417,19431080.3031,4444.63074093,1.0557137394,-10636287.2357,80629472513.6
7647.46752628,7647132.88947,17468509.4047,-4526.84939217,202.972977613,19069018.3872,4531.39751611,1.09618383092,-10636367.9031,80629472513.6
7872.39304176,6617809.04971,17488761.7653,-4621.6617323,-29.869172822,18698988.8684,4621.7582515,1.13999729457,-10636472.0536,80629472513.6
8097.31855724,5568073.59446,17455072.7265,-4707.62035432,-277.004804952,18321654.0586,4715.76304138,1.18743736133,-10636606.0193,80629472513.6
8322.24407272,4500081.17996,17364150.8682,-4783.15600451,-539.094713584,17937794.346,4813.43998339,1.23880225047,-10636777.7674,80629472513.6
8547.1695882,3416365.9346,17212560.4138,-4846.44760042,-816.744943157,17548327.3334,4914.78653105,1.29440032466,-10636997.2747,80629472513.6
8772.09510368,2319901.73043,16996737.3135,-4895.38942088,-1110.46751954,17154329.5801,5019.75852945,1.35454228579,-10637276.9537,80629472513.6
8997.02061916,1214169.95668,16713015.4553,-4927.55821246,-1420.62817379,16757061.0279,5128.25646252,1.4195293101,-10637632.1077,80629472513.6
9221.94613463,103234.588448,16357666.2649,-4940.18285051,-1747.37794023,16357992.0227,5240.10842087,1.4896357371,-10638081.3728,80629472513.6
9446.87165011,-1008176.39174,15926955.6874,-4930.12070036,-2090.56530428,15958832.5734,5355.04933793,1.56508464215,-10638647.0614,80629472513.6
9671.79716559,-2114585.29136,15417223.3075,-4893.8468623,-2449.62576167,15561563.0791,5472.69618049,1.64601440589,-10639355.2645,80629472513.6
9896.72268107,-3209678.4481,14824989.0131,-4827.46509107,-2823.44656138,15168465.1491,5592.51908271,1.73243436806,-10640235.4897,80629472513.6
10121.6481965,-4286225.43949,14147092.961,-4726.75226326,-3210.20651762,14782150.3092,5713.8089611,1.82416802465,-10641319.5077,80629472513.6
10346.573712,-5336012.82681,13380874.3015,-4587.25146966,-3607.19470385,14405583.2913,5835.64303889,1.92078330004,-10642638.9745,80629472513.6
10571.4992275,-6349805.24237,12524392.7046,-4404.43134002,-4010.61824713,14042095.258,5956.85102661,2.02151159693,-10644221.3326,80629472513.6
10796.424743,-7317350.8059,11576693.5483,-4173.92963175,-4415.41879454,13695380.8391,6075.98647974,2.12516101166,-10646083.5481,80629472513.6
11021.3502585,-8227451.79036,10538112.0077,-3891.89525159,-4815.12933036,13369471.4798,6191.30996781,2.23003453421,-10648223.5454,80629472513.6
11246.2757739,-9068123.89721,9410602.65484,-3555.43200012,-5201.81629947,13068676.8015,6300.79276924,2.3338709134,-10650609.9032,80629472513.6
11471.2012894,-9826866.54112,8198069.58257,-3163.12697863,-5566.16264354,12797486.1163,6402.15111172,2.43383276095,-10653171.539,80629472513.6
11696.1268049,-10491059.8296,6906658.65116,-2715.61633281,-5897.74898631,12560424.7568,6492.92038859,2.52657046122,-10655790.5847,80629472513.6
11921.0523204,-11048489.3481,5544961.12074,-2216.10486579,-6185.57479127,12361865.1791,6570.57503378,2.60838720547,-10658302.8316,80629472513.6
12145.9778359,-11487976.8882,4124071.45424,-1670.72462897,-6418.82252037,12205801.0119,6632.69201259,2.67551565122,-10660509.9762,80629472513.6
12370.9033513,-11800066.5449,2657447.19242,-1088.60737686,-6587.80656875,12095602.3432,6677.14470476,2.72448904454,-10662205.367,80629472513.6
12595.8288668,-11977688.039,1160539.87754,-481.573340975,-6684.97853566,12033780.103,6702.30191091,2.75255448541,-10663209.9463,80629472513.6
12820.7543823,-12016702.8088,-349797.293776,136.589785019,-6705.80732988,12021792.9005,6707.19827609,2.75804649121,-10663409.3698,80629472513.6
13045.6798978,-11916242.9834,-1856074.46321,751.182753715,-6649.34589684,12059927.8295,6691.64227864,2.74063152555,-10662780.2126,80629472513.6
13270.6054133,-11678782.4726,-3341012.40066,1347.81478776,-6518.35127268,12147276.3986,6656.2382782,2.70135860025,-10661395.5609,80629472513.6
13495.5309287,-11309927.1116,-4788361.50337,1913.56643515,-6318.92884512,12281810.0114,6602.31764242,2.6425019528,-10659407.8133,80629472513.6
13720.4564442,-10817962.639,-6183589.05619,2437.89197452,-6059.7870937,12460541.2914,6531.7943094,2.56723869135,-10657015.2682,80629472513.6
13945.3819597,-10213238.8934,-7514362.97486,2913.13617596,-5751.27151191,12679743.673,6446.97497927,2.4792431301,-10654424.201,80629472513.6
14170.3074752,-9507485.32689,-8770804.47514,3334.64378438,-5404.36951727,12935195.7226,6350.35897,2.38228687472,-10651817.4679,80629472513.6
14395.2329906,-8713145.94917,-9945524.17388,3700.52911032,-5029.84467911,13222418.9702,6244.4577981,2.27991280786,-10649335.765,80629472513.6
14620.1585061,-7842798.49153,-11033485.2896,4011.22245592,-4637.59314895,13536886.1196,6131.65359475,2.17521663597,-10647071.9835,80629472513.6
14845.0840216,-6908693.39197,-12031750.2331,4268.9167349,-4236.24713572,13874186.753,6014.10341485,2.07073724438,-10645075.3025,80629472513.6
15070.0095371,-5922421.89726,-12939165.431,4477.0144577,-3832.99977648,14230146.9838,5893.68693951,1.96843598111,-10643360.4688,80629472513.6
15294.9350526,-4894703.82256,-13756029.1342,4639.63981076,-3433.59939922,14600906.2408,5771.98946707,1.86973665633,-10641918.41,80629472513.6
15519.860568,-3835275.14511,-14483773.6606,4761.24665355,-3042.45541705,14982958.1489,5650.31013845,1.77559917255,-10640725.7612,80629472513.6
15744.7860835,-2752852.10682,-15124680.8402,4846.32795961,-2662.80519007,15373163.8006,5529.68590178,1.68660567631,-10639752.2428,80629472513.6
15969.711599,-1655149.51612,-15681639.3206,4899.21696563,-2296.90373471,15768745.4067,5410.92354805,1.60304525932,-10638965.7483,80629472513.6
16194.6371145,-548934.303942,-16157945.3533,4923.9633347,-1946.21108977,16167267.1441,5294.6343148,1.52498944475,-10638335.4815,80629472513.6
16419.56263,559900.46639,-16557144.3858,4924.26625215,-1611.56289673,16566608.5469,5181.26751791,1.45235520673,-10637833.6348,80629472513.6
16644.4881454,1666251.9463,-16882908.5838,4903.44806291,-1293.31754597,16964934.3588,5071.14121085,1.38495511832,-10637436.082,80629472513.6
16869.4136609,2765721.63274,-17138944.6172,4864.45503764,-991.47829523,17360663.5456,4964.46895681,1.32253576684,-10637122.4636,80629472513.6
17094.3391764,3854532.06003,-17328926.1171,4809.87503989,-705.791687007,17752439.2063,4861.38249934,1.26480623748,-10636875.9362,80629472513.6
17319.2646919,4929448.87821,-17456445.7353,4741.96471443,-435.825029425,18139100.4174,4761.95052569,1.21145859845,-10636682.7642,80629472513.6
17544.1902074,5987709.77558,-17524982.4559,4662.68112354,-181.026204434,18519656.5421,4666.19392508,1.16218217587,-10636531.8632,80629472513.6
17769.1157228,7026960.78866,-17537880.56,4573.7145103,59.2309718268,18893264.2087,4574.09802363,1.11667314278,-10636414.3565,80629472513.6
17994.0412383,8045199.96335,-17498337.3422,4476.5201345,285.612923435,19259206.946,4485.62228198,1.07464065684,-10636323.1745,80629472513.6
18218.9667538,9040727.98627,-17409397.2919,4372.34800731,498.801530442,19616877.3404,4400.70790485,1.03581051091,-10636252.7086,80629472513.6
18443.8922693,10012105.2221,-17273950.9595,4262.26994056,699.476326804,19965761.5114,4319.28375752,0.999927030054,-10636198.5218,80629472513.6
18668.8177847,10958114.5133,-17094737.1452,4147.20370537,888.302022312,20305425.6726,4241.2709247,0.966753761046,-10636157.1103,80629472513.6
18893.7433002,11877729.0846,-16874347.3789,4027.93432856,1065.92003773,20635504.5412,4166.5861904,0.936073354194,-10636125.7104,80629472513.6
19118.6688157,12770084.9236,-16615231.9173,3905.13268887,1232.94303167,20955691.3658,4095.14466619,0.907686925241,-10636102.1437,80629472513.6
19343.5943312,13634457.0507,-16319706.685,3779.37164413,1389.9516319,21265729.3633,4026.86175123,0.881413101586,-10636084.6938,80629472513.6
19568.5198467,14470239.1541,-15989960.7427,3651.13994786,1537.49277012,21565404.372,3961.65457064,0.857086895222,-10636072.0089,80629472513.6
19793.4453621,15276926.1204,-15628063.9773,3520.85421586,1676.07916485,21854538.5531,3899.44300846,0.83455849995,-10636063.0238,80629472513.6
20018.3708776,16054099.0529,-15235974.8024,3388.86919109,1806.18961013,22132984.9903,3840.15042701,0.813692078084,-10636056.8999,80629472513.6
20243.2963931,16801412.4198,-14815547.7191,3255.48653473,1928.26981447,22400623.0609,3783.70414477,0.794364578865,-10636052.9765,80629472513.6
20468.2219086,17518583.0268,-14368540.6384,3120.96234802,2042.73360068,22657354.4648,3730.03572919,0.776464614673,-10636050.7335,80629472513.6
20693.1474241,18205380.5497,-13896621.9028,2985.51360564,2149.9643275,22903099.8179,3679.08114873,0.759891409878,-10636049.7617,80629472513.6
20918.0729395,18861619.4003,-13401376.9691,2849.32365812,2250.31643165,23137795.7263,3630.7808184,0.744553829531,-10636049.7393,80629472513.6
21142.998455,19487151.7348,-12884314.7361,2712.54693969,2344.11701761,23361392.2734,3585.07956568,0.730369489962,-10636050.4134,80629472513.6
21367.9239705,20081861.4376,-12346873.5121,2575.31299896,2431.66744343,23573850.859,3541.92653764,0.717263950046,-10636051.5859,80629472513.6
21592.849486,20645658.9424,-11790426.6297,2437.72995275,2513.24486699,23775142.3398,3501.27506546,0.705169979803,-10636053.1015,80629472513.6
21817.7750015,21178476.7701,-11216287.7176,2299.887449,2589.10372841,23965245.4288,3463.08249895,0.694026901825,-10636054.8392,80629472513.6
22042.7005169,21680265.6824,-10625715.6482,2161.85921162,2659.47715328,24144145.3172,3427.31002095,0.68378000039,-10636056.7046,80629472513.6
22267.6260324,22150991.3652,-10019919.1784,2023.7052298,2724.57826718,24311832.4855,3393.92244919,0.674379992947,-10636058.6246,80629472513.6
22492.5515479,22590631.5664,-9400061.30579,1885.47364449,2784.60141674,24468301.6804,3362.88803176,0.665782558703,-10636060.5428,80629472513.6
22717.4770634,22999173.628,-8767263.36028,1747.20237709,2839.72329555,24613551.0319,3334.17824086,0.657947919257,-10636062.416,80629472513.6
22942.4025788,23376612.357,-8122608.85365,1608.92053898,2890.10397516,24747581.2935,3307.76756862,0.650840466562,-10636064.2114,80629472513.6
23167.3280943,23722948.1912,-7467147.10748,1470.64965429,2935.88784328,24870395.188,3283.63332819,0.644428433879,-10636065.9039,80629472513.6
23392.2536098,24038185.6202,-6801896.68057,1332.40472411,2977.20445187,24981996.845,3261.75546249,0.638683605746,-10636067.4752,80629472513.6
23617.1791253,24322331.83,-6127848.61543,1194.19515598,3014.16927838,25082391.3194,3242.1163627,0.633581063445,-10636068.9113,80629472513.6
23842.1046408,24575395.5423,-5445969.52321,1056.02557929,3046.88440372,25171584.1795,3224.70069832,0.629098962794,-10636070.2024,80629472513.6
24067.0301562,24797386.0256,-4757204.52521,917.896564352,3075.43911061,25249581.1568,3209.49526031,0.62521834149,-10636071.3412,80629472513.6
24291.9556717,24988312.2581,-4062480.06866,779.805260538,3099.91040552,25316387.8509,3196.48881847,0.62192295358,-10636072.3229,80629472513.6
24516.8811872,25148182.226,-3362706.63341,641.745966994,3120.36346756,25372009.4823,3185.67199439,0.619199128972,-10636073.1438,80629472513.6
24741.8067027,25277002.3429,-2658781.34581,503.710647714,3136.85202715,25416450.6902,3177.03715069,0.617035656213,-10636073.8018,80629472513.6
24966.7322182,25374776.9801,-1951590.51504,365.689401568,3149.418677,25449715.3683,3170.57829764,0.615423687041,-10636074.2954,80629472513.6
25191.6577336,25441508.0972,-1242012.10704,227.670896723,3158.09511749,25471806.5385,3166.29101763,0.614356661515,-10636074.6236,80629472513.6
25416.5832491,25477194.9677,-530918.170571,89.6427781458,3162.90233818,25482726.2578,3164.17240816,0.613830252776,-10636074.786,80629472513.6
25641.5087646,25481833.9934,180822.770606,-48.4079438018,3163.8507368,25482475.5576,3164.22104376,0.613842330734,-10636074.7822,80629472513.6
25866.4342801,25455418.6043,892343.345175,-186.494516047,3160.94017639,25471054.4141,3166.43695709,0.614392944226,-10636074.6124,80629472513.6
26091.3597956,25397939.2431,1602774.96775,-324.630069428,3154.15998116,25448461.7491,3170.82163938,0.615484321433,-10636074.2768,80629472513.6
26316.285311,25309383.4329,2311245.46451,-462.827241974,3143.48887086,25414695.4605,3177.37806015,0.617120888532,-10636073.7758,80629472513.6
26541.2108265,25189735.9311,3016876.67711,-601.097791491,3128.89483325,25369752.4853,3186.11070624,0.619309306852,-10636073.1104,80629472513.6
26766.136342,25038978.9717,3718782.031,-739.452189842,3110.33493359,25313628.8931,3197.02563959,0.622058528976,-10636072.2822,80629472513.6
26991.0618575,24857092.6012,4416064.05361,-877.899190889,3087.75505991,25246320.0152,3210.13057357,0.625379874517,-10636071.2934,80629472513.6
27215.9873729,24644055.1156,5107811.82805,-1016.44536342,3061.08960193,25167820.6091,3225.43496723,0.629287126508,-10636070.1476,80629472513.6
27440.9128884,24399843.6065,5793098.3669,-1155.09457956,3030.26106164,25078125.0637,3242.95013675,0.633796649638,-10636068.8499,80629472513.6
27665.8384039,24124434.6281,6470977.8907,-1293.8474482,2995.17959265,24977227.6482,3262.68938323,0.638927531828,-10636067.4074,80629472513.6
27890.7639194,23817804.9981,7140482.99455,-1432.70068142,2955.74246524,24865122.8093,3284.66813596,0.644701750925,-10636065.8305,80629472513.6
28115.6894349,23479932.7495,7800621.68593,-1571.64638058,2911.83345386,24741805.5245,3308.90410992,0.651144368637,-10636064.1328,80629472513.6
28340.6149503,23110798.2535,8450374.27575,-1710.67122648,2863.32214324,24607271.7162,3335.41747628,0.65828375412,-10636062.3334,80629472513.6
28565.5404658,22710385.5347,9088690.10403,-1849.7555559,2810.06314932,24461518.7374,3364.23104434,0.666151840046,-10636060.4574,80629472513.6
28790.4659813,22278683.8096,9714484.08053,-1988.87230368,2751.89525131,24304545.9377,3395.37045321,0.674784414295,-10636058.538,80629472513.6
29015.3914968,21815689.2784,10326633.0199,-2127.98578646,2688.64043105,24136355.3218,3428.86437102,0.684221450853,-10636056.6192,80629472513.6
29240.3170123,21321407.2097,10923971.7503,-2267.05029977,2620.10281652,23956952.3146,3464.74469923,0.694507483872,-10636054.7578,80629472513.6
29465.2425277,20795854.3638,11505288.9731,-2406.00849576,2546.06752729,23766346.6498,3503.0467789,0.705692029267,-10636053.028,80629472513.6
29690.1680432,20239061.8074,12069322.8524,-2544.78950265,2466.29942088,23564553.4004,3543.80959509,0.717830058589,-10636051.5249,80629472513.6
29915.0935587,19651078.1825,12614756.3103,-2683.30674082,2380.54174116,23351594.1748,3587.07597449,0.730982530221,-10636050.3712,80629472513.6
30140.0190742,19031973.5037,13140212.0089,-2821.45538188,2288.51467315,23127498.5046,3632.89277039,0.745216983185,-10636049.7237,80629472513.6
30364.9445896,18381843.5702,13644246.9954,-2959.10938801,2189.9138127,22892305.4564,3681.31102697,0.760608198885,-10636049.7829,80629472513.6
30589.8701051,17700815.0948,14125346.9952,-3096.11805781,2084.40856601,22646065.5027,3732.38611319,0.77723893588,-10636050.8042,80629472513.6
30814.7956206,16989051.6699,14581920.3377,-3232.30199174,1971.64050198,22388842.6985,3786.17781342,0.795200742188,-10636053.1131,80629472513.6
31039.7211361,16246760.7114,15012291.5077,-3367.44837558,1851.22169252,22120717.2109,3842.75035841,0.814594848348,-10636057.1233,80629472513.6
31264.6466516,15474201.5464,15414694.3246,-3501.30546302,1722.7330912,21841788.2652,3902.1723756,0.835533142395,-10636063.3603,80629472513.6
31489.572167,14671694.8392,15787264.7648,-3633.5761189,1585.7230222,21552177.5746,3964.51673158,0.858139224464,-10636072.4919,80629472513.6
31714.4976825,13839633.5833,16128033.461,-3763.91026309,1439.70587996,21252033.3389,4029.86023199,0.882549533571,-10636085.366,80629472513.6
31939.423198,12978495.9269,16434917.9392,-3891.89603106,1284.16117776,20941534.9054,4098.28313408,0.908914531268,-10636103.059,80629472513.6
32164.3487135,12088860.1413,16705714.6907,-4017.04944283,1118.53313422,20620898.2065,4169.86841501,0.937399915522,-10636126.9375,80629472513.6
32389.274229,11171422.0936,16938091.2228,-4138.80234714,942.231053161,20290382.1025,4244.70072281,0.968187821704,-10636158.7363,80629472513.6
32614.1997444,10227015.6385,17129578.3014,-4256.48838695,754.630839841,19950295.7786,4322.86491724,1.00147794424,-10636200.6571,80629472513.6
32839.1252599,9256636.40449,17277562.6841,-4369.32671852,555.078110717,19601007.3677,4404.44408322,1.03748847969,-10636255.4932,80629472513.6
33064.0507754,8261469.50962,17379280.7617,-4476.40321683,342.893501236,19242953.9898,4489.51686853,1.07645674637,-10636326.7861,80629472513.6
33288.9762909,7242921.80242,17431813.6791,-4576.64892665,117.380964824,18876653.4211,4578.15396079,1.11863927324,-10636419.0198,80629472513.6
33513.9018064,6202659.27163,17432084.7098,-4668.81558591,-122.159906127,18502717.6212,4670.41347397,1.16431106564,-10636537.8617,80629472513.6
33738.8273218,5142650.29775,17376859.9194,-4751.44818134,-376.416212645,18121868.3569,4766.33496359,1.21376364259,-10636690.4549,80629472513.6
33963.7528373,4065215.40871,17262753.4885,-4822.85472979,-646.037056703,17734955.1542,4865.93173229,1.26730129185,-10636885.7662,80629472513.6
34188.6783528,2973084.12539,17086239.4834,-4881.07385965,-931.599736844,17342975.7799,4969.18102841,1.3252347998,-10637134.9891,80629472513.6
34413.6038683,1869459.30077,16843672.3864,-4923.84136112,-1233.56430108,16947099.3842,5076.0116858,1.38787168076,-10637451.9891,80629472513.6
34638.5293837,758089.01282,16531319.3108,-4948.5577631,-1552.21349548,16548692.3081,5186.28871838,1.45550165815,-10637853.7594,80629472513.6
34863.4548992,-356654.510721,16145407.5452,-4952.26027676,-1887.57482419,16149346.341,5299.794389,1.52837586034,-10638360.8249,80629472513.6
35088.3804147,-1469690.37825,15682191.8302,-4931.60422046,-2239.32138805,15750908.8756,5416.20535673,1.60667793301,-10638997.4822,80629472513.6
35313.3059302,-2575141.75357,15138046.5101,-4882.86138149,-2606.64866651,15355513.902,5535.06572151,1.69048513324,-10639791.6938,80629472513.6
35538.2314457,-3666250.60474,14509588.2402,-4801.94566081,-2988.12585514,14965612.0622,5655.75620545,1.77971762042,-10640774.3597,80629472513.6
35763.1569611,-4735301.95969,13793835.0136,-4684.47958242,-3381.52332534,14583997.0183,5777.46042461,1.87407485267,-10641977.5845,80629472513.6
35988.0824766,-5773568.57439,12988406.4861,-4525.91827491,-3783.62289365,14213824.1558,5899.13031154,1.97295959003,-10643431.4628,80629472513.6
36213.0079921,-6771290.96169,12091768.3541,-4321.74924722,-4190.0254903,13858616.2086,6019.45430792,2.07539292115,-10645158.8937,80629472513.6
36437.9335076,-7717711.9288,11103519.1995,-4067.78486452,-4594.98171193,13522248.9265,6136.83392614,2.17992832235,-10647168.0982,80629472513.6
36662.8590231,-8601188.17671,10024711.0938,-3760.55735175,-4991.2838353,13208908.7575,6249.37644252,2.28457903123,-10649443.0127,80629472513.6
36887.7845385,-9409402.53045,8858185.02043,-3397.8106502,-5370.27052953,12923014.2705,6354.91327831,2.38678015934,-10651932.6723,80629472513.6
37112.710054,-10129696.8007,7608889.35953,-2979.05780851,-5722.00258244,12669094.4649,6451.05409836,2.48341281602,-10654542.0714,80629472513.6
37337.6355695,-10749534.7569,6284136.25957,-2506.13831862,-6035.66194271,12451621.0197,6535.28456601,2.57091831979,-10657128.4113,80629472513.6
37562.561085,-11257085.7071,4893740.61209,-1983.67416594,-6300.19949498,12274798.4014,6605.10990622,2.64552171482,-10659507.2792,80629472513.6
37787.4866005,-11641892.6255,3449985.02151,-1419.30036336,-6505.20580759,12142325.1708,6658.23671256,2.703562094,-10661472.0045,80629472513.6
38012.4121159,-11895559.4387,1967367.07295,-823.553061311,-6641.91051667,12057150.0596,6692.77333818,2.74189446421,-10662825.5246,80629472513.6
38237.3376314,-12012368.8192,462114.728059,-209.348697742,-6704.15058088,12021254.2886,6707.41842204,2.75829364511,-10663418.3663,80629472513.6
38462.2631469,-11989735.1663,-1048501.97755,408.922458378,-6689.11493,12035493.5816,6701.60250415,2.75177078548,-10663181.565,80629472513.6
38687.1886624,-11828414.6297,-2546990.51939,1016.56131591,-6597.69740261,12099526.989,6675.55300521,2.72272188116,-10662142.9221,80629472513.6
38912.1141778,-11532434.0103,-4016482.95607,1599.77920834,-6434.37339626,12211845.4599,6630.26805778,2.67286772827,-10660420.3735,80629472513.6
39137.0396933,-11108752.3035,-5441500.02527,2146.75046864,-6206.63130298,12369894.9174,6567.40509682,2.60500191097,-10658195.0454,80629472513.6
39361.9652088,-10566716.0987,-6808542.44649,2648.32912084,-5924.09322794,12570272.0478,6489.10839065,2.5226134857,-10655673.934,80629472513.6
39586.8907243,-9917398.71822,-8106459.47135,3098.35670011,-5597.51312553,12808961.0233,6397.80958075,2.42947401634,-10653054.2666,80629472513.6
39811.8162398,-9172917.14292,-9326589.4968,3493.58864026,-5237.83270323,13081577.9076,6296.03470562,2.32926983707,-10650498.3343,80629472513.6
40036.7417552,-8345804.26666,-10462703.9129,3833.33707849,-4855.42200228,13383595.2579,6186.24247646,2.22533028353,-10648121.8411,80629472513.6
40261.6672707,-7448486.50615,-11510806.0903,4118.9545981,-4459.56165898,13710529.0956,6070.70648042,2.1204675823,-10645993.8976,80629472513.6
40486.5927862,-6492888.29424,-12468842.3228,4353.27277493,-4058.16325506,14058080.4974,5951.44292232,2.01691694764,-10644144.3777,80629472513.6
40711.5183017,-5490162.26031,-13336375.0143,4540.07800429,-3657.68600303,14422232.1493,5830.17797171,1.91635119964,-10642574.2898,80629472513.6
40936.4438172,-4450529.52338,-14114256.1422,4683.67125398,-3263.19299149,14799305.3717,5708.34519936,1.81994139669,-10641266.0307,80629472513.6
41161.3693326,-3383207.91804,-14804325.7458,4788.52849531,-2878.49197034,15185985.5329,5587.10311107,1.72843918374,-10640191.8519,80629472513.6
41386.2948481,-2296405.04299,-15409148.7226,4859.05851132,-2506.3162434,15579324.1342,5467.36414814,1.64226350018,-10639320.0188,80629472513.6
41611.2203636,-1197355.43724,-15931794.6918,4899.44407824,-2148.51436351,15976725.0131,5349.82861838,1.56158110784,-10638618.8226,80629472513.6
41836.1458791,-92385.0732762,-16375660.1241,4913.54872293,-1806.22927357,16375920.7222,5235.01912521,1.48637575407,-10638058.8914,80629472513.6
42061.0713946,1013009.52143,-16744328.7926,4904.87168062,-1480.05676236,16774943.6663,5123.31281723,1.41650439399,-10637614.3006,80629472513.6
42285.99691,2114076.50897,-17041465.1845,4876.53616888,-1170.17942296,17172095.2455,5014.9700785,1.35174100888,-10637262.9076,80629472513.6
42510.9224255,3206724.3445,-17270735.2125,4831.29924675,-876.476181711,17565915.1712,4910.1591531,1.29180959077,-10636986.2344,80629472513.6
42735.847941,4287441.45598,-17435748.8985,4771.57456387,-598.609557412,17955152.2937,4808.97673324,1.2364082111,-10636769.117,80629472513.6
42960.7734565,5353222.08135,-17540020.339,4699.46187276,-336.093718841,18338737.6923,4711.46483393,1.1852260536,-10636599.2623,80629472513.6
43185.6989719,6401499.22439,-17586941.0044,4616.77918801,-88.3466007506,18715760.3696,4617.62441009,1.13795506931,-10636466.7922,80629472513.6
43410.6244874,7430084.95878,-17579763.1484,4525.09496443,145.270857685,19085445.6288,4527.42620693,1.09429762639,-10636363.8206,80629472513.6
43635.5500029,8437117.85932,-17521590.7593,4425.75872169,365.42566362,19447136.049,4440.81931385,1.05397124381,-10636284.081,80629472513.6
43860.4755184,9421017.08251,-17415376.0369,4319.92926324,572.791652325,19800274.8813,4357.73784393,1.01671124711,-10636222.6094,80629472513.6
44085.4010339,10380442.4921,-17263919.844,4208.60011149,768.034458999,20144391.6441,4278.10610301,0.982271976597,-10636175.4833,80629472513.6
44310.3265493,11314260.1815,-17069874.9437,4092.62207982,951.801111722,20479089.6783,4201.84255351,0.950427012857,-10636139.6067,80629472513.6
44535.2520648,12221512.754,-16835751.1326,3972.72308107,1124.71309229,20804035.4305,4128.86282393,0.92096875688,-10636112.5391,80629472513.6
44760.1775803,13101393.7553,-16563921.5996,3849.52537026,1287.36197078,21118949.2421,4059.08196765,0.893707605943,-10636092.3571,80629472513.6
44985.1030958,13953225.7105,-16256630.0228,3723.56046584,1440.30692757,21423597.4436,3992.41613417,0.868470894711,-10636077.5456,80629472513.6
45210.0286113,14776441.2697,-15915998.0434,3595.28200762,1584.07364045,21717785.5757,3928.78378289,0.84510171874,-10636066.9109,80629472513.6
45434.9541267,15570567.0282,-15544032.8625,3465.07680374,1719.15414233,22001352.5769,3868.10654208,0.823457719709,-10636059.513,80629472513.6
45659.8796422,16335209.6422,-15142634.7801,3333.27430281,1846.00735374,22274165.8011,3810.3097942,0.803409884578,-10636054.6115,80629472513.6
45884.8051577,17070043.9098,-14713604.5513,3200.1547055,1965.06006962,22536116.7457,3755.32305086,0.784841391754,-10636051.6232,80629472513.6
46109.7306732,17774802.5357,-14258650.4819,3065.9559065,2076.70823774,22787117.3856,3703.08016728,0.767646523956,-10636050.0894,80629472513.6
46334.6561887,18449267.3352,-13779395.2096,2930.87943423,2181.31840938,23027097.0282,3653.51943488,0.75172965825,-10636049.649,80629472513.6
46559.5817041,19093261.6708,-13277382.1466,2795.09553409,2279.22927584,23255999.6107,3606.58358236,0.737004337522,-10636050.0183,80629472513.6
46784.5072196,19706643.9428,-12754081.57,2658.74752081,2370.75322894,23473781.3781,3562.21970854,0.72339242353,-10636050.9745,80629472513.6
47009.4327351,20289301.9841,-12210896.3624,2521.9555079,2456.1779018,23680408.8853,3520.37916553,0.710823329082,-10636052.3433,80629472513.6
47234.3582506,20841148.2281,-11649167.4087,2384.81960634,2535.76766027,23875857.2785,3481.01740612,0.699233325293,-10636053.9882,80629472513.6
47459.283766,21362115.5426,-11070178.6661,2247.42267153,2609.76502492,24060108.8143,3444.09380676,0.688564919038,-10636055.8029,80629472513.6
47684.2092815,21852153.6339,-10475161.9217,2109.83266528,2678.39201105,24233151.5846,3409.57147459,0.678766295315,-10636057.7047,80629472513.6
47909.134797,22311225.9422,-9865301.25865,1972.1046903,2741.85137959,24394978.4171,3377.41704521,0.66979081921,-10636059.63,80629472513.6
48134.0603125,22739306.962,-9241737.25184,1834.28274557,2800.32779539,24545585.9279,3347.60047681,0.661596592286,-10636061.5294,80629472513.6
48358.985828,23136379.9264,-8605570.91287,1696.40124413,2853.98889198,24684973.7054,3320.09484452,0.654146058509,-10636063.3655,80629472513.6
48583.9113434,23502434.8105,-7957867.40644,1558.48632861,2902.98624401,24813143.6074,3294.8761387,0.647405655189,-10636065.1098,80629472513.6
48808.8368589,23837466.6081,-7299659.55815,1420.55701461,2947.45624941,24930099.1566,3271.92306968,0.641345504784,-10636066.7409,80629472513.6
49033.7623744,24141473.8481,-6631951.17394,1282.6261877,2987.5209242,25035845.0213,3251.2168814,0.635939143832,-10636068.243,80629472513.6
49258.6878899,24414457.3209,-5955720.19039,1144.70147633,3023.28861333,25130386.5721,3232.74117575,0.631163285675,-10636069.6044,80629472513.6
49483.6134054,24656418.9874,-5271921.67436,1006.78601958,3054.85462078,25213729.5024,3216.48174926,0.626997614012,-10636070.8167,80629472513.6
49708.5389208,24867361.0498,-4581490.68981,868.879146311,3082.30176257,25285879.5086,3202.42644356,0.623424604701,-10636071.8739,80629472513.6
49933.4644363,25047285.1671,-3885345.04874,730.97698011,3105.70084559,25346842.0201,3190.56501073,0.620429373544,-10636072.772,80629472513.6
50158.3899518,25196191.7979,-3184387.96257,593.072982643,3125.11107545,25396621.9764,3180.8889947,0.617999548164,-10636073.508,80629472513.6
50383.3154673,25314079.6598,-2479510.6096,455.15844649,3140.58039577,25435223.6453,3173.39162942,0.616125162321,-10636074.0803,80629472513.6
50608.2409827,25400945.2943,-1771594.63373,317.222947515,3152.14576128,25462650.4785,3168.06775477,0.614798571348,-10636074.4875,80629472513.6
50833.1664982,25456782.7298,-1061514.58915,179.254765762,3159.83334652,25478905.0034,3164.91375061,0.614014387644,-10636074.7291,80629472513.6
51058.0920137,25481583.2355,-350140.345146,41.2412832104,3163.65869151,25483988.7468,3163.92748966,0.61376943539,-10636074.8047,80629472513.6
51283.0175292,25475335.1635,361660.534821,-96.8306338129,3163.62678557,25477902.1907,3165.10830937,0.61406272393,-10636074.7142,80629472513.6
51507.9430447,25438023.875,1073020.42591,-234.974260103,3159.73208956,25460644.7582,3168.45700313,0.614895439482,-10636074.4577,80629472513.6
51732.8685601,25369631.7504,1783069.27286,-373.202637647,3151.95849686,25432214.8304,3173.97583083,0.616270955064,-10636074.0356,80629472513.6
51957.7940756,25270138.2837,2490932.20526,-511.528194987,3140.27923265,25392609.7936,3181.66854863,0.618194858774,-10636073.4486,80629472513.6
52182.7195911,25139520.2645,3195727.12316,-649.962352433,3124.65669068,25341826.1176,3191.54045786,0.620675000768,-10636072.6979,80629472513.6
52407.6451066,24977752.0494,3896562.23895,-788.515105304,3105.0422062,25279859.4681,3203.59847259,0.623721559536,-10636071.7855,80629472513.6
52632.5706221,24784805.9315,4592533.56079,-927.194576887,3081.37576356,25206704.8534,3217.85120534,0.627347128311,-10636070.7141,80629472513.6
52857.4961375,24560652.6131,5282722.30295,-1066.00653205,3053.58563606,25122356.8105,3234.30907044,0.631566822708,-10636069.4882,80629472513.6
53082.421653,24305261.794,5966192.20729,-1204.9538415,3021.58795559,25026809.6315,3252.98440413,0.636398410946,-10636068.1138,80629472513.6
53307.3471685,24018602.8853,6641986.7599,-1344.03588559,2985.28620916,24920057.6379,3273.89160058,0.641862468302,-10636066.5996,80629472513.6
53532.272684,23700645.8652,7309126.28618,-1483.24788484,2944.57065881,24802095.5062,3297.04726272,0.647982557757,-10636064.9575,80629472513.6
53757.1981995,23351362.2951,7966604.9065,-1622.58014296,2899.31768134,24672918.6513,3322.47036671,0.654785439095,-10636063.204,80629472513.6
53982.1237149,22970726.5151,8613387.33421,-1762.01718558,2849.38902396,24532523.6778,3350.18243864,0.662301309088,-10636061.361,80629472513.6
54207.0492304,22558717.0476,9248405.49653,-1901.53677551,2794.63097188,24380908.9056,3380.20774178,0.670564075755,-10636059.4575,80629472513.6
54431.9747459,22115318.2362,9870554.95805,-2041.10878227,2734.87342378,24218074.9828,3412.5734725,0.679611670066,-10636057.5322,80629472513.6
54656.9002614,21640522.1576,10478691.1258,-2180.69387973,2669.92887174,24044025.5981,3447.30996245,0.689486398868,-10636055.6353,80629472513.6
54881.8257768,21134330.8462,11071625.2136,-2320.24204133,2599.59128239,23858768.3083,3484.45088441,0.700235343218,-10636053.8322,80629472513.6
55106.7512923,20596758.8832,11648119.9442,-2459.69079725,2523.63487752,23662315.498,3524.033458,0.711910806671,-10636052.2073,80629472513.6
55331.6768078,20027836.4053,12206884.965,-2598.96321133,2441.81281368,23454685.494,3566.09865131,0.724570818452,-10636050.8695,80629472513.6
55556.6023233,19427612.6032,12746571.9558,-2737.96552841,2353.85576329,23235903.8577,3610.69137274,0.738279696706,-10636049.9582,80629472513.6
55781.5278388,18796159.7896,13265769.4068,-2876.58443389,2259.47040298,23006004.8855,3657.86064623,0.753108677129,-10636049.6517,80629472513.6
56006.4533542,18133578.13,13762997.046,-3014.68385708,2158.33782022,22765033.3513,3707.65976113,0.769136612262,-10636050.1777,80629472513.6
56231.3788697,17440001.1485,14236699.9004,-3152.10123786,2050.11185665,22513046.5311,3760.14638524,0.786450746272,-10636051.826,80629472513.6
56456.3043852,16715602.1384,14685241.9783,-3288.64316206,1934.41741616,22250116.5573,3815.3826266,0.805147569146,-10636054.9656,80629472513.6
56681.2299007,15960601.6316,15106899.5694,-3424.0802551,1810.84877935,21976333.1573,3873.43502528,0.825333752592,-10636060.0654,80629472513.6
56906.1554162,15175276.1056,15499854.1686,-3558.1412043,1678.96798438,21691806.8434,3934.37445121,0.847127167177,-10636067.721,80629472513.6
57131.0809316,14359968.1425,15862185.0481,-3690.50576005,1538.30335885,21396672.6281,3998.27587702,0.870657975989,-10636078.6889,80629472513.6
57356.0064471,13515098.2847,16191861.5205,-3820.79654247,1388.34832011,21091094.3563,4065.2179864,0.896069793667,-10636093.9296,80629472513.6
57580.9319626,12641178.8788,16486734.9712,-3948.56945582,1228.56060568,20775269.7566,4135.28256704,0.923520890071,-10636114.6624,80629472513.6
57805.8574781,11738830.2442,16744530.7756,-4073.30248737,1058.36215338,20449436.3344,4208.55362344,0.953185404101,-10636142.4354,80629472513.6
58030.7829936,10808799.5554,16962840.2771,-4194.38264414,877.139927657,20113878.246,4285.11612657,0.985254513336,-10636179.2135,80629472513.6
58255.708509,9851982.88747,17139113.0764,-4311.09076184,684.248089036,19768934.3127,4365.05429567,1.01993747732,-10636227.4901,80629472513.6
58480.6340245,8869450.93168,17270649.9853,-4422.58391235,479.012034153,19415007.3589,4448.44927931,1.05746243323,-10636290.4276,80629472513.6
58705.55954,7862478.95501,17354597.1338,-4527.87514703,260.735001858,19052575.0751,4535.37606911,1.09807676886,-10636372.0327,80629472513.6
58930.4850555,6832581.62874,17387941.8947,-4625.81035707,28.708154466,18682202.6284,4625.89943878,1.14204682435,-10636477.3748,80629472513.6
59155.4105709,5781553.39686,17367511.5266,-4715.04212825,-217.774689771,18304557.2552,4720.06865275,1.18965657524,-10636612.8521,80629472513.6
59380.3360864,4711515.06634,17289975.726,-4794.00064566,-479.396170572,17920425.0738,4817.91063418,1.2412048186,-10636786.5135,80629472513.6
59605.2616019,3624967.264,17151854.6651,-4860.86200448,-756.786457479,17530730.3361,4919.42122295,1.2970002153,-10637008.4358,80629472513.6
59830.1871174,2524851.28228,16949534.5579,-4913.51476312,-1050.48395659,17136557.2892,5024.55409668,1.35735332913,-10637291.1512,80629472513.6
60055.1126329,1414617.58219,16679293.3742,-4949.52630835,-1360.88287814,16739174.7218,5133.20688119,1.42256454945,-10637650.1037,80629472513.6
60280.0381483,298301.769719,16337339.9922,-4966.11168087,-1688.16449294,16340063.0955,5245.20396001,1.49290649838,-10638104.0882,80629472513.6
60504.9636638,-819392.877302,15919870.8366,-4960.10903605,-2032.20868793,15940943.8912,5360.27553404,1.56859924091,-10638675.5868,80629472513.6
60729.8891793,-1933008.39381,15423148.8188,-4927.96798095,-2392.482611,15543810.3738,5478.03262725,1.64977640438,-10639390.8563,80629472513.6
60954.8146948,-3036244.35406,14843610.0675,-4865.7596745,-2767.90410886,15150958.3728,5597.93804591,1.73644030125,-10640279.5382,80629472513.6
61179.7402103,-4121875.39978,14178004.3018,-4769.2207084,-3156.67979539,14765014.8254,5719.27386091,1.8284045446,-10641373.4598,80629472513.6
61404.6657257,-5181683.2066,13423574.4072,-4633.8460409,-3556.12156467,14388960.724,5841.10689112,1.92522375859,-10642704.1906,80629472513.6
61629.5912412,-6206415.81857,12578279.3497,-4455.04882502,-3962.45185541,14026143.7578,5962.25500459,2.02611221696,-10644298.8546,80629472513.6
61854.5167567,-7185791.5135,11641061.3549,-4228.40539907,-4370.61745678,13680274.4542,6081.25884767,2.129857003,-10646173.7631,80629472513.6
62079.4422722,-8108568.34666,10612152.5809,-3949.99977427,-4774.14391291,13355398.2731,6196.36573467,2.23473679343,-10648325.7528,80629472513.6
62304.3677877,-8962702.98424,9493407.79371,-3616.87089472,-5165.07601047,13055835.336,6305.53449463,2.33846427125,-10650721.8332,80629472513.6
62529.2933031,-9735621.44748,8288637.81261,-3227.54529459,-5534.06054596,12786079.9996,6406.47131852,2.43817701074,-10653288.9351,80629472513.6
62754.2188186,-10414617.5625,7003904.95173,-2782.60713666,-5870.62906954,12550655.1042,6496.70594603,2.5305054467,-10655907.0263,80629472513.6
62979.1443341,-10987380.1367,5647729.2733,-2285.22116579,-6163.72248864,12353921.1675,6573.71361511,2.6117428559,-10658410.0048,80629472513.6
63204.0698496,-11442626.6599,4231148.03568,-1741.4926597,-6402.459981,12199849.1211,6635.08029281,2.67812687394,-10660598.5432,80629472513.6
63428.995365,-11770792.405,2767576.05018,-1160.53868291,-6577.09275514,12091775.3467,6678.69741374,2.72621389628,-10662266.4089,80629472513.6
63653.9208805,-11964696.1828,1272436.07908,-554.173428003,-6680.01268301,12032167.233,6702.96036341,2.75329247548,-10663236.6896,80629472513.6
63878.846396,-12020087.8929,-237434.542077,63.8171090871,-6706.63316653,12022432.7037,6706.93678618,2.7577529466,-10663398.6871,80629472513.6
64103.7719115,-11935987.9905,-1744549.76515,678.734312303,-6655.95397645,12062804.9472,6690.47110474,2.73932433719,-10662733.3648,80629472513.6
64328.697427,-11714758.5628,-3231622.30039,1276.18766132,-6530.67799883,12152322.8593,6654.2024369,2.69911549501,-10661317.8943,80629472513.6
64553.6229424,-11361893.6554,-4682381.99577,1843.25535794,-6336.85272858,12288910.7976,6599.49186061,2.63944905078,-10659307.5307,80629472513.6
64778.5484579,-10885568.2397,-6082262.03337,2369.38264381,-6083.12445968,12469543.1891,6528.27521668,2.56353339468,-10656901.7293,80629472513.6
65003.4739734,-10296024.4303,-7418881.8054,2846.89448124,-5779.77444085,12690465.9612,6442.87209049,2.47505543056,-10654306.3064,80629472513.6
65228.3994889,-9604889.82231,-8682299.52429,3271.10266849,-5437.72810905,12947441.1962,6345.7859762,2.37778275144,-10651702.5237,80629472513.6
65453.3250044,-8824515.52255,-9865049.40133,3640.0755971,-5067.69428977,13235984.0548,6239.5252838,2.2752420011,-10649228.9638,80629472513.6
65678.2505198,-7967398.06219,-10962007.0251,3954.18717993,-4679.52580975,13551569.2781,6126.4637482,2.1705054845,-10646976.4128,80629472513.6
65903.1760353,-7045720.34306,-11970138.9112,4215.56743137,-4281.82546304,13889794.8403,6008.7467965,2.06608604701,-10644992.2833,80629472513.6
66128.1015508,-6071020.70712,-12888190.6241,4427.55381658,-3881.77146219,14246499.5697,5888.24103475,1.96391970755,-10643290.0267,80629472513.6
66353.0270663,-5053980.69405,-13716357.8054,4594.20724831,-3485.11067408,14617838.1542,5766.51859019,1.86540771466,-10641859.7391,80629472513.6
66577.9525817,-4004311.84003,-14455971.2538,4719.92306829,-3096.26243251,15000320.6033,5644.86623593,1.77149113795,-10640677.6045,80629472513.6
66802.8780972,-2930718.43574,-15109214.6528,4809.14239608,-2718.48283278,15390824.4735,5524.30986621,1.68273720241,-10639713.1684,80629472513.6
67027.8036127,-1840914.17513,-15678883.5588,4866.15420214,-2354.05183895,15786587.8089,5405.64674941,1.59942370219,-10638934.3286,80629472513.6
67252.7291282,-741673.951107,-16168187.2995,4894.97162162,-2004.45830315,16185189.551,5289.48015078,1.52161397007,-10638310.3963,80629472513.6
67477.6546437,361093.855359,-16580591.1929,4899.26466581,-1670.56859965,16584522.6968,5176.25286398,1.44921931219,-10637813.7197,80629472513.6
67702.5801591,1462265.30974,-16919694.3063,4882.33315397,-1352.77226381,16982764.0641,5066.27770894,1.38204859744,-10637420.3434,80629472513.6
67927.5056746,2557416.45815,-17189137.1905,4847.10661974,-1051.10301509,17378343.3127,4959.76412055,1.3198461859,-10637110.0727,80629472513.6
68152.4311901,3642741.2198,-17392534.0813,4796.16108209,-765.33643152,17769912.9251,4856.84063757,1.26232001233,-10636866.2133,80629472513.6
68377.3567056,4714974.46557,-17533424.5732,4731.74537507,-495.066969476,18156320.1524,4757.57349904,1.20916175598,-10636675.1582,80629472513.6
68602.2822211,5771321.755,-17615240.4679,4655.81200538,-239.767525257,18536581.4416,4661.98175625,1.16006087461,-10636525.9316,80629472513.6
68827.2077365,6809396.29613,-17641284.2416,4570.04923501,1.16529573343,18909859.5344,4570.04938358,1.11471401423,-10636409.7461,80629472513.6
69052.133252,7827163.1149,-17614716.2584,4475.9123388,228.377336938,19275443.2191,4481.73487309,1.07283101642,-10636319.6044,80629472513.6
69277.0587675,8822890.07622,-17538548.4612,4374.65285803,442.532019388,19632729.5968,4396.97876006,1.03413847599,-10636249.9566,80629472513.6
69501.984283,9795105.21316,-17415642.7733,4267.34525622,644.292409691,19981208.6557,4315.7094718,0.998381573328,-10636196.4122,80629472513.6
69726.9097985,10742559.7392,-17248712.8564,4154.91076074,834.308588934,20320449.9201,4237.84783248,0.965324720037,-10636155.5045,80629472513.6
69951.8353139,11664196.1024,-17040328.1944,4038.1384068,1013.20902559,20650090.9366,4163.31050031,0.934751411954,-10636124.499,80629472513.6
70176.7608294,12559120.4646,-16792919.7317,3917.70343517,1181.59494018,20969827.3708,4092.01256213,0.906463573055,-10636101.2406,80629472513.6
70401.6863449,13426579.0317,-16508786.4924,3794.18326493,1340.03688037,21279404.5017,4023.86946715,0.880280591218,-10636084.0312,80629472513.6
70626.6118604,14265937.718,-16190102.7595,3668.07129136,1489.07290899,21578609.926,3958.79844483,0.856038185963,-10636071.5333,80629472513.6
70851.5373758,15076664.6838,-15838925.5091,3539.78876254,1629.20795155,21867267.3023,3896.71952196,0.833587203996,-10636062.6932,80629472513.6
71076.4628913,15858315.3422,-15457201.8829,3409.694977,1760.91396169,22145230.9887,3837.55622977,0.812792406569,-10636056.681,80629472513.6
71301.3884068,16610519.4844,-15046776.548,3278.09602543,1884.63064899,22412381.4448,3781.23607238,0.793531290038,-10636052.8432,80629472513.6
71526.3139223,17332970.2188,-14609398.8425,3145.25227738,2000.76657926,22668621.289,3727.69081243,0.775692965076,-10636050.6653,80629472513.6
71751.2394378,18025414.464,-14146729.6396,3011.3847903,2109.70050759,22913871.9141,3676.85661768,0.759177109008,-10636049.7425,80629472513.6
71976.1649532,18687644.7713,-13660347.8941,2876.68079607,2211.7828418,23148070.5824,3628.67410245,0.743892998158,-10636049.7563,80629472513.6
72201.0904687,19319492.2859,-13151756.848,2741.29839942,2307.33716274,23371167.9292,3583.08829046,0.729758622119,-10636050.4567,80629472513.6
72426.0159842,19920820.6825,-12622389.8927,2605.37060399,2396.66174883,23583125.8163,3540.04851979,0.716699878569,-10636051.6476,80629472513.6
72650.9414997,20491520.9381,-12073616.0894,2469.00876512,2480.03106824,23783915.4857,3499.5083057,0.704649845249,-10636053.1756,80629472513.6
72875.8670152,21031506.8209,-11506745.3598,2332.30555437,2557.69721381,23973515.9694,3461.42517418,0.693548124533,-10636054.9208,80629472513.6
73100.7925306,21540710.9962,-10923033.3609,2195.33750788,2629.89126433,24151912.7199,3425.76047553,0.683340255463,-10636056.79,80629472513.6
73325.7180461,22019081.6621,-10323686.0633,2058.1672204,2696.82456224,24319096.4301,3392.47918588,0.673977187906,-10636058.7111,80629472513.6
73550.6435616,22466579.6422,-9709864.05129,1920.84523728,2758.6899022,24475062.0166,3361.54970246,0.665414813582,-10636060.6281,80629472513.6
73775.5690771,22883175.8724,-9082686.56667,1783.41168926,2815.66262829,24619807.7425,3332.94363735,0.657613548925,-10636062.4985,80629472513.6
74000.4945926,23268849.2293,-8443235.31513,1645.89770812,2867.90163973,24753334.4631,3306.63561355,0.650537965062,-10636064.2897,80629472513.6
74225.420108,23623584.6533,-7792558.05735,1508.32665568,2915.55030663,24875644.9755,3282.60306628,0.644156460599,-10636065.9772,80629472513.6
74450.3456235,23947371.5303,-7131672.00388,1370.71519398,2958.73729815,24986743.4609,3260.82605216,0.638440973261,-10636067.5426,80629472513.6
74675.271139,24240202.2965,-6461567.03344,1233.07422051,2997.57732596,25086635.0055,3241.28706819,0.633366726869,-10636068.9724,80629472513.6
74900.1966545,24502071.2397,-5783208.75342,1095.40968894,3032.17180642,25175325.1919,3223.97088236,0.628912010519,-10636070.2568,80629472513.6
75125.1221699,24732973.4743,-5097541.42028,957.723333046,3062.60944454,25252819.7517,3208.86437739,0.625057987191,-10636071.3887,80629472513.6
75350.0476854,24932904.0684,-4405490.73737,820.013309319,3088.96674304,25319124.2724,3195.95640882,0.621788529387,-10636072.3632,80629472513.6
75574.9732009,25101857.3069,-3707966.54633,682.274771492,3111.30843947,25374243.9526,3185.23767862,0.619090079723,-10636073.1769,80629472513.6
75799.8987164,25239826.0778,-3005865.42825,544.500388982,3129.68787405,25418183.401,3176.70062526,0.616951534709,-10636073.8275,80629472513.6
76024.8242319,25346801.3683,-2300073.22962,406.680819677,3144.14729059,25450946.4748,3170.33933105,0.615364150255,-10636074.3137,80629472513.6
76249.7497473,25422771.8638,-1591467.52809,268.805146564,3154.71807249,25472536.1543,3166.14944747,0.614321467699,-10636074.6344,80629472513.6
76474.6752628,25467723.6406,-880920.052326,130.861286838,3161.42091528,25482954.4514,3164.12813899,0.613819259425,-10636074.7893,80629472513.6
76699.6007783,25481639.9486,-169299.070062,-7.16361846249,3164.26593697,25482202.3507,3164.27404586,0.613855493396,-10636074.7782,80629472513.6
76924.5262938,25464501.0794,542528.241646,-145.282826705,3163.25272684,25470279.7809,3166.58726606,0.614430316129,-10636074.6009,80629472513.6
77149.4518093,25416284.3192,1253693.43028,-283.509620435,3158.37033285,25447185.6167,3171.06935659,0.615546053929,-10636074.2578,80629472513.6
77374.3773247,25336963.9844,1963324.39202,-421.856931399,3149.5971877,25412917.7116,3177.72335413,0.617207232367,-10636073.7495,80629472513.6
77599.3028402,25226511.5437,2670542.97227,-560.33695448,3136.90097264,25367472.9611,3186.55381481,0.619420614273,-10636073.0767,80629472513.6
77824.2283557,25084895.8277,3374462.52858,-698.96074391,3120.23841804,25310847.3988,3197.56687294,0.622195256705,-10636072.2413,80629472513.6
78049.1538712,24912083.3324,4074185.44146,-837.737783741,3099.55503925,25243036.3264,3210.77031811,0.625542587627,-10636071.2453,80629472513.6
78274.0793867,24708038.6221,4768800.55849,-976.675523903,3074.78480554,25164034.4801,3226.1736902,0.629476503252,-10636070.0926,80629472513.6
78499.0049021,24472724.8411,5457380.55621,-1115.77887233,3045.84973985,25073836.2379,3243.78839163,0.634013487293,-10636068.7882,80629472513.6
78723.9304176,24206104.346,6138979.20411,-1255.04963265,3012.6594464,24972435.87,3263.62781585,0.639172753622,-10636067.3394,80629472513.6
78948.8559331,23908139.47,6812628.5141,-1394.48587547,2975.11056288,24859827.839,3285.70749128,0.644976414143,-10636065.7567,80629472513.6
79173.7814486,23578793.4373,7477335.75803,-1534.08122978,2933.08613362,24736007.1555,3310.04523939,0.651449673999,-10636064.0541,80629472513.6
79398.706964,23218031.4472,8132080.33519,-1673.82407904,2886.45489986,24600969.7951,3336.66134579,0.658621056561,-10636062.2506,80629472513.6
79623.6324795,22825821.9497,8775810.47055,-1813.69664392,2835.07050296,24454713.1877,3365.57874264,0.666522661019,-10636060.3719,80629472513.6
79848.557995,22402138.1421,9407439.72379,-1953.67393107,2778.77059646,24297236.7872,3396.82320069,0.675190455753,-10636058.4515,80629472513.6
80073.4835105,21946959.7176,10025843.2882,-2093.72252369,2717.37586297,24128542.7344,3430.42352878,0.684664611086,-10636056.5339,80629472513.6
80298.409026,21460274.9062,10629854.0572,-2233.79918557,2650.68893228,23948636.6278,3466.41177837,0.694989875375,-10636054.6767,80629472513.6
80523.3345414,20942082.8511,11218258.4371,-2373.8492457,2578.49319806,23757528.4174,3504.82344972,0.706215998859,-10636052.9548,80629472513.6
80748.2600569,20392396.3757,11789791.8807,-2513.80472418,2500.55153142,23555233.4426,3545.69769617,0.718398209983,-10636051.4646,80629472513.6
80973.1855724,19811245.2043,12343134.1215,-2653.58215408,2416.60489231,23341773.6362,3589.07752131,0.7315977493,-10636050.3299,80629472513.6
