theta_rad,x_m,y_m,time_s,speed_m_s
0,0,0,0,0
0.0182336350542,7.59636211136e-07,0.000124982394971,0.0050479021939,0.0495192345391
0.0364672701084,6.0767866327e-06,0.000499888028709,0.0100958043878,0.0990343532481
0.0547009051627,2.05074503011e-05,0.0011245922615,0.0151437065817,0.148541240639
0.0729345402169,4.86045964084e-05,0.00199888740652,0.0201916087756,0.198035781908
0.0911681752711,9.49166506394e-05,0.00312248279889,0.0252395109695,0.247513863277
0.109401810325,0.000163985983019,0.00449500489234,0.0302874131634,0.296971372337
0.12763544538,0.000260347397773,0.00611599738331,0.0353353153573,0.346404198388
0.145869080434,0.000388526625705,0.00798492136276,0.0403832175512,0.395808232781
0.164102715488,0.000553038819587,0.0101011554952,0.0454311197451,0.445179369262
0.182336350542,0.00075838705307,0.0124639962255,0.050479021939,0.49451350431
0.200569985596,0.00100906082361,0.0150726580125,0.0555269241329,0.543806537479
0.218803620651,0.00130953455991,0.0179262735902,0.0605748263268,0.593054371741
0.237037255705,0.00166426613434,0.0210238942565,0.0656227285207,0.642252913822
0.255270890759,0.00207769538096,0.0243644901879,0.0706706307146,0.691398074547
0.273504525813,0.00255424261937,0.0279469507826,0.0757185329085,0.740485769177
0.291738160868,0.00309830718524,0.0317700850291,0.0807664351024,0.789511917751
0.309971795922,0.00371426596767,0.0358326219027,0.0858143372963,0.838472445421
0.328205430976,0.00440647195406,0.0401332107876,0.0908622394902,0.887363282795
0.34643906603,0.00517925278299,0.0446704219263,0.0959101416841,0.936180366272
0.364672701084,0.0060369093054,0.0494427468945,0.100958043878,0.984919638382
0.382906336139,0.00698371415478,0.0544485991031,0.106005946072,1.03357704812
0.401139971193,0.00802391032673,0.0596863143254,0.111053848266,1.08214855129
0.419373606247,0.00916170976828,0.0651541512502,0.11610175046,1.13063011084
0.437607241301,0.0104012919777,0.070850292061,0.121149652654,1.17901769717
0.455840876356,0.0117468026148,0.0767728430403,0.126197554848,1.22730728852
0.47407451141,0.0132023521231,0.0829198351991,0.131245457041,1.27549487126
0.492308146464,0.0147720143628,0.0892892249316,0.136293359235,1.32357644024
0.510541781518,0.0164598252565,0.0958788946943,0.141341261429,1.37154799912
0.528775416572,0.0182697814479,0.10268665371,0.146389163623,1.41940556072
0.547009051627,0.0202058389725,0.109710238698,0.151437065817,1.4671451473
0.565242686681,0.0222719119425,0.116947314623,0.156484968011,1.51476279097
0.583476321735,0.024471871246,0.124395475473,0.161532870205,1.56225453393
0.601709956789,0.0268095432595,0.132052245062,0.166580772399,1.60961642888
0.619943591843,0.029288708576,0.139915077849,0.171628674593,1.65684453929
0.638177226898,0.0319131007485,0.147981359785,0.176676576787,1.70393493977
0.656410861952,0.0346864050481,0.156248409185,0.18172447898,1.75088371636
0.674644497006,0.0376122572392,0.164713477617,0.186772381174,1.79768696687
0.69287813206,0.0406942423708,0.173373750816,0.191820283368,1.84434080121
0.711111767115,0.0439358935845,0.182226349621,0.196868185562,1.89084134172
0.729345402169,0.0473406909399,0.191268330929,0.201916087756,1.93718472346
0.747579037223,0.0509120602576,0.200496688677,0.20696398995,1.98336709458
0.765812672277,0.0546533719803,0.209908354842,0.212011892144,2.02938461657
0.784046307331,0.0585679400525,0.219500200454,0.217059794338,2.07523346467
0.802279942386,0.0626590208183,0.229269036646,0.222107696532,2.12090982811
0.82051357744,0.0669298119391,0.239211615706,0.227155598726,2.16640991046
0.838747212494,0.0713834513305,0.249324632164,0.232203500919,2.21172992995
0.856980847548,0.0760230161192,0.259604723882,0.237251403113,2.25686611977
0.875214482603,0.0808515216197,0.270048473181,0.242299305307,2.30181472838
0.893448117657,0.0858719203318,0.280652407971,0.247347207501,2.34657201986
0.911681752711,0.0910871009596,0.291413002907,0.252395109695,2.39113427416
0.929915387765,0.0964998874504,0.302326680564,0.257443011889,2.43549778745
0.948149022819,0.102113038056,0.313389812619,0.262490914083,2.47965887242
0.966382657874,0.107929244417,0.324598721068,0.267538816277,2.52361385861
0.984616292928,0.113951130666,0.335949679437,0.272586718471,2.56735909264
1.00284992798,0.120181252556,0.34743891403,0.277634620665,2.6108909386
1.02108356304,0.12662209661,0.359062605179,0.282682522859,2.65420577831
1.03931719809,0.133276079297,0.370816888516,0.287730425052,2.69730001162
1.05755083314,0.140145546225,0.382697856256,0.292778327246,2.74017005672
1.0757844682,0.147232771364,0.394701558496,0.29782622944,2.78281235043
1.09401810325,0.154539956289,0.406824004532,0.302874131634,2.8252233485
1.11225173831,0.162069229447,0.419061164181,0.307922033828,2.86739952592
1.13048537336,0.169822645452,0.431408969122,0.312969936022,2.90933737717
1.14871900842,0.177802184397,0.443863314251,0.318017838216,2.95103341655
1.16695264347,0.186009751203,0.456420059043,0.32306574041,2.99248417848
1.18518627852,0.19444717498,0.46907502893,0.328113642604,3.03368621772
1.20341991358,0.20311620842,0.481824016688,0.333161544798,3.07463610976
1.22165354863,0.212018527215,0.494662783837,0.338209446991,3.11533045099
1.23988718369,0.221155729502,0.507587062049,0.343257349185,3.15576585909
1.25812081874,0.230529335327,0.520592554566,0.348305251379,3.19593897323
1.2763544538,0.240140786143,0.533674937632,0.353353153573,3.23584645438
1.29458808885,0.249991444329,0.546829861927,0.358401055767,3.27548498562
1.3128217239,0.260082592741,0.560052954014,0.363448957961,3.31485127234
1.33105535896,0.270415434279,0.573339817793,0.368496860155,3.3539420426
1.34928899401,0.280991091493,0.586686035965,0.373544762349,3.39275404732
1.36752262907,0.291810606206,0.600087171495,0.378592664543,3.43128406063
1.38575626412,0.30287493917,0.613538769093,0.383640566737,3.46952888006
1.40398989917,0.314184969746,0.62703635669,0.38868846893,3.50748532688
1.42222353423,0.325741495608,0.640575446931,0.393736371124,3.54515024629
1.44045716928,0.337545232487,0.654151538659,0.398784273318,3.58252050776
1.45869080434,0.349596813921,0.667760118419,0.403832175512,3.61959300521
1.47692443939,0.361896791055,0.681396661952,0.408880077706,3.65636465735
1.49515807445,0.374445632451,0.695056635707,0.4139279799,3.69283240786
1.5133917095,0.387243723936,0.708735498337,0.418975882094,3.72899322571
1.53162534455,0.40029136847,0.722428702222,0.424023784288,3.76484410535
1.54985897961,0.41358878605,0.736131694969,0.429071686482,3.80038206702
1.56809261466,0.427136113633,0.749839920934,0.434119588676,3.83560415694
1.58632624972,0.440933405092,0.76354882273,0.439167490869,3.8705074476
1.60455988477,0.454980631199,0.777253842749,0.444215393063,3.905089038
1.62279351983,0.469277679632,0.79095042467,0.449263295257,3.93934605386
1.64102715488,0.483824355016,0.80463401498,0.454311197451,3.97327564786
1.65926078993,0.498620378983,0.818300064484,0.459359099645,4.00687499994
1.67749442499,0.51366539027,0.831944029818,0.464407001839,4.04014131746
1.69572806004,0.528958944837,0.845561374961,0.469454904033,4.07307183545
1.7139616951,0.544500516012,0.859147572742,0.474502806227,4.10566381687
1.73219533015,0.56028949467,0.872698106344,0.479550708421,4.13791455282
1.75042896521,0.576325189434,0.886208470808,0.484598610615,4.16982136275
1.76866260026,0.592606826902,0.89967417453,0.489646512809,4.2013815947
1.78689623531,0.609133551911,0.913090740751,0.494694415002,4.23259262551
1.80512987037,0.625904427813,0.926453709051,0.499742317196,4.26345186106
1.82336350542,0.642918436795,0.939758636829,0.50479021939,4.29395673646
1.84159714048,0.660174480208,0.953001100776,0.509838121584,4.32410471627
1.85983077553,0.67767137894,0.966176698355,0.514886023778,4.35389329471
1.87806441058,0.695407873806,0.979281049254,0.519933925972,4.38331999589
1.89629804564,0.713382625963,0.992309796852,0.524981828166,4.41238237398
1.91453168069,0.731594217359,1.00525860966,0.53002973036,4.44107801345
1.93276531575,0.750041151206,1.01812318276,0.535077632554,4.46940452922
1.9509989508,0.76872185247,1.03089923925,0.540125534748,4.49735956692
1.96923258586,0.787634668403,1.04358253166,0.545173436941,4.52494080305
1.98746622091,0.806777869088,1.05616884333,0.550221339135,4.55214594516
2.00569985596,0.826149648016,1.06865398987,0.555269241329,4.57897273209
2.02393349102,0.845748122685,1.08103382051,0.560317143523,4.60541893409
2.04216712607,0.865571335226,1.09330421952,0.565365045717,4.63148235308
2.06040076113,0.885617253055,1.1054611075,0.570412947911,4.65716082278
2.07863439618,0.905883769549,1.11750044284,0.575460850105,4.68245220889
2.09686803124,0.926368704745,1.12941822298,0.580508752299,4.70735440931
2.11510166629,0.947069806064,1.14121048577,0.585556654493,4.73186535426
2.13333530134,0.967984749064,1.15287331081,0.590604556687,4.75598300651
2.1515689364,0.989111138208,1.16440282072,0.59565245888,4.77970536148
2.16980257145,1.01044650766,1.17579518244,0.600700361074,4.80303044749
2.18803620651,1.03198832212,1.18704660851,0.605748263268,4.82595632585
2.20626984156,1.05373397763,1.19815335832,0.610796165462,4.84848109106
2.22450347661,1.07568080249,1.20911173937,0.615844067656,4.87060287094
2.24273711167,1.0978260581,1.21991810847,0.62089196985,4.89231982684
2.26097074672,1.12016693991,1.23056887297,0.625939872044,4.91363015374
2.27920438178,1.1427005783,1.24106049197,0.630987774238,4.93453208039
2.29743801683,1.16542403961,1.25138947746,0.636035676432,4.95502386954
2.31567165189,1.18833432704,1.2615523955,0.641083578626,4.97510381798
2.33390528694,1.21142838169,1.27154586737,0.646131480819,4.99477025676
2.35213892199,1.23470308356,1.28136657068,0.651179383013,5.01402155128
2.37037255705,1.25815525261,1.29101124047,0.656227285207,5.03285610146
2.3886061921,1.28178164977,1.30047667031,0.661275187401,5.05127234184
2.40683982716,1.30557897808,1.30975971336,0.666323089595,5.06926874176
2.42507346221,1.32954388372,1.31885728342,0.671370991789,5.08684380541
2.44330709727,1.35367295719,1.32776635594,0.676418893983,5.10399607205
2.46154073232,1.37796273438,1.33648396904,0.681466796177,5.12072411604
2.47977436737,1.40240969779,1.34500722451,0.686514698371,5.13702654702
2.49800800243,1.42701027762,1.35333328872,0.691562600565,5.15290201
2.51624163748,1.45176085303,1.36145939363,0.696610502758,5.16834918548
2.53447527254,1.47665775331,1.36938283767,0.701658404952,5.18336678955
2.55270890759,1.50169725908,1.37710098663,0.706706307146,5.19795357402
2.57094254265,1.52687560358,1.38461127457,0.71175420934,5.21210832649
2.5891761777,1.55218897388,1.39191120465,0.716802111534,5.22582987048
2.60740981275,1.57763351216,1.39899834995,0.721850013728,5.23911706551
2.62564344781,1.60320531698,1.40587035433,0.726897915922,5.25196880721
2.64387708286,1.62890044461,1.41252493312,0.731945818116,5.26438402739
2.66211071792,1.6547149103,1.41895987398,0.73699372031,5.27636169415
2.68034435297,1.68064468965,1.42517303757,0.742041622504,5.28790081197
2.69857798802,1.70668571991,1.43116235829,0.747089524698,5.29900042175
2.71681162308,1.73283390133,1.43692584495,0.752137426891,5.30965960094
2.73504525813,1.75908509857,1.44246158144,0.757185329085,5.31987746361
2.75327889319,1.78543514201,1.44776772737,0.762233231279,5.32965316047
2.77151252824,1.81187982918,1.45284251868,0.767281133473,5.33898587903
2.7897461633,1.83841492615,1.45768426822,0.772329035667,5.34787484357
2.80797979835,1.86503616892,1.46229136633,0.777376937861,5.3563193153
2.8262134334,1.89173926487,1.46666228135,0.782424840055,5.36431859233
2.84444706846,1.91851989415,1.47079556013,0.787472742249,5.37187200981
2.86268070351,1.94537371114,1.47468982855,0.792520644443,5.37897893992
2.88091433857,1.97229634589,1.47834379192,0.797568546637,5.38563879196
2.89914797362,1.99928340557,1.48175623548,0.80261644883,5.39185101241
2.91738160868,2.02633047593,1.48492602472,0.807664351024,5.39761508492
2.93561524373,2.05343312276,1.48785210583,0.812712253218,5.40293053041
2.95384887878,2.0805868934,1.49053350603,0.817760155412,5.40779690708
2.97208251384,2.10778731816,1.49296933385,0.822808057606,5.41221381046
2.99031614889,2.13502991186,1.4951587795,0.8278559598,5.41618087344
3.00854978395,2.1623101753,1.49710111508,0.832903861994,5.41969776628
3.026783419,2.18962359676,1.49879569484,0.837951764188,5.42276419668
3.04501705405,2.21696565347,1.50024195542,0.842999666382,5.42537990978
3.06325068911,2.24433181318,1.501439416,0.848047568576,5.42754468815
3.08148432416,2.27171753559,1.50238767847,0.853095470769,5.42925835189
3.09971795922,2.29911827393,1.50308642757,0.858143372963,5.43052075854
3.11795159427,2.3265294764,1.50353543101,0.863191275157,5.4313318032
3.13618522933,2.35394658776,1.50373453951,0.868239177351,5.43169141844
3.15441886438,2.38136505078,1.50368368687,0.873287079545,5.43159957438
3.17265249943,2.40878030778,1.50338289001,0.878334981739,5.43105627866
3.19088613449,2.43618780216,1.50283224891,0.883382883933,5.43006157642
3.20911976954,2.4635829799,1.50203194666,0.888430786127,5.42861555034
3.2273534046,2.49096129107,1.5009822493,0.893478688321,5.42671832061
3.24558703965,2.51831819133,1.49968350583,0.898526590515,5.42437004493
3.26382067471,2.54564914348,1.49813614801,0.903574492708,5.42157091846
3.28205430976,2.57294961896,1.49634069028,0.908622394902,5.41832117387
3.30028794481,2.6002150993,1.49429772954,0.913670297096,5.41462108125
3.31852157987,2.6274410777,1.49200794499,0.91871819929,5.41047094815
3.33675521492,2.65462306048,1.48947209789,0.923766101484,5.40587111949
3.35498884998,2.68175656858,1.48669103129,0.928814003678,5.40082197761
3.37322248503,2.70883713908,1.48366566977,0.933861905872,5.39532394217
3.39145612008,2.73586032662,1.48039701914,0.938909808066,5.38937747013
3.40968975514,2.76282170495,1.47688616608,0.94395771026,5.38298305575
3.42792339019,2.78971686836,1.47313427779,0.949005612454,5.37614123051
3.44615702525,2.81654143314,1.46914260162,0.954053514647,5.36885256305
3.4643906603,2.84329103908,1.46491246462,0.959101416841,5.3611176592
3.48262429536,2.86996135087,1.46044527312,0.964149319035,5.35293716183
3.50085793041,2.89654805956,1.45574251227,0.969197221229,5.34431175089
3.51909156546,2.923046884,1.45080574553,0.974245123423,5.33524214327
3.53732520052,2.94945357226,1.44563661417,0.979293025617,5.32572909281
3.55555883557,2.97576390303,1.44023683669,0.984340927811,5.31577339019
3.57379247063,3.00197368706,1.43460820828,0.989388830005,5.30537586288
3.59202610568,3.02807876849,1.42875260022,0.994436732199,5.29453737509
3.61025974074,3.05407502631,1.42267195923,0.999484634393,5.28325882766
3.62849337579,3.07995837566,1.41636830687,1.00453253659,5.27154115803
3.64672701084,3.10572476922,1.40984373882,1.00958043878,5.2593853401
3.6649606459,3.13137019856,1.40310042422,1.01462834097,5.24679238423
3.68319428095,3.15689069547,1.39614060492,1.01967624317,5.23376333708
3.70142791601,3.18228233327,1.38896659476,1.02472414536,5.22029928158
3.71966155106,3.20754122811,1.38158077879,1.02977204756,5.2064013368
3.73789518612,3.23266354029,1.37398561246,1.03481994975,5.19207065788
3.75612882117,3.25764547549,1.36618362083,1.03986785194,5.17730843593
3.77436245622,3.2824832861,1.35817739773,1.04491575414,5.16211589791
3.79259609128,3.30717327238,1.34996960487,1.04996365633,5.14649430658
3.81082972633,3.33171178377,1.34156297099,1.05501155853,5.13044496032
3.82906336139,3.35609522005,1.33296029093,1.06005946072,5.1139691931
3.84729699644,3.38032003257,1.32416442469,1.06510736291,5.09706837431
3.86553063149,3.40438272539,1.31517829652,1.07015526511,5.07974390867
3.88376426655,3.4282798565,1.30600489391,1.0752031673,5.06199723613
3.9019979016,3.45200803892,1.29664726662,1.0802510695,5.0438298317
3.92023153666,3.47556394181,1.28710852566,1.08529897169,5.0252432054
3.93846517171,3.49894429166,1.27739184222,1.09034687388,5.00623890205
3.95669880677,3.52214587327,1.26750044669,1.09539477608,4.98681850122
3.97493244182,3.5451655309,1.25743762753,1.10044267827,4.96698361706
3.99316607687,3.5680001693,1.24720673017,1.10549058046,4.94673589814
4.01139971193,3.59064675472,1.23681115595,1.11053848266,4.92607702738
4.02963334698,3.61310231591,1.22625436093,1.11558638485,4.90500872186
4.04786698204,3.63536394516,1.2155398548,1.12063428705,4.88353273268
4.06610061709,3.65742879921,1.20467119965,1.12568218924,4.86165084484
4.08433425215,3.67929410024,1.19365200884,1.13073009143,4.83936487707
4.1025678872,3.70095713675,1.18248594576,1.13577799363,4.81667668168
4.12080152225,3.72241526451,1.17117672265,1.14082589582,4.79358814442
4.13903515731,3.74366590738,1.15972809932,1.14587379802,4.77010118432
4.15726879236,3.76470655822,1.14814388194,1.15092170021,4.7462177535
4.17550242742,3.78553477972,1.13642792176,1.1559696024,4.72193983707
4.19373606247,3.80614820515,1.12458411382,1.1610175046,4.69726945289
4.21196969752,3.82654453924,1.11261639566,1.16606540679,4.67220865147
4.23020333258,3.84672155884,1.10052874604,1.17111330899,4.64675951576
4.24843696763,3.86667711377,1.08832518356,1.17616121118,4.62092416097
4.26667060269,3.88640912742,1.07600976538,1.18120911337,4.59470473444
4.28490423774,3.90591559755,1.06358658583,1.18625701557,4.56810341542
4.3031378728,3.92519459687,1.05105977508,1.19130491776,4.54112241489
4.32137150785,3.94424427372,1.03843349774,1.19635281995,4.5137639754
4.3396051429,3.96306285268,1.02571195149,1.20140072215,4.48603037087
4.35783877796,3.98164863517,1.01289936571,1.20644862434,4.45792390639
4.37607241301,4,1,1.21149652654,4.42944691807
