k,x,flux
1.3871616846846,0.4142135623731,0.30698268062815
0.48105438486426,0.82842712474619,0.96602006289874
2.6692008437329,0.24264068711929,0
0.92565328478853,0.65685424949238,0.79719078003397
0.32100769249027,0.071067811865476,0.87668394130437
1.7811582860461,0.48528137423857,0.26593076357626
0.61768863219042,0.89949493661167,0.98223349835884
3.4273360145592,0.31370849898476,0
1.188567299984,0.72792206135786,0.8172231824327
0.41218375455172,0.14213562373095,0.79988632561238
2.2870620454544,0.55634918610405,0.23592827130898
0.79313120998768,0.97056274847714,0.99701826604695
0.27505030635561,0.38477631085024,0.9146747959232
1.5261569853491,0.79898987322333,0.85149495949554
0.5292566237225,0.21320343559643,0.68227718486787
2.9366580391736,0.62741699796952,0.2218858104359
1.0184048782407,0.041630560342616,0.023369685901113
0.35317305664783,0.45584412271571,0.8690156639534
1.9596325289793,0.87005768508881,0.9017614341517
0.67958179006541,0.2842712474619,0.55817146710604
3.7707592831525,0.698484809835,0.23306904251418
1.3076631999395,0.11269837220809,0
0.45348507185703,0.52691193458119,0.84261873061165
2.5162284650261,0.94112549695428,0.96351770747211
0.87260392914923,0.35533905932738,0.4954578372693
0.30261068410526,0.76955262170047,0.96428408902294
1.6790797854681,0.18376618407357,0
0.58228878598244,0.59797974644666,0.83883491815203
3.2309147733454,0.012193308819757,0
1.1204502950166,0.42640687119285,0.45217206907952
0.38856142971014,0.84062043356595,0.97520511725534
2.1559901097607,0.25483399593904,0
0.74767671820474,0.66904755831214,0.84691982052198
0.25928712400609,0.083261120685233,0.91926610417356
1.4386926550133,0.49747468305833,0.42035096404234
0.49892483176789,0.91168824543142,0.98826545662726
2.7683576406645,0.32590180780452,0
0.96003991215842,0.74011537017761,0.86553412190886
0.33293264547854,0.15432893255071,0.86852561419351
1.847325637554,0.5685424949238,0.40008181436975
0.64063483588763,0.9827560572969,0.99898641139727
3.5546563928701,0.39696961966999,0
1.2327207876022,0.81118318204309,0.89517261807171
0.42749576111899,0.22539674441618,0.78897572040644
2.3720229607574,0.63961030678928,0.39583048162471
0.82259484158869,0.053823869162375,0.25945114379837
0.28526801156776,0.46803743153547,0.91238482433713
1.5828514220519,0.88225099390856,0.93574699748058
0.54891771130472,0.29646455628166,0.67605024325973
3.0457504686667,0.71067811865476,0.4164553827505
1.0562370878112,0.12489168102785,0.087416173922947
0.36629290453862,0.53910524340094,0.8815574485427
2.0324299301912,0.95331880577404,0.98122399873328
0.70482723149189,0.36753236814713,0.61013085630663
3.9108373193915,0.78174593052023,0.47655674368291
1.3562409211236,0.19595949289333,0.024430533822168
0.47033136024601,0.61017305526642,0.87669369724943
2.6097025681554,0.024386617639514,0
0.90501985274207,0.43860018001261,0.57304693617786
0.31385221590067,0.85281374238571,0.9819211083774
1.7414550742031,0.2670273047588,0
0.60391993863354,0.68124086713189,0.88406516002868
3.3509383979581,0.09545442950499,0
1.1620733383465,0.50966799187809,0.54973481817099
0.40299590243694,0.92388155425118,0.99240027327882
2.2360818997816,0.33809511662428,0
0.77545178379848,0.75230867899737,0.90071044713342
0.26891925070139,0.16652224137047,0.91386801836259
1.4921379233883,0.58073580374356,0.53851820058927
0.51745913889727,0.99494936611666,0.999882106704
2.8711979634727,0.40916292848975,0
0.99570395101846,0.82337649086285,0.92591447469008
0.34530059253547,0.23759005323594,0.86091237950785
1.9159510066564,0.65180361560904,0.54247866184468
0.66443345654167,0.066017177982133,0.49556938764033
3.6867065317486,0.48023074035523,0
1.2785145108795,0.89444430272832,0.95835665472627
0.44337658570135,0.30865786510142,0.78085753898025
2.4601400462848,0.72287142747451,0.56853449162359
0.8531530027911,0.13708498984761,0.26860726490207
0.29586528916136,0.5512985522207,0.91359789064685
1.6416519718111,0.9655121145938,0.9913004655805
0.56930917872082,0.37972567696689,0.70389392178592
3.1588955178431,0.79393923933998,0.62748394036925
1.0954747070685,0.20815280171308,0.16530354485427
0.37990013504663,0.62236636408618,0.9058720536718
2.1079316453727,0.036579926459275,0
0.73101050309881,0.45079348883237,0.67006974918763
0.25350744025017,0.86500705120546,0.98685999835557
1.40662323159,0.27922061357856,0.096681941895649
0.48780346291224,0.69343417595165,0.91191347439587
2.7066490936333,0.10764773832475,0
0.93863997914361,0.52186130069784,0.65284841440323
0.3255113536953,0.93607486307094,0.99522782918035
1.8061475111037,0.35028842544403,0.045373042413574
0.62635465607289,0.76450198781713,0.92636956624985
3.4754207197125,0.17871555019023,0
1.205242615136,0.59292911256332,0.64816431424907
0.41796659411645,0.0071426749364107,0.79221151438669
2.3191489793458,0.42135623730951,0.011324518044724
0.80425865130599,0.8355697996826,0.94754729233843
0.27890919641695,0.2497833620557,0.90870945835718
1.5475686031031,0.66399692442879,0.65744818664231
0.53668196766136,0.078210486801886,0.66360208628036
2.977858649604,0.49242404917499,0
1.0326928552843,0.90663761154808,0.97331818848626
0.35812799022448,0.32085117392118,0.85448877151551
1.9871257050101,0.73506473629427,0.6854359068886
0.68911616016045,0.14927829866736,0.47273320545486
3.8236621346863,0.56349186104046,0
1.326009402104,0.97770542341355,0.99670941951999
0.45984735903256,0.39191898578665,0.7816587696221
2.5515305490135,0.80613254815974,0.7393605127052
0.88484635372345,0.22034611053284,0.33121970518923
0.30685623967952,0.63455967290594,0.92863431293294
1.7026368735592,0.048773235279029,0
0.59045815848315,0.46298679765213,0.74689846514261
3.2762437354291,0.87720036002522,0.82626591940617
1.1361699448688,0.29141392239831,0.25324912210845
0.39401285370305,0.70562748477141,0.9329261171184
2.1862381357205,0.1198410471445,0
0.75816644386693,0.5340546095176,0.73320201667851
0.26292486038645,0.9482681718907,0.99714679864427
1.4588771691166,0.36248173426379,0.19233263546601
0.5059246279149,0.77669529663689,0.94517336478068
2.8071970367275,0.19090885900998,0
0.97350904267711,0.60512242138308,0.73251497591276
0.33760361092393,0.019335983756172,0.86351308684538
1.8732431747394,0.43354954612926,0.14178135501569
0.64962278952384,0.84776310850236,0.96281052931803
3.6045273725017,0.26197667087546,0
1.2500155656328,0.67619023324855,0.74455423523863
0.43349342447629,0.090403795621647,0.77779346948639
2.405301875985,0.50461735799474,0.10166366374628
0.83413565061657,0.91883092036784,0.98318084483731
0.2892702535912,0.33304448274093,0.90410346810901
1.6050584492029,0.74725804511403,0.77206554954108
0.55661889560336,0.16147160748712,0.64497957306636
3.0884816198098,0.57568516986021,0.074350300520889
1.0710558417132,0.98989873223331,0.99928247019474
0.37143190644554,0.40411229460641,0.85062617426474
2.0609444363625,0.81832585697951,0.81937342548362
0.71471578909648,0.2325394193526,0.4874529938837
3.9657054322951,0.64675298172569,0.063390776667177
1.3752686571064,0.06096654409879,0
0.47692999682139,0.47518010647188,0.80779970434615
2.6463160714696,0.88939366884498,0.88933907484099
0.9177170649769,0.30360723121807,0.40613560075798
0.3182554874793,0.71782079359117,0.94891223030367
1.7658872726876,0.13203435596427,0
0.61239279103611,0.54624791833736,0.79529647103973
3.3979512628095,0.96046148071046,0.97170090864902
1.1783769495488,0.37467504308355,0.34886988718731
0.40864983863238,0.78888860545664,0.95904139993791
2.2674535944136,0.20310216782974,0
0.78633118699274,0.61731573020283,0.79655479164067
0.27269212351722,0.031529292575925,0.9105865731307
1.5130722618335,0.44574285494902,0.30308390549866
0.52471896694361,0.85995641732212,0.97362723904583
2.9114801846859,0.27416997969522,0
1.0096734394787,0.68838354206831,0.8094597354547
0.35014507732214,0.1025971044414,0.85396726822061
1.9428313413688,0.51681066681449,0.26717346725149
0.67375529913779,0.9310242291876,0.98965613829012
3.7384301432687,0.34523779156069,0
1.2964517639031,0.75945135393378,0.83506232695648
0.44959705323203,0.17366491630688,0.76448195806566
2.4946552231623,0.58787847867997,0.24400984933441
0.8651225355173,0.0020920410530749,0.18890712668843
0.30001620845669,0.41630560342617,0.90064127684242
1.6646839566219,0.83051916579926,0.87546564353268
0.57729645043378,0.24473272817235,0.63296891920519
3.2032140669846,0.65894629054544,0.24020550242372
1.110843955391,0.07315985291855,0.0089341441298086
0.38523004314545,0.48737341529164,0.85692625063211
2.1375054225631,0.90158697766473,0.93073834370206
0.74126640574629,0.31580054003783,0.53931370331167
0.25706408904878,0.73001410241092,0.96119075373391
1.4263578193473,0.14422766478403,0
0.4946472289122,0.55844122715712,0.84329932646826
2.7446227335297,0.97265478953021,0.98855137104937
0.9518088737167,0.3868683519033,0.48729187833641
0.33007820019065,0.80108191427639,0.96934305378348
1.8314873290165,0.2152954766495,0
0.63514226219927,0.62950903902259,0.84497310870453
3.5241800417869,0.043722601395686,0
1.2221518809743,0.45793616376878,0.45002929457672
0.42383056553818,0.87214972614187,0.98133281254602
2.351686085251,0.28636328851498,0
0.81554220796656,0.70057685088807,0.85748901868357
0.28282222578357,0.11479041326116,0.90431090145798
1.5692806207368,0.52900397563425,0.42377113570319
0.54421148740104,0.94321753800735,0.99388017493637
3.0196372947517,0.35743110038045,0
1.0471812892311,0.77164466275354,0.88046321772244
0.36315244033498,0.18585822512664,0.84486138458381
2.0150046037296,0.60007178749973,0.41048918163631
0.69878429518922,0.014285349872821,0.44375295633045
3.8773072005832,0.42849891224593,0
1.3446129971002,0.84271247461902,0.91436018649065
0.46629890757659,0.25692603699211,0.75358133655031
2.5873279128021,0.6711395993652,0.41631455877698
0.89726053658853,0.085353161738297,0.1727810596924
0.3111613593838,0.4995667241114,0.89968252971394
1.7265244619663,0.9137802864845,0.95746859285009
0.59874214532759,0.32799384885759,0.65132829403946
3.3222086520171,0.74220741123068,0.45215203018944
1.1521101376515,0.15642097360377,0.068303958922248
0.3995407598717,0.57063453597688,0.88067965684764
2.2169105342553,0.98484809834997,0.99673315919052
0.76880333787314,0.39906166072306,0.60194216762064
0.26661363333881,0.81327522309616,0.97705084066146
1.4793448671287,0.22748878546925,0.015959805649312
0.51302262952891,0.64170234784235,0.88164033054939
2.8465813402346,0.055915910215447,0
0.98716714187794,0.47012947258854,0.57196610913564
0.34234010889816,0.88434303496163,0.98685012316524
1.8995243287771,0.29855659733472,0
0.65873684200145,0.71277015970783,0.89299936984187
3.6550980300584,0.12698372208092,0
1.2675529852658,0.54119728445401,0.55442487554062
0.43957523361706,0.95541084682711,0.9966020800114
2.4390476864396,0.3696244092002,0
0.84583837443689,0.78383797157331,0.91309221565412
0.29332864611368,0.1980515339464,0.89820918223495
1.6275770356373,0.61226509631949,0.54979788222242
0.56442812567715,0.026478658692582,0.62802133202059
3.1318122787907,0.44069222106567,0
1.0860824991909,0.85490578343878,0.94119053721435
0.37664300732101,0.26911934581187,0.83676757872059
2.0898589942403,0.68333290818497,0.5626542713747
0.7247430808009,0.097546470558058,0.41277660638876
0.25133395823184,0.51176003293115,0.93299049803484
1.3945633476773,0.92597359530426,0.97450125792598
0.48362121069084,0.34018715767735,0.74841461659489
2.6834432534846,0.75440072005044,0.601324691972
0.93059241606479,0.16861428242353,0.23365129818954
0.32272053590578,0.58282784479663,0.91024109862139
1.7906622490776,0.99704140716973,0.99981806082795
0.6209845155329,0.41125496954282,0.69455467215201
3.4456237069186,0.82546853191592,0.6775720926557
1.1949092965197,0.23968209428901,0.14815649756922
0.41438309820137,0.6538956566621,0.9095657762799
2.2992654264233,0.068109219035208,0
0.79736322561365,0.4823227814083,0.66925534011339
0.27651792883694,0.89653634378139,0.99081681759006
1.5343003040438,0.31074990615448,0.085790433637633
0.53208064864239,0.72496346852758,0.9193360406378
2.9523275558353,0.13917703090068,0
1.0238389165233,0.55339059327378,0.65795099096829
0.35505752907253,0.96760415564687,0.99831368769185
1.9700888007529,0.38181771801996,0.03879639973211
0.68320792495765,0.79603128039305,0.93657444972186
3.7908794246964,0.21024484276616,0
1.3146406722996,0.62445840513925,0.65929832591443
0.4559047924355,0.038671967512343,0.75394647345932
2.5296546397224,0.45288552988544,0.0087421493009396
0.87725999792693,0.86709909225853,0.95967454853964
0.30422536415768,0.28131265463163,0.89256173397162
1.688039074675,0.69552621700473,0.67608312748103
0.58539578165992,0.10973977937782,0.60492242377438
3.2481543947785,0.52395334175091,0
1.1264288305941,0.938166904124,0.98521991264619
0.39063472858106,0.35238046649711,0.83084080012026
2.1674941127794,0.7665940288702,0.71399883166948
0.75166619625673,0.18080759124329,0.41096105303527
0.26067063677998,0.59502115361639,0.93449913482253
1.4463692786542,0.0092347159894786,0
0.5015870113135,0.42344827836259,0.76918694792315
2.7831291345181,0.83766184073568,0.78043232555206
0.9651625247333,0.25187540310877,0.30976423279217
0.33470911845086,0.66608896548186,0.93102091894067
1.8571826585184,0.080302527854954,0
0.64405315633937,0.49451609022806,0.7456270829744
3.5736234454966,0.90872965260115,0.87918680389154
1.2392983797708,0.32294321497425,0.24068183382766
0.42977680707748,0.73715677734734,0.93898144674226
2.3846796789758,0.15137033972043,0
0.82698407023028,0.56558390209354,0.73806419842284
0.28679015401701,0.97979746446663,0.99933566150152
1.5912972527887,0.39401102683972,0.18452111445724
0.55184664450309,0.80822458921281,0.95354416357106
3.0620020843057,0.22243815158591,0
1.0618729924434,0.63665171395901,0.74287170624608
0.36824738227971,0.050865276332104,0.83816435325026
2.0432746367352,0.4650788387052,0.13813531526743
0.70858807184177,0.87929240107829,0.97242401076633
3.9317048939337,0.29350596345138,0
1.3634775960879,0.70771952582449,0.76111820706114
0.47284096980478,0.12193308819758,0.73794764289355
2.6236275050492,0.53614665057067,0.10283035923878
0.9098488874722,0.95036021294376,0.99186597455621
0.3155268788886,0.36457377531686,0.88788493960623
1.7507471875295,0.77878733768996,0.79621901647206
0.60714235452756,0.19300090006305,0.58753752524125
3.3688184453992,0.60721446243615,0.081774782886704
1.1682739675292,0.021428024809239,0
0.40514622124274,0.43564158718233,0.83095979931299
2.2480132592107,0.84985514955544,0.85221496296075
0.77958946496004,0.26406871192853,0.46123672372
0.27035415889408,0.67828227430162,0.94770257132658
1.500099722052,0.092495836674715,0
0.52022021440916,0.50670939904781,0.80538762044633
2.8865181961071,0.92092296142091,0.92851088844293
1.0010168609462,0.33513652379401,0.39343760394069
0.34714305880696,0.7493500861671,0.95374357388214
1.9261742011249,0.16356364854019,0
0.66797876245709,0.57777721091328,0.79946290562494
3.7063781818543,0.99199077328639,0.99770644421437
1.2853364507048,0.40620433565948,0.34234594162715
0.44574236908653,0.82041789803256,0.96587942083866
2.4732669425497,0.23463146040567,0
0.85770528467546,0.64884502277877,0.80578781174991
0.29744397691332,0.06305858515185,0.89390100037635
1.6504115524574,0.47727214752496,0.30147519939426
0.57234691738248,0.89148570989803,0.98124081930584
3.1757508565612,0.30569927227114,0
1.1013199770815,0.71991283464425,0.82381784820824
0.38192721869631,0.13412639701733,0.82739190008085
2.1191792164547,0.54833995939043,0.27130315629098
0.73491105301145,0.96255352176351,0.9958968300883
0.25486011359719,0.37676708413662,0.92618236032932
1.4141287381455,0.79098064650972,0.85512841124395
0.4904063006917,0.2051942088828,0.72405404370462
2.7210913209899,0.61940777125591,0.25624521926516
0.94364840525125,0.033621333628986,0.077739563992875
0.32724822789456,0.44783489600209,0.88525870895188
1.815784812465,0.8620484583752,0.90133839366703
0.62969677987096,0.27626202074828,0.59394620848366
3.493964984025,0.69047558312138,0.26495040881295
1.2116735883673,0.10468914549446,0.0021105865602517
0.42019679403187,0.51890270786757,0.85248169975468
2.3315235708332,0.93311627024067,0.95919682690592
0.8085500410997,0.34732983261375,0.52607561982498
0.28039740929093,0.76154339498686,0.96492680360141
1.5558261706128,0.17575695735994,0
0.5395456129759,0.58997051973304,0.84645763334982
2.9937480058395,0.0041840821061498,0
1.0382031318254,0.41839764447923,0.4820122629579
0.36003890134691,0.83261120685233,0.97490557814648
1.9977286757776,0.24682476922541,0
0.6927931688586,0.66103833159852,0.85292638416267
3.8440645570074,0.075251893971625,0
1.3330847667338,0.4894654563447,0.45034632880607
0.46230102771244,0.90367901871781,0.98735550786464
2.565145089732,0.31789258109089,0
0.88956774603325,0.73210614346399,0.86971812626391
0.30849357330716,0.1463197058371,0.88674863819802
1.7117218594525,0.56053326821018,0.43006713139584
0.59360874456739,0.97474683058329,0.99824623975317
3.2937252246306,0.38896039295636,0
1.1422323578717,0.80317395532947,0.89695445948939
0.39611524046163,0.21738751770258,0.81747537062874
2.1979035371521,0.63160108007565,0.42483077626474
0.76221189334252,0.045814642448761,0.35051057128082
0.26432778351391,0.46002820482184,0.92378142649293
1.4666614939525,0.87424176719495,0.93456350169489
0.50862415720328,0.28845532956805,0.71489987501774
2.8221757711095,0.70266889194113,0.44251756479475
0.97870352428206,0.11688245431424,0.13333192057693
0.33940500738749,0.53109601668731,0.89040355344357
1.883238487352,0.94530957906042,0.97780756503322
0.65308906819451,0.35952314143353,0.63615200519869
3.6237605283434,0.77373670380661,0.49619206808331
1.2566854398476,0.18795026617971,0.053506264758306
0.43580647296438,0.60216382855279,0.88259018606816
2.4181361649351,0.016377390925896,0
0.838586459087,0.430590953299,0.59718775575969
0.2908137513352,0.84480451567208,0.98155407351021
1.6136227729264,0.25901807804519,0.0093921155865676
0.55958892103451,0.67323164041827,0.88827426387113
3.1049612417322,0.087445202791372,0
1.0767708167405,0.50165876516448,0.57343263874357
0.37341380504222,0.91587232753756,0.99160454776585
2.0719412915474,0.33008588991066,0
0.71852939313766,0.74429945228374,0.90327826852685
3.9868657739209,0.15851301465685,0
1.3826068608908,0.57272657702995,0.56180073171177
0.47947481560245,0.98694013940303,0.99950084481529
2.6604363718999,0.40115370177614,0
0.92261384991019,0.81536726414922,0.92655678766482
0.31995364558868,0.22958082652232,0.87995957513141
1.7753097521432,0.64379438889543,0.56449560169753
0.61566041665499,0.058007951268507,0.56219593935643
3.416082163043,0.47222151364161,0
1.184664572077,0.88643507601469,0.95688485959777
0.41083032589711,0.3006486383878,0.80941572368117
2.2795523479638,0.7148622007609,0.58749356969963
0.7905269188321,0.12907576313398,0.33010675864189
0.27414716312891,0.54328932550709,0.9234521567298
1.5211457626296,0.95750288788017,0.98878044173788
0.52751877968501,0.37171645025327,0.72679197251251
2.9270153565227,0.78593001262638,0.64039795593568
1.0150608882629,0.20014357499946,0.20859532225772
0.35201339295505,0.61435713737256,0.91063606577414
1.9531979648124,0.028570699745643,0
0.67735034484791,0.44278426211875,0.68944679127526
3.7583777819236,0.85699782449186,0.73505002265313
1.3033694139137,0.27121138686493,0.13380427554519
0.4519960279927,0.68542494923804,0.91490366569644
2.5079662866444,0.099638511611118,0
0.8697386848285,0.51385207398422,0.67107482693793
0.30161704482051,0.92806563635733,0.99455631680302
1.6735664320912,0.34227919873041,0.076474073460667
0.58037680784285,0.75649276110352,0.92788171365422
3.2203058820766,0.17070632347659,0
1.1167712331452,0.5849198858497,0.66551497130948
0.38728556629429,0.99913344822281,0.99999398116838
2.1489107943792,0.41334701059588,0.033524717945623
0.74522167944198,0.82756057296899,0.94752439950577
0.25843574007955,0.24177413534207,0.92131238532552
1.4339686263659,0.65598769771518,0.67330024231221
0.49728658388365,0.070201260088282,0.70932055700197
2.7592675818843,0.48441482246136,0.0071475619863528
0.95688756684554,0.89862838483447,0.97182745420078
0.33183944231982,0.31284194720754,0.8739915756802
1.8412598394128,0.72705550958065,0.69836132127472
0.63853127519541,0.14126907195376,0.53907954816221
3.5429844776957,0.55548263432684,0
1.228673079223,0.96969619669994,0.99500326079945
0.42609205462536,0.38390975907302,0.80560847718299
2.3642342892995,0.79812332144613,0.74708590260484
0.8198938049335,0.21233688381923,0.37595283274512
0.28433131792848,0.62655044619231,0.93275377804958
1.5776540399451,0.040764008565418,0
0.54711530897497,0.4549775709385,0.76271243796048
3.0357495748575,0.8691911333116,0.82606537871036
1.052768873635,0.28340469568471,0.29291579167923
0.3650901610838,0.69761825805779,0.93511036098685
2.0257563316429,0.11183182043089,0
0.7025128914406,0.52604538280397,0.74714139208234
3.8979958640138,0.94025894517708,0.93201537621615
1.3517876274046,0.35447250755018,0.23038173610644
0.46878700064163,0.76868606992326,0.94601387834948
2.6011334622729,0.18289963229637,0
0.90204816890403,0.59711319466945,0.7451936590758
0.31282166441091,0.011326757042553,0.88259582222724
1.7357369080402,0.42554031941566,0.17857546480437
0.60193693338159,0.83975388178874,0.9624272898651
3.3399354023342,0.25396744416184,0
1.1582576048598,0.66818100653492,0.75561043118811
0.40167264261404,0.082394568908029,0.80842952655134
2.228739598481,0.49660813128114,0.13661151115068
0.77290554403795,0.91082169365421,0.98181179608816
0.26803623914246,0.32503525602732,0.91714653969629
1.4872384041816,0.7392488184004,0.78046451766828
0.51576003256799,0.1534623807735,0.69212832545635
2.8617702226802,0.56767594314661,0.10682104256152
0.99243450081837,0.98188950551969,0.99829946242384
0.34416677852355,0.3961030678928,0.86975028389996
1.9096598732369,0.81031663026587,0.82351693486729
0.66225175173351,0.22453019263898,0.5322902023307
3.6746010224796,0.63874375501209,0.093489853294592
1.2743164362217,0.052957317385165,0
0.44192073362267,0.46717087975827,0.82129631427066
2.4520620373961,0.88138444213135,0.88761853271725
0.85035162668642,0.29559800450446,0.44241199307377
0.29489379876217,0.70981156687756,0.95058338553953
1.6362615147758,0.12402512925064,0
0.56743981985526,0.53823869162375,0.80607035724697
3.1485231058704,0.95245225399682,0.96539295138874
1.0918776539518,0.36666581636993,0.38380672547027
0.37865271148133,0.78087937874304,0.95946783549502
2.1010101326751,0.19509294111612,0
0.72861018879531,0.60930650348922,0.80576334252844
0.25267503424193,0.0235200658623,0.92313317416598
1.402004504707,0.43773362823541,0.338098725975
0.48620173267121,0.85194719060851,0.97307333250992
2.6977616583552,0.26616075298159,0
0.93555790172029,0.6803743153547,0.81701130863764
0.3244425187676,0.094587877727776,0.87426345308934
1.800216923668,0.50880144010088,0.30235423108196
0.6242979851582,0.92301500247399,0.98847219835343
3.4640089793492,0.33722856484707,0
1.2012851328892,0.75144212722017,0.84027959369009
0.41659417718126,0.16565568959325,0.79649512726134
2.3115339225943,0.57986925196636,0.27877919022545
0.80161782256794,0.99408281433946,0.99977310748913
0.27799338230661,0.40829637671254,0.91378961520645
1.5424870741265,0.82250993908565,0.87730884727442
0.53491974208742,0.23672350145873,0.6790096189925
2.9680806824199,0.65093706383183,0.27344664280666
1.0293019499264,0.065150626204939,0.039469242206591
0.35695205672728,0.47936418857802,0.8698628823134
1.9806008654456,0.89357775095112,0.92841197825614
0.68685340829987,0.3077913133242,0.57140900906272
3.8111069239546,0.72200487569731,0.29748352531543
1.3216553752864,0.13621843807042,0
0.45833742423871,0.55043200044349,0.8518534431563
2.543152454244,0.9646455628166,0.98416242739937
0.88194091070964,0.37885912518968,0.51684010998688
0.30584865987308,0.79307268756278,0.96952513345933
1.6970461691524,0.20728624993589,0
0.58851935574719,0.62149981230897,0.85169699626355
3.2654860039513,0.035713374682075,0
1.1324392666388,0.44992693705515,0.47932418509365
0.39271909022839,0.86414049942826,0.9807221866242
2.1790594992362,0.27835406180137,0
0.75567696149704,0.69256762417444,0.86257505698248
0.26206153174691,0.10678118654755,0.91767353993904
1.4540868634764,0.52099474892063,0.45321951677738
0.50426339580435,0.93520831129374,0.99290119584569
2.7979794465951,0.34942187366684,0
0.97031247071301,0.76363543603992,0.88353805544979
0.33649507038615,0.17784899841303,0.86621008619951
1.8670922748998,0.5920625607861,0.43958765852799
0.64748971637793,0.0062761231592106,0.5171737851707
3.5926917031467,0.42048968553232,0
1.2459110688724,0.8347032479054,0.91481638377837
0.43207002431609,0.2489168102785,0.78616115698202
2.3974039313279,0.66313037265158,0.4437118879023
0.83139671906261,0.077343935024686,0.25148459924803
0.28832041836405,0.49155749739779,0.91211522113766
1.5997881490672,0.90577105977087,0.95507134407423
0.55479120599967,0.31998462214398,0.68086157118588
3.078340415851,0.73419818451706,0.4753319843371
1.067538969321,0.14841174689016,0.10799657297556
0.37021228878748,0.56262530926327,0.88780208402387
2.0541772088217,0.97683887163635,0.99404666324206
0.71236897940737,0.39105243400945,0.62638375291965
3.9526838143674,0.80526599638253,0.54960518138077
1.3707528847409,0.21947955875564,0.041499339358166
0.47536397022083,0.63369312112874,0.88663569132363
2.6376267430797,0.047906683501822,0
0.91470368912495,0.46212024587493,0.59532453317379
0.31721047759842,0.87633380824801,0.98624821382262
1.7600888820202,0.29054737062111,0.0045557685526185
0.61038196469439,0.70476093299422,0.89639696180751
3.3867938977865,0.1189744953673,0
1.1745076822333,0.5331880577404,0.57741523929273
0.4073080137904,0.94740162011348,0.99582536580108
2.2600082823803,0.36161518248659,0
0.78374922409699,0.77582874485969,0.91477274992752
0.27179672351713,0.19004230723277,0.91231742226985
1.5081040035432,0.60425586960588,0.57207682266426
0.52299602255867,0.018469431978957,0.67863746655791
2.9019201749431,0.43268299435206,0
1.0063581196736,0.84689655672517,0.94086878369453
0.34899535617064,0.26111011909825,0.85884449776553
1.9364519448509,0.67532368147135,0.58301373338643
0.67154298553257,0.089537243844433,0.48761802210326
3.7261547965982,0.50375080621754,0
1.2921947912611,0.91796436859065,0.97231262754653
0.44812077589662,0.33217793096372,0.77935988147438
2.4864638817398,0.74639149333683,0.61753478212098
0.86228185677533,0.16060505570991,0.28399075070441
0.29903108827937,0.57481861808301,0.91669657651704
1.6592178727628,0.98903218045612,0.99865274602783
0.57540086491007,0.4032457428292,0.71502789903945
3.1926961325507,0.81745930520231,0.68617806103056
1.1071964364788,0.23167286757538,0.18900820412092
0.38396511852565,0.64588642994849,0.91339593628075
2.1304868026968,0.060099992321597,0
0.73883241560684,0.47431355469467,0.68761135958217
0.25622000458317,0.88852711706778,0.99025871078618
1.42167429283,0.30274067944086,0.12158340664003
0.49302302677875,0.71695424181397,0.92160294854599
2.7356106096586,0.13116780418707,0
0.94868355548383,0.54538136656015,0.6753555700274
0.3289943697644,0.95959492893326,0.99772688247476
1.8254735368564,0.37380849130633,0.068622470305722
0.63305673668324,0.78802205367944,0.93737643267553
3.5126081974335,0.20223561605255,0
1.2181388761973,0.61644917842563,0.67562718368893
0.42243889392143,0.030662740798732,0.78793039116482
2.3439641910732,0.44487630317181,0.029553886196609
0.8128643290324,0.85908986554492,0.95896157940894
0.28189356302017,0.27330342791802,0.90727201523504
1.5641277991231,0.6875169902911,0.69040195101443
0.54242453822342,0.10173055266421,0.65772953688792
3.0097221450252,0.51594411503729,0.0065033498452094
1.0437428102813,0.93015767741039,0.98336253726991
0.36196000877185,0.3443712397835,0.85294993439933
2.0083882222258,0.75858480215658,0.72456450636372
0.69648979746078,0.17279836452968,0.46919412464588
3.8645758432456,0.58701192690276,0
1.3401978843271,0.0012254892758676,0
0.46476778875842,0.41543905164897,0.78726076824318
2.5788322753652,0.82965261402205,0.78475125323681
0.89431433090371,0.24386617639516,0.35129830032027
0.31013964347346,0.65807973876824,0.93410605068054
1.7208553213126,0.072293301141343,0
0.59677614165266,0.48650686351445,0.76015343804153
3.3112999921376,0.90072042588753,0.87505971725882
1.1483271188975,0.31493398826063,0.27935299138562
0.39822884520474,0.72914755063371,0.94050805937808
2.2096311832166,0.14336111300682,0
0.76627892866064,0.55757467537993,0.75110180860319
0.26573819240482,0.971788237753,0.99892514918707
1.4744873546451,0.38600180012611,0.22211295556492
0.51133809072893,0.80021536249919,0.9538125204015
2.8372344295155,0.21442892487229,0
0.98392572277304,0.6286424872454,0.75456260705654
0.34121601580161,0.042856049618479,0.8606997467395
1.8932871332827,0.45706961199159,0.17459386770804
0.65657384234908,0.87128317436466,0.97155480965457
3.6430963090914,0.28549673673777,0
1.2633909033967,0.69971029911088,0.77082856117189
0.43813186349278,0.11392386148395,0.77373198678925
2.4310389355067,0.52813742385706,0.13752159507829
0.84306101632776,0.94235098623014,0.99037398415947
0.2923654849253,0.35656454860325,0.90290880800345
1.6222327944505,0.77077811097635,0.80269557383795
0.5625747940251,0.18499167334943,0.64041222697967
3.121528796164,0.59920523572254,0.11425170521439
1.0825162859196,0.013418798095614,0
0.37540627871867,0.42763236046872,0.85033054044831
2.0829968241144,0.84184592284183,0.85379616473264
0.72236334593283,0.25605948521491,0.50014094581539
0.25050868897462,0.67027304758801,0.95037528800782
1.3899842201048,0.08448660996109,0
0.48203321311141,0.4987001723342,0.81719895457713
2.674632015894,0.9129137347073,0.92426645434101
0.92753676326977,0.32712729708038,0.42837058546826
0.32166086478607,0.74134085945349,0.95479896763638
1.7847825083748,0.15555442182657,0
0.61894547777824,0.56976798419967,0.8092687181718
3.4343098067313,0.98398154657278,0.99357650757452
1.1909857443084,0.39819510894586,0.3767752849363
0.41302244787759,0.81240867131896,0.9658392824255
2.2917156584419,0.22662223369207,0
0.79474503839549,0.64083579606512,0.81406435201642
0.27560996658887,0.055049358438225,0.90874548885554
1.5292623422772,0.46926292081133,0.33615492686564
0.53033353175945,0.88347648318444,0.98035145493886
2.9426334214409,0.29769004555754,0
1.0204770835737,0.71190360793059,0.83021901620345
0.35389167760804,0.1261171703037,0.85123278860163
1.9636199028267,0.54033073267681,0.3060207581486
0.68096457312124,0.95454429504991,0.99475967395851
3.7784318578458,0.36875785742302,0
1.3103239753489,0.78297141979607,0.85882550146921
0.45440780328186,0.19718498216918,0.76091857538361
2.5213483757373,0.61139854454228,0.29018326526557
0.8743794651412,0.025612106915389,0.17605099738748
0.30322642297969,0.4398256692885,0.89995414042941
1.6824963029657,0.85403923166155,0.90132085367374
0.5834736015244,0.26825279403465,0.63240474953367
3.237488896238,0.68246635640776,0.29660621731037
1.1227301378634,0.096679918780865,0.022415277248328
0.3893520573712,0.51089348115397,0.86262149357277
2.1603770233536,0.92510704352702,0.95538389734499
0.74919805781732,0.33932060590013,0.55611203787264
0.25981471001109,0.75353416827323,0.96569519144552
1.4416200433792,0.16774773064634,0
0.49994002201226,0.58196129301945,0.85396503601084
2.7739905727033,0.9961748553925,0.99952781949922
0.96199335903249,0.4103884177656,0.51078187326867
0.33361008214275,0.82460198013871,0.97470058887181
1.8510844942917,0.23881554251182,0
0.64193837139874,0.65302910488492,0.85877648629774
3.5618892509329,0.067242667257972,0
1.2352290734961,0.48145622963108,0.47912193841989
0.42836561064051,0.89566979200418,0.98651988761534
2.3768494484683,0.30988335437729,0
0.82426862129466,0.7240969167504,0.87383218171573
0.28584846233696,0.13831047912345,0.9024949162949
1.5860721383194,0.55252404149655,0.45884702637737
0.55003462485557,0.96673760386966,0.99743575387887
3.0519478273982,0.38095116624277,0
1.0583862724559,0.79516472861587,0.89884822436101
0.3670382211867,0.20937829098892,0.84233328430922
2.0365654289801,0.62359185336203,0.45277223262058
0.70626138285864,0.037805415735136,0.43359612056935
3.9187949186951,0.45201897810824,0
1.3590005403377,0.86623254048135,0.93370738111521
0.47128836975556,0.2804461028544,0.75112552547501
2.6150126758493,0.6946596652275,0.46783348648256
0.90686134722573,0.10887322760061,0.18685957993498
0.31449082854826,0.52308678997372,0.90036630026961
1.7449985101873,0.93730035234682,0.97465832951645
0.60514876829092,0.35151391471987,0.66211579878622
3.3577567396292,0.76572747709298,0.51570431064879
1.1644378739262,0.17994103946609,0.089076859440302
0.40381590072651,0.59415460183919,0.88853287086758
2.240631780617,0.0083681642122997,0
0.77702963888956,0.42258172658535,0.62050656035683
0.26946643573299,0.83679528895846,0.98127361897488
1.4951740598294,0.25100885133156,0.031567067673872
0.51851204193237,0.66522241370467,0.89244419267391
2.8770401504648,0.079435976077775,0
0.99772996550607,0.49364953845082,0.59607709963979
0.34600319495289,0.90786310082393,0.99085882896912
1.9198494992685,0.32207666319704,0.0013882245627616
0.6657854164366,0.73629022557014,0.90585560428835
3.6942080796102,0.15050378794325,0
1.281115975822,0.5647173503163,0.58398885853227
0.44427874882441,0.97893091268941,0.99898966261469
2.4651458307551,0.39314447506251,0
0.85488896089592,0.80735803743562,0.92732876690627
0.29646730280363,0.22157159980873,0.89648217482981
1.6449923328441,0.63578516218178,0.58553772107863
0.57046758393034,0.049998724554882,0.62089774865372
3.1653230991307,0.46421228692799,0
1.0977037306904,0.8784258493011,0.95566403018097
0.38067313908728,0.2926394116742,0.83469098336994
2.1122207717217,0.70685297404725,0.60580248773302
0.73249793103188,0.12106653642036,0.40629211866016
0.25402326600956,0.53528009879346,0.93289676269348
1.4094853665075,0.94949366116657,0.98634561930131
0.48879602388573,0.36370722353968,0.75082831781724
2.712156463842,0.77792078591273,0.65328925350591
0.94054988237773,0.19213434828583,0.25390183729212
0.32617368984227,0.60634791065894,0.91559995609284
1.8098225804057,0.020561473032046,0
0.62762913490388,0.43477503540515,0.70836247244138
3.4824923525219,0.8489885977782,0.73874958612149
1.2076949896564,0.26320216015131,0.17296294032294
0.4188170541092,0.67741572252442,0.91793775117755
2.3238678814112,0.091629284897522,0
0.80589512134074,0.50584284727063,0.68854518437512
0.2794767085495,0.92005640964368,0.99391460953048
1.5507175274466,0.33426997201678,0.11114329356682
0.53777398446074,0.74848353438989,0.92945140791847
2.9839178650561,0.162697096763,0
1.034794133163,0.5769106591361,0.68204720398965
0.35885669326505,0.99112422150915,0.99978775464126
1.9911690207594,0.40533778388226,0.062205110221276
0.69051834333213,0.81955134625537,0.94763048152946
3.8314423537685,0.23376490862847,0
1.3287075075564,0.64797847100158,0.68843358059158
0.4607830361588,0.062192033374629,0.74912877772388
2.5567222908482,0.47640559574774,0.026915992590939
0.88664680006098,0.89061915812084,0.97051951082478
0.30748061722322,0.30483272049395,0.89103870993574
1.7061013239807,0.71904628286705,0.71085664643428
0.59165959670396,0.1332598452401,0.59896138368581
3.2829100916949,0.54747340761321,0.0068815201645417
1.1384817733658,0.96168696998632,0.99324410996288
0.39481457368122,0.37590053235942,0.82976840192479
2.1906865966628,0.79011409473253,0.75491080937111
0.75970912751063,0.20432765710558,0.42237159086403
0.26345984829699,0.61854121947869,0.9372877698368
1.4618456280417,0.032754781851793,0
0.50695406103574,0.4469683442249,0.77847680401939
2.8129089974563,0.86118190659801,0.82669988007049
0.97548989594405,0.27539546897106,0.33255299705234
0.33829055186261,0.68960903134416,0.93739939049017
1.8770547673386,0.10382259371727,0
0.6509446133267,0.51803615609037,0.76062117145358
3.6118617058342,0.93224971846348,0.92478060889774
1.2525590421783,0.34646328083653,0.26837800830826
0.43437547777876,0.76067684320964,0.94693914977356
2.4101960781648,0.17489040558274,0
0.83583291305187,0.58910396795585,0.75732980788551
0.28985884794599,0.0033175303289568,0.89904371456027
1.6083243513498,0.41753109270201,0.21580624161249
0.55775147918445,0.83174465507511,0.96216255110508
3.0947659260035,0.24595821744822,0
1.0732351789048,0.66017177982133,0.76620030839797
0.3721876797081,0.074385342194432,0.83495970493595
2.0651379552111,0.48859890456748,0.17276920967621
0.71617006126412,0.90281246694059,0.98056803269261
3.9737746748155,0.31702602931369,0
1.3780669931184,0.7312395916868,0.78863181695222
0.47790043294561,0.14545315405991,0.73356277848667
2.6517006787055,0.55966671643296,0.1412924111695
0.91958439518801,0.97388027880606,0.9971465851845
0.31890305970969,0.38809384117917,0.88678929041994
1.7694804222319,0.80230740355228,0.82783754649008
0.61363886087986,0.21652096592538,0.58442004747261
3.4048652641844,0.63073452829843,0.12595570768658
1.1807746589976,0.044948090671539,0
0.40948134130196,0.45916165304465,0.83534069764407
2.2720673089895,0.87337521541775,0.88656808306182
0.78793117901371,0.28758877779086,0.47841679615236
0.27324698542402,0.70180234016391,0.95240924562811
1.5161509945432,0.11601590253701,0
0.52578664195671,0.53022946491012,0.81664684646268
2.9174043361651,0.94444302728323,0.95960473983566
1.0117278784653,0.35865658965633,0.41785663820944
0.35085753708359,0.77287015202938,0.95999327880822
1.9467845289005,0.18708371440249,0
0.67512622670691,0.6012972767756,0.81465754724709
3.7460369360543,0.015510839148703,0
1.2990897267768,0.42972440152181,0.37212704981227
0.45051187348807,0.84393796389486,0.97262319748624
2.4997312375927,0.25815152626797,0
0.86688284869936,0.67236508864107,0.82429698858772
0.30062666820652,0.086578651014179,0.89178825795724
1.668071182122,0.50079221338729,0.33665797183269
0.57847110779148,0.91500577576033,0.98736668188068
3.2097318257018,0.32921933813344,0
1.1131042516815,0.74343290050655,0.84540896168067
0.38601389224803,0.15764646287965,0.82435647403791
2.1418547243299,0.57186002525276,0.31287846036536
0.74277470193771,0.98607358762581,0.99917295660645
0.25758715172027,0.40028714999892,0.92532779999072
1.4292601093337,0.81450071237202,0.8793602807294
0.4956537152789,0.22871427474513,0.72062214463672
2.750207370826,0.64292783711824,0.30623486036275
0.95374557243681,0.057141399491286,0.088391053956959
0.33074982875545,0.47135496186439,0.88514231177419
1.8352139586623,0.8855685242375,0.92659316812116
0.63643462166372,0.29978208661061,0.603838638278
3.5313508879142,0.71399564898371,0.32690822336658
1.224638661723,0.12820921135676,0.011799536459402
0.42469295728141,0.54242277372987,0.86044856820582
2.3564711923844,0.95663633610297,0.97988806820619
0.81720163728472,0.37084989847608,0.54555021667635
0.28339769997574,0.78506346084919,0.96981297625645
1.5724737237362,0.19927702322224,0
0.54531882493507,0.61349058559534,0.85828248029615
3.0257815195488,0.02770414796845,0
1.0493120475361,0.44191771034156,0.50746805892199
0.36389136690504,0.85613127271466,0.98019956709727
2.0191046462328,0.27034483508771,0
0.70020615065563,0.68455839746082,0.86753996479692
3.8851965742802,0.098771959833925,0
1.3473489563274,0.51298552220703,0.48143621375804
0.46724771202925,0.92719908458014,0.99196311852097
2.5925924935342,0.34141264695319,0
0.89908624275795,0.75562620932629,0.88661745883434
0.31179449679518,0.1698397716994,0.88470207709428
1.7300375177993,0.58405333407251,0.46751875391193
0.59996043943954,0.99826689644561,0.99997470910864
3.3289685356679,0.41248045881866,0
1.1544544005499,0.82669402119177,0.91547935928529
0.40035372778954,0.24090758356488,0.81482582726884
2.2214214060413,0.65512114593798,0.47014999095187
0.77036766499972,0.069334708311089,0.34104116994209
0.26715612700186,0.48354827068414,0.92334851401887
1.4823549728229,0.89776183305725,0.95303687213006
0.51406650535045,0.31197539543035,0.71392905749949
2.8523734384071,0.72618895780346,0.4979791804517
0.98917578604267,0.14040252017656,0.15319739309362
0.34303668745406,0.55461608254961,0.8952343356348
1.9033893971094,0.96882964492272,0.99116601129439
0.66007721067632,0.38304320729583,0.65035005897051
3.6625352623343,0.79725676966893,0.56454876467001
1.2701321461794,0.21147033204204,0.073896937563791
0.44046966191652,0.62568389441509,0.89162668296173
2.4440105531061,0.039897456788196,0
0.84755944905858,0.4541110191613,0.61775921212999
0.29392549830658,0.86832458153441,0.98571919155388
1.6308887576107,0.28253814390752,0.023342476422237
0.56557659913524,0.69675170628057,0.89977260589678
3.1381847522982,0.11096526865367,0
1.0882924119623,0.52517883102678,0.59933968495306
0.37740938390184,0.93939239339988,0.99505949534982
2.094111347156,0.35360595577299,0
0.72621775605945,0.76781951814604,0.91651162318262
0.25184536148588,0.18203308051915,0.92450559318534
1.3974009436749,0.59624664289225,0.59331351579247
0.48460526180193,0.01046020526536,0.72269346249326
2.6889034054733,0.42467376763847,0
0.93248594447255,0.83888733001152,0.94073386396351
0.32337719341978,0.25310089238462,0.87808205081365
1.7943058096514,0.66731445475773,0.60252779573458
0.6222480674388,0.081528017130836,0.55468379025696
3.4526347100802,0.49574157950394,0
1.1973406452591,0.90995514187699,0.97036597919642
0.41522626665471,0.3241687042501,0.80760896919685
2.3039438703119,0.7383822666232,0.63333624777182
0.79898566514034,0.15259582899631,0.33858222571748
0.2770805753237,0.56680939136942,0.92413648071864
1.5374222306375,0.98102295374247,0.99699586564502
0.53316330288077,0.39523651611557,0.73557464144967
2.9583348217441,0.80945007848868,0.69515286681047
1.0259221787978,0.22366364086179,0.2313894411761
0.3557799844742,0.63787720323489,0.91732920358599
1.974097450561,0.052090765607943,0
0.68459808631286,0.46630432798105,0.70536827764476
3.7985929389672,0.88051789035416,0.79751912918757
1.3173156451621,0.29473145272726,0.15948601197858
0.45683244740106,0.70894501510037,0.92391390954742
2.5348018694215,0.12315857747342,0
0.87904500788229,0.53737213984652,0.6919848462811
0.30484438851187,0.95158570221963,0.99712615655662
1.6914738221389,0.36579926459274,0.10231374937975
0.58658691917966,0.78001282696584,0.93826436396343
3.2547635960925,0.19422638933889,0
1.1287208383013,0.608439951712,0.69118639073818
0.39142957489926,0.022653514085107,0.81734561363679
2.1719044342103,0.43686707645821,0.057250804070378
0.75319565348321,0.85108063883132,0.95840731241565
0.26120103789578,0.26529420120437,0.9200292837507
1.4493122870754,0.67950776357748,0.70412296713133
0.50260761844333,0.093721325950582,0.70401784363345
2.7887921229413,0.50793488832369,0.025699070229956
0.9671263948735,0.9221484506968,0.98165061652182
0.33539016980388,0.33636201306985,0.87247692615009
1.8609615718876,0.75057557544295,0.73491152122817
0.64536364729818,0.16478913781606,0.5339693081812
3.580894896881,0.57900270018916,0.0085625231841109
1.2418200494593,0.99321626256227,0.99955445662333
0.43065129797071,0.40742982493532,0.8066300629433
2.3895319200184,0.82164338730843,0.78947256976558
0.82866678094528,0.23585694968153,0.39331171167053
0.28737370197453,0.65007051205464,0.93739552267444
1.59453515426,0.064284074427746,0
0.55296951771814,0.4784976368008,0.77441199835845
3.0682325111082,0.8927111991739,0.8720027694611
1.0640336447781,0.30692476154701,0.31779220623926
0.36899667581296,0.72113832392012,0.94212245938591
2.0474322018547,0.13535188629322,0
0.7100298756005,0.54956544866627,0.76364654440397
3.9397049536584,0.96377901103938,0.96988309647956
1.3662519401691,0.37799257341248,0.25963110641638
0.47380308575711,0.79220613578559,0.95417805819038
2.6289659465909,0.2064196981587,0
0.91170020786279,0.62063326053175,0.76574817526051
0.31616889906653,0.034846822904854,0.88014867191848
1.7543095306964,0.44906038527796,0.21151604118001
0.60837774101471,0.86327394765107,0.97081440115095
3.375673168602,0.27748751002417,0
1.1706511198759,0.69170107239722,0.78017165011671
0.4059705949062,0.10591463477033,0.80482819477821
2.2525874174497,0.52012819714344,0.17339061190231
0.7811757392224,0.93434175951654,0.98895226549815
0.27090426361359,0.34855532188965,0.91603514700024
1.5031520588097,0.7627688842627,0.80910643642908
0.52127873555903,0.1769824466358,0.68765879746551
2.892391556033,0.59119600900891,0.14849472371705
1.0030536859085,0.0054095713820175,0.0020709295436044
0.34784941019354,0.41962313375512,0.86902504846952
1.9300934954423,0.83383669612817,0.85576792608268
0.66933793618407,0.24805025850128,0.54025669263249
3.7139197567224,0.66226382087439,0.14304082682874
1.2879517966295,0.076477383247493,0
0.44664934600124,0.4906909456206,0.82908596317139
2.47829943705,0.90490450799365,0.92078196106761
0.85945050556269,0.31911807036676,0.46265775150095
0.29804920279982,0.73333163273986,0.95597231427869
1.6537697370991,0.14754519511297,0
0.57351150364865,0.56175875748607,0.81881991691851
3.1822127343488,0.97597231985912,0.98869998443612
1.1035608944009,0.39018588223223,0.4102079692666
0.38270434735738,0.80439944460534,0.96589802806283
2.1234912288653,0.21861300697844,0
0.73640641761138,0.63282656935155,0.82204847686628
0.25537869171664,0.0470401317246,0.92153555485794
1.4170061449367,0.46125369409771,0.36981617080182
0.49140415780466,0.87546725647081,0.9795626566611
2.7266280776059,0.28968081884392,0
0.94556849940994,0.70389438121703,0.83642872722985
0.32791409815651,0.11810794359008,0.87186115753233
1.8194794913229,0.53232150596318,0.33985530832627
0.63097805910807,0.94653506833629,0.99363456029494
3.5010743498851,0.3607486307094,0
1.2141390483484,0.7749621930825,0.86255626865384
0.42105179193705,0.18917575545555,0.79322288708049
2.3362676521713,0.60338931782866,0.32344216539779
0.81019524306518,0.017602880201764,0.27476492921088
0.28096794957341,0.43181644257487,0.91303113049359
1.5589918970904,0.84603000494798,0.90165051513653
0.54064345659449,0.26024356732103,0.67650607823932
2.999839552253,0.67445712969413,0.32780633611846
1.0403156217716,0.08867069206724,0.057063814173149
0.36077149262517,0.50288425444035,0.87334098277121
2.0017935659843,0.91709781681345,0.95206945392059
0.69420283384531,0.3313113791865,0.58579252798143
3.8518862900396,0.74552494155961,0.36572049631558
1.3357972688261,0.15973850393272,0.0048435451539162
0.46324169745542,0.57395206630582,0.86141358895845
2.5703645338342,0.98816562867893,0.99735715048982
0.89137779925167,0.40237919105198,0.53855574195922
0.30912128242507,0.81659275342508,0.97459112318808
1.7152047956029,0.23080631579819,0
0.59481659346184,0.6450198781713,0.86449290481454
3.3004271514592,0.059233440544403,0
1.1445565218995,0.47344700291745,0.50669936692071
0.39692123828367,0.88766056529056,0.98575981614568
2.2023757343385,0.30187412766367,0
0.76376280848853,0.71608769003677,0.87787646585604
0.26486562603057,0.13030125240988,0.91608669099405
1.4696457920783,0.54451481478293,0.48640607067299
0.50965908320735,0.95872837715604,0.99659083026791
2.8279182099066,0.37294193952914,0
0.98069494705097,0.78715550190225,0.90083043032902
0.3400956137283,0.20136906427535,0.86394475815078
1.8870704179726,0.6155826266484,0.47961119411291
0.65441794502827,0.029796189021511,0.50787078668125
3.6311339964538,0.44400975139462,0
1.259242487959,0.85822331376772,0.93314028230505
0.43669323275585,0.27243687614083,0.78360941605222
2.4230564817604,0.68665043851388,0.49233568757979
0.8402927778311,0.10086400088699,0.25048809071094
0.29140548633109,0.51507756326009,0.91215341949826
1.6169061013818,0.9292911256332,0.97179972030499
0.56072754789236,0.34350468800631,0.6884809249241
3.1112790799334,0.75771825037936,0.53498200316631
1.0789617825113,0.17193181275246,0.12954972936527
0.37417361098464,0.58614537512557,0.8945894902455
2.0761571863117,0.00035893749867455,0
0.7199914250587,0.41457249987178,0.64312870987099
3.9949780725712,0.82878606224483,0.62257945001585
1.3854201283563,0.24299962461794,0.061254638045072
0.48045042981179,0.65721318699104,0.89659513509518
2.6658497105004,0.07142674936415,0
0.92449114388333,0.48564031173726,0.61774055732579
0.32060467315637,0.89985387411031,0.99016722898234
1.7789220741332,0.31406743648341,0.016622304604051
0.61691313531924,0.72828099885652,0.90844220181948
3.4230330563737,0.14249456122963,0
1.1870750753029,0.55670812360273,0.6051262545772
0.41166626532601,0.97092168597578,0.99840208716611
2.2841906805496,0.38513524834889,0
0.79213544814317,0.79934881072199,0.9282130582333
0.27470498568614,0.2135623730951,0.91078882899852
1.5242409229424,0.62777593546821,0.6056202089829
0.52859215163363,0.041989497841257,0.67228963809101
2.9329711182843,0.45620306021436,0
1.0171262893925,0.87041662258747,0.95467137173473
0.35272965428277,0.28463018496058,0.85688726636476
1.9571722458922,0.69884374733368,0.62343790708329
0.67872858745738,0.11305730970673,0.48045683114353
3.7660251632847,0.52727087207984,0
1.3060214525165,0.94148443445295,0.98404216379548
0.45291572957672,0.35569799682605,0.77856315319597
2.5130693858397,0.76991155919916,0.6660718966186
0.8715083907476,0.18412512157221,0.30126502148703
0.30223076188152,0.59833868394531,0.92087267576559
1.6769717312607,0.012552246318421,0
0.58155773297595,0.42676580869153,0.72697823750967
3.2268584184648,0.84097937106463,0.7432510025301
1.1190435899993,0.25519293343768,0.2134566758166
0.3880735978847,0.66940649581079,0.92103640821099
2.1532833032932,0.083620058183897,0
0.74673802365003,0.497833620557,0.70534188649757
0.25896159372608,0.91204718293011,0.99330893645695
1.4368864024866,0.32626074530316,0.14806157851815
0.49829844069353,0.74047430767627,0.93107915213097
2.7648820178723,0.15468787004937,0
0.95883459946638,0.56890143242248,0.6978144900142
0.33251465458249,0.98311499479559,0.99944194407064
1.8450063537317,0.39732855716863,0.09504014073717
0.63983053047399,0.81154211954174,0.9478536662706
3.5501935862605,0.22575568191485,0
1.2311731290183,0.63996924428795,0.70287404232065
0.42695904794681,0.054182806661061,0.78369016778905
2.3690449289655,0.46839636903411,0.053843382320901
0.82156208868923,0.88260993140722,0.96938322727609
0.28490986275476,0.29682349378032,0.90588558900964
1.5808641808089,0.71103705615343,0.72290892856139
0.54822855507707,0.12525061852654,0.65212360581417
3.0419265842113,0.53946418089959,0.026086109540204
1.0549110013106,0.95367774327269,0.99149582659136
0.36583303044254,0.3678913056458,0.85165273624883
2.0298782512876,0.78210486801891,0.76276532013116
0.70394233369034,0.19631843039201,0.47195545399042
3.9059273340904,0.61053199276506,0.012153028705208
1.354538185253,0.024745555138168,0
0.46974086775639,0.43895911751127,0.79444028045661
2.6064261339284,0.85317267988438,0.8280404760424
0.90388361673644,0.26738624225749,0.37212726129299
0.3134581801378,0.68159980463054,0.93981811945548
1.7392687089523,0.095813367003643,0
0.60316172810731,0.51002692937675,0.7737244265574
3.3467313555952,0.92424049174986,0.91859435857081
1.1606143763534,0.33845405412296,0.30602984122242
0.40248994839286,0.75266761649601,0.94795126275923
2.2332745395255,0.16688117886912,0
0.77447821815279,0.58109474124223,0.76897216507137
0.26858162746106,0.99530830361533,0.99993763014091
1.4902645712967,0.40952186598844,0.25296248640967
0.51680947833655,0.82373542836149,0.9620091148778
2.8675932265209,0.23794899073459,0
0.99445386277262,0.6521625531077,0.77634644235178
0.34486707390627,0.066376115480807,0.85789800397948
1.9135455649281,0.48058967785391,0.20940077137407
0.66359927239153,0.89480324022696,0.97944690652645
3.6820779385852,0.30901680260007,0
1.2769093591069,0.72323036497318,0.79655612987263
0.44281993444201,0.13744392734628,0.76977203095367
2.4570513850905,0.55165748971939,0.17685477624515
0.85208188467462,0.96587105209244,0.99590984385738
0.29549383565859,0.38008461446555,0.90182070197769
1.6395909075447,0.79429817683865,0.8322793037078
0.56859442137575,0.20851173921176,0.63647207110269
3.1549295818311,0.62272530158486,0.1598806895375
1.0940993584488,0.036938863957914,0
0.3794231773195,0.45115242633102,0.85082237739399
2.1052851754354,0.86536598870413,0.88609998654079
0.73009273267478,0.27957955107723,0.51443545234691
0.25318916625826,0.69379311345034,0.95442518872461
1.4048572416426,0.10800667582339,0
0.48719103451469,0.5222202381965,0.82711548877918
2.7032509448023,0.9364338005696,0.95440661728495
0.9374615336792,0.35064736294271,0.45103923089685
0.32510268009643,0.76486092531582,0.96062196356409
1.803879925672,0.17907448768887,0
0.62556827916592,0.59328805006197,0.82327949719773
3.4710573920529,0.0075016124350782,0
1.2037294548992,0.42171517480818,0.40508779988717
0.41744184464055,0.83592873718129,0.97227347824108
2.3162373298783,0.25014229955434,0
0.80324891916074,0.66435586192745,0.83133377507422
0.278559030981,0.078569424300554,0.90690572163196
1.5456256587992,0.49278298667366,0.36992612381149
0.53600817318785,0.90699654904677,0.98634298905667
2.9741200020956,0.32121011141982,0
1.0313963281405,0.73542367379292,0.85043956381315
0.35767836703019,0.14963723616603,0.84853853130379
1.9846309047391,0.56385079853914,0.34609504330704
0.68825098732392,0.97806436091224,0.99839654128789
3.818861596248,0.39227792328529,0
1.324344621357,0.8064914856584,0.88157689424686
0.45927002901625,0.2207050480315,0.75758082671537
2.5483271487011,0.63491861040461,0.33834819837677
0.88373544517983,0.049132172777718,0.16629596812668
0.30647098723785,0.46334573515077,0.89950372727268
1.7004992438551,0.87755929752387,0.92522775508579
0.58971684897767,0.29177285989698,0.63744035281983
3.2721304708598,0.70598642227009,0.35593187072987
1.1347435041163,0.12019998464319,0.038686643547224
0.39351817771368,0.53441354701624,0.86920419621012
2.1834933534058,0.94862710938935,0.97585277788187
0.75721457965192,0.36284067176246,0.57356289992868
0.2625947629944,0.77705423413556,0.97021344832807
1.457045575299,0.19126779650867,0.00081291526037042
0.50528944872344,0.60548135888172,0.86476776275096
2.803672651778,0.019694921254825,0
0.97228681973633,0.43390848362793,0.5345166074196
0.33717975571549,0.84812204600104,0.97976467676874
1.8708913519192,0.26233560837414,0
0.64880719989765,0.67654917074719,0.87239647792988
3.6000019537817,0.0907627331203,0
1.2484461937688,0.50497629549341,0.50843459287196
0.4329491813467,0.91918985786651,0.99107364697721
2.4022820631186,0.33340342023962,0
0.83308840844071,0.74761698261267,0.88969172227397
0.28890708003593,0.16183054498578,0.9006948319899
1.6030433274401,0.57604410735888,0.49426367649406
0.55592007067851,0.99025766973199,0.9996443354972
3.0846040871693,0.4044712321051,0
1.0697111505359,0.81868479447814,0.91631758952316
0.37096558042579,0.23289835685125,0.83989898798967
2.0583569580135,0.64711191922436,0.49558396797937
0.71381847639024,0.061325481597464,0.42415958952685
3.9607265610735,0.47553904397057,0
1.3735420322583,0.88975260634362,0.95133666561993
0.47633121986324,0.30396616871673,0.74921302424249
2.6429936696532,0.71817973108983,0.52001774864108
0.91656488785163,0.13239329346294,0.20368510627272
0.31785592348882,0.54660685583605,0.90322958640372
1.7636702332548,0.9608204182091,0.98826119147383
0.61162394299738,0.3750339805822,0.67406807016563
3.3936851966475,0.78924754295531,0.57965447928404
1.1768975186676,0.20346110532842,0.1111471385361
0.40813678617397,0.61767466770152,0.8966526869219
2.2646068475638,0.031888230074571,0
0.78534396245366,0.44610179244768,0.63936831577679
0.2723497635035,0.86031535482078,0.98526520556802
1.5111726270602,0.27452891719389,0.050544447718026
0.52406019180046,0.688742479567,0.90313687392251
2.907824874136,0.10295604194005,0
1.0084058127938,0.51716960431315,0.62025953516681
0.34970547653016,0.93138316668626,0.99431535712974
1.9403921518678,0.34559672905937,0.011276576293213
0.67290941158359,0.75981029143247,0.91830111087225
3.7337366120493,0.17402385380552,0
1.2948240922346,0.58823741617863,0.61354229560394
0.44903259228868,0.0024509785517353,0.76093230521101
2.4915232287896,0.41666454092484,0
0.86403638986956,0.83087810329795,0.94076405202752
0.29963954355013,0.245091665671,0.89479703524631
1.6625939761163,0.6593052280441,0.62119917253128
0.57657166521394,0.073518790417211,0.61401460750316
3.199192489839,0.48773235279032,0
1.1094493109587,0.90194591516342,0.96865148786868
0.38474639381539,0.31615947753647,0.83281788882317
2.1348218232856,0.73037303990958,0.64868448474894
0.7403357592225,0.14458660228269,0.40198856396432
0.25674134974881,0.55880016465579,0.93306159242922
1.4245670529833,0.9730137270289,0.99510439402254
0.49402620829058,0.38722728940195,0.75663781052686
2.7411769094826,0.80144085177506,0.70437602853038
0.9506138949443,0.21565441414816,0.27502124025481
0.32966379299885,0.62986797652127,0.92141460960909
1.829187929903,0.044081538894375,0
0.63434485261239,0.45829510126742,0.72264008199229
3.5197554976829,0.87250866364053,0.79716837093449
1.2206174914608,0.28672222601364,0.19867719126183
0.42329845395266,0.70093578838674,0.92627935243462
2.3487335860372,0.11514935075985,0
0.81451830952058,0.5293629131329,0.70790731467636
0.28246714761032,0.94357647550601,0.99652509934168
1.5673104173886,0.35779003787911,0.13842711358183
0.54352823975206,0.77200360025222,0.93923298824967
3.0158461949131,0.18621716262533,0
1.0458665721212,0.60043072499838,0.70601827202782
0.36269650903472,0.014644287371482,0.84276828090325
2.0124748020071,0.42885784974459,0.089351593738325
0.69790698418451,0.84307141211769,0.95799799129017
3.8724393117378,0.2572849744908,0
1.3429248598771,0.67149853686385,0.71725742938108
0.4657134777581,0.085712099236957,0.74439793758033
2.5840795695487,0.49992566161006,0.052131638754065
0.89613404226349,0.91413922398317,0.98008749922568
0.31077070194243,0.32835278635628,0.88960582825072
1.7243568418281,0.74256634872933,0.74500554227139
0.59799043542687,0.15677991110243,0.59353827021275
3.3180376793288,0.57099347347554,0.028415247349964
1.1506636842761,0.98520703584865,0.99856353533711
0.3990391436964,0.39942059822175,0.82920928845535
2.2141272433005,0.8136341605948,0.79450026853017
0.76783811923062,0.22784772296791,0.43617441402109
0.26627890475922,0.64206128534101,0.94096854681091
1.4774875764874,0.056274847714121,0
0.51237853892517,0.47048841008723,0.78853927625926
2.8430075090064,0.88470197246028,0.86989533627128
0.98592777144129,0.29891553483338,0.35587741322388
0.34191030710242,0.71312909720649,0.94383680444437
1.8971395104447,0.1273426595796,0
0.6579098098477,0.5415562219527,0.77576317882767
3.6505091207951,0.95576978432575,0.96231307344929
1.2659615954895,0.36998334669886,0.29674400410969
0.43902335488641,0.78419690907197,0.95463815222918
2.4359855063202,0.19841047144507,0
0.84477643970353,0.61262403381818,0.77646567364898
0.29296037732031,0.026837596191228,0.8969189675613
1.6255336421978,0.44105115856433,0.24836948992041
0.56371949640558,0.85526472093744,0.97019528480809
3.1278803452948,0.26947828331055,0
1.0847189423176,0.68369184568365,0.78915658423296
0.37617013885862,0.097905408056704,0.83178617286292
2.0872352141891,0.51211897042981,0.20971735940381
0.72383317901182,0.92633253280292,0.98761334248528
0.25101841300714,0.34054609517602,0.9274651159481
1.3928124986957,0.75475965754913,0.81542266742442
0.48301403303506,0.16897321992218,0.72937347276401
2.6800742391646,0.58318678229529,0.18368594852176
0.92942407417005,0.99740034466839,0.99992791005419
0.322315366128,0.4116139070415,0.88588669678363
1.7884141051113,0.82582746941461,0.85805748955691
0.62020488074009,0.24004103178765,0.58352674960869
3.4412977888678,0.65425459416076,0.17642744726893
1.1934091095767,0.068468156533868,0
0.41386284773968,0.48268171890697,0.84126317355658
2.2963787403955,0.89689528128008,0.91799276308392
0.79636215055017,0.31110884365313,0.49643660088828
0.27617076559412,0.72532240602624,0.95727957347119
1.5323740178485,0.13953596839934,0
0.53141263104137,0.55374953077245,0.82817863304343
2.9486209621527,0.96796309314556,0.98359215155748
1.0225535053389,0.38217665551861,0.44263291017894
0.35461176078649,0.79639021789171,0.96605561615746
1.9676153900066,0.21060378026482,0
0.68235016980317,0.62481734263793,0.82977062154179
3.7861200443556,0.039030905011032,0
1.3129901647869,0.45324446738414,0.40236561567144
0.45533241223998,0.86745802975724,0.97887169957094
2.526478704217,0.28167159213024,0
0.87615861391555,0.69588515450334,0.8424525132152
0.30384341473248,0.11009871687645,0.88968558867399
1.6859197722423,0.52431227924956,0.37264920576517
0.58466082787681,0.93852584162266,0.99254064989205
3.2440763958665,0.35273940399577,0
1.1250146196338,0.76695296636888,0.86629659243598
0.39014429376647,0.18116652874198,0.82139996438515
2.1647728632452,0.59538009111509,0.35582853060568
0.7507224929846,0.0095936534881957,0.36604743447604
0.26034336952476,0.42380721586119,0.92456224167833
1.444553388266,0.83802077823429,0.90227517895233
0.50095727792095,0.2522343406074,0.71763953993613
2.779634966383,0.66644790298051,0.35836489331304
0.96395078069424,0.080661465353614,0.10421028306083
0.33428889722518,0.49487502772672,0.88559653890771
1.8548509993848,0.90908859009983,0.94923059084473
0.64324455928652,0.32330215247293,0.61544018228274
3.569136826096,0.73751571484604,0.39180024215393
1.2377424631392,0.15172927721915,0.025768414255435
0.42923723009354,0.56594283959214,0.86887079745589
2.3816857569034,0.98015640196525,0.99441707774113
0.82594580673379,0.39436996433835,0.56543326824212
0.28643009418182,0.80858352671146,0.97457958449609
1.5892994079583,0.22279708908457,0
0.55115381105287,0.63701065145767,0.87010125161525
3.0581577962424,0.051224213830778,0
1.0605398301666,0.46543777620388,0.53312124731116
0.36778505437223,0.87965133857699,0.98507613944167
2.0407093424997,0.2938649009501,0
0.70769845237329,0.70807846332309,0.88185414246708
3.9267687097709,0.1222920256962,0
1.3617657747034,0.5365055880693,0.51275127941593
0.47224732654582,0.95071915044241,0.99573632772249
2.6203335883161,0.36493271281552,0
0.90870658870125,0.77914627518862,0.90288192650591
0.31513074061668,0.19335983756173,0.88268889217876
1.7485491561988,0.60757339993484,0.5053257164623
0.60638009831676,0.021786962307942,0.57351229009527
3.3645889549608,0.43600052468105,0
1.1668072207586,0.85021408705404,0.9328270806003
0.40463756751249,0.26442764942715,0.81234987836448
2.245190919349,0.67864121180025,0.51597466975794
0.7786107045306,0.092854774173361,0.33325336064127
0.27001473415259,0.50706833654647,0.9231112958156
1.4982163740669,0.92128189891957,0.96923832395008
0.51956708736814,0.33549546129268,0.71615683794031
2.8828942248816,0.74970902366579,0.55393029729631
0.99976010243849,0.16392258603889,0.17403278941318
0.34670722699472,0.578136148412,0.90085273083664
1.9237559243617,0.99234971078499,0.99909877355348
0.66714012723983,0.4065632731581,0.66520224970441
3.7017248912904,0.82077683553121,0.63265408703845
1.2837227341106,0.23499039790431,0.096032631160508
0.44518274762916,0.64920396027742,0.90075104277665
2.4701618007749,0.063417522650525,0
0.85662845125179,0.47763108502363,0.63850410096295
0.29707054139677,0.89184464739674,0.98953322959163
1.6483394906963,0.30605820976984,0.041442692030235
0.57162834621173,0.72027177214295,0.91104045243384
3.1717637589778,0.13448533451594,0
1.0999372898312,0.54869889688905,0.6252644535634
0.3814477160025,0.96291245926216,0.99777065146538
2.1165186253963,0.37712602163526,0.0071972893572467
0.73398838551768,0.79133958400837,0.92919542841946
0.25454014134847,0.20555314638148,0.92315923694518
1.412353325171,0.61976670875458,0.62476691144945
0.48979060447849,0.033980271127689,0.71708470323363
2.717675040204,0.4481938335008,0
0.94246367179888,0.8624073958739,0.95388525352804
0.32683737368161,0.27662095824689,0.87628058046603
1.8135051275761,0.69083452062,0.64038666019879
0.6289062069883,0.10504808299311,0.54764880649953
3.4895783743776,0.51926164536621,0
1.21015235416,0.93347520773932,0.98189696625997
0.41966924458051,0.34768877011243,0.80620556602261
2.3285963852902,0.76190233248553,0.67867423293226
0.80753492119233,0.17611589485864,0.35120769671065
0.28004537543076,0.59032945723175,0.92665190128698
1.5538728590825,0.0045430196048528,0
0.53886822324759,0.41875658197785,0.74549996412582
2.9899894095331,0.83297014435095,0.74839919541144
1.0368996866292,0.24718370672406,0.2548400033075
0.35958687903833,0.66139726909717,0.92422577520904
1.9952205636696,0.075610831470271,0
0.69192337960425,0.48982439384338,0.72155379922171
3.8392384036976,0.90403795621648,0.85547223587101
1.331411102995,0.31825151858959,0.18630472748718
0.46172061715955,0.7324650809627,0.93276789091146
2.5619245966104,0.1466786433358,0
0.88845090986743,0.5608922057088,0.71287365661569
0.30810626522279,0.9751057680819,0.99901697718184
1.7095728237131,0.38931933045501,0.13047743261976
0.59286347955835,0.80353289282812,0.94818427576936
3.2895900123682,0.21774645520122,0
1.1407983058695,0.63196001757433,0.71665180520524
0.3956179249639,0.046173579947435,0.8136308668814
2.1951441091372,0.46038714232054,0.085348670021462
0.76125495013897,0.87460070469365,0.96840722951543
0.26399592477737,0.28881426706675,0.9187819285183
1.4648201270561,0.70302782943975,0.73451232475886
0.5079855888017,0.11724139181285,0.69888629238888
2.8186325806313,0.53145495418596,0.052353990865709
0.97747477976375,0.94566851655907,0.98979985381911
0.33897889055841,0.35988207893217,0.87112406752581
1.8808741155985,0.77409564130528,0.77059111682291
0.65226912671826,0.18830920367839,0.53014757194404
3.6192109627447,0.60252276605149,0.033260351906171
1.2551076940777,0.016736328424599,0
0.43525932584433,0.43094989079771,0.81101933129074
2.4151002388514,0.8451634531707,0.82997112026133
0.83753362900199,0.25937701554381,0.41173515054198
0.29044863994657,0.67359057791691,0.94240049976123
1.6115968988104,0.087804140290018,0
0.5588863672967,0.50201770266312,0.78654394095492
3.1010630192259,0.91623126503623,0.91341256645078
1.0754189505155,0.33044482740934,0.34315922002113
0.37294499078479,0.74465838978244,0.94905470505381
2.0693400068467,0.15887195215555,0
0.7176272925206,0.57308551452866,0.78017201802483
3.981860336275,0.98729907690165,0.99460780558484
1.3808710230614,0.40151263927476,0.289682678557
0.47887284367044,0.81572620164786,0.96196130008456
2.6570962423029,0.22993976402097,0
0.92145552496042,0.64415332639408,0.78607434971167
0.31955194959148,0.058366888767182,0.87770612158434
1.7730808829586,0.47258045114029,0.24596568792055
0.61488746617168,0.88679401351339,0.97844460749564
3.4117933338643,0.3010075758865,0
1.1831772472,0.71522113825961,0.80423161859797
0.41031453587656,0.1294347006326,0.80129254424611
2.2766904113482,0.54364826300571,0.21282594900625
0.78953442662794,0.95786182537881,0.99464390218507
0.2738029763394,0.37207538775192,0.9149987557366
1.5192359917223,0.78628895012503,0.83679510638245
0.5268564894277,0.20050251249813,0.68357297681505
2.9233405418468,0.61471607487124,0.1945633701291
1.0137864977337,0.028929637244346,0.014759678059912
0.35157144652665,0.44314319961745,0.86869341630003
1.950745760204,0.85735676199056,0.88613339810032
0.67649994377893,0.27157032436355,0.55094946528932
3.7536592068053,0.68578388673666,0.19938124070328
1.3017330572613,0.099997449109765,0
0.45142855518,0.51421101148287,0.83758630526212
2.5048175804726,0.92842457385598,0.94982264129792
0.86864674368919,0.34263813622908,0.4834245127744
0.30123837009289,0.75685169860219,0.96136071546194
1.6714652997986,0.1710652609753,0
0.57964815529026,0.5852788233484,0.83167463064016
3.2162628464667,0.99949238572151,0.99997582993381
1.1153691471232,0.4137059480945,0.43694961217357
0.38679933629225,0.82791951046761,0.97202186687635
2.1462128758639,0.24213307284072,0
0.74428606714373,0.65634663521382,0.83814123604998
0.25811127869665,0.070560197586929,0.91993650927549
1.4321683047716,0.48477375996004,0.4020582138897
0.49666224959967,0.89898732233314,0.98540276935979
2.7558033714963,0.31320088470625,0
0.95568621186599,0.72741444707935,0.85536489145229
0.33142282392043,0.14162800945246,0.86948428369008
1.83894817109,0.55584157182545,0.37827769296069
0.63772961076415,0.97005513419856,0.99752249834373
3.5385363249631,0.38426869657167,0
1.2271305024636,0.79848225894477,0.88392203559964
0.42555710378128,0.21269582131788,0.79009951940662
2.3612660360427,0.62690938369099,0.36961637290785
0.81886444313658,0.041122946064093,0.26332511003543
0.28397434511738,0.4553365084372,0.91243079687843
1.5756733239208,0.86955007081031,0.92426388937517
0.54642841563076,0.28376363318341,0.67512414550499
3.0319382463433,0.6979771955564,0.38439853726
1.0514471414142,0.11219075792951,0.075935473527011
0.36463179701031,0.52640432030262,0.87829894400022
2.0232130313214,0.94061788267572,0.97212766417517
0.70163089925084,0.35483144504883,0.60106187114985
3.8931020009271,0.76904500742194,0.43671453615516
1.3500904825636,0.18325856979504,0.016115401734363
0.46819844706736,0.59747213216815,0.8711963917262
2.5978677864032,0.011685694541256,0
0.90091566379365,0.42589925691436,0.56054546765086
0.31242892248666,0.84011281928736,0.97941798375597
1.7335577218435,0.25432638166046,0
0.60118121248255,0.66853994403357,0.87715991573889
3.3357421740318,0.082753506406675,0
1.1568034334511,0.49696706877978,0.53424763196383
0.4011683498987,0.91118063115289,0.99023833714164
2.2259414563503,0.32539419352599,0
0.77193517515021,0.7396077558991,0.89275462813679
0.26769972450714,0.15382131827221,0.91450929210563
1.4853712033476,0.56803488064531,0.51982405852484
0.51511250520451,0.98224844301831,0.99912924268805
2.8581773220861,0.39646200539141,0
0.99118851730797,0.81067556776452,0.9173039232649
0.34373468337731,0.22488913013763,0.86174294833601
1.9072623299126,0.63910269251073,0.51998759246446
0.6614203066742,0.053316254883839,0.49900930989173
3.6699876275628,0.46752981725695,0
1.2727165550557,0.88174337963005,0.94994131611834
0.44136591015922,0.29595694200316,0.78139184237743
2.448983517995,0.71017050437626,0.54138763891311
0.84928402564688,0.12438406674926,0.26036090001637
0.29452356494798,0.53859762912236,0.91264648982961
1.6342072181301,0.95281119149547,0.98543759664128
0.56672740945638,0.36702475386858,0.69785388426371
3.1445701922335,0.78123831624168,0.5947959169953
1.0905068213668,0.19545187861479,0.1520001992766
0.37817731987189,0.6096654409879,0.9017625205253
2.0983723525718,0.023879003361003,0
0.72769543192219,0.43809256573411,0.66026277038838
0.25235780532067,0.85230612810722,0.98488897843093
1.4002443134876,0.26651969048021,0.083254764589656
0.48559131521682,0.68073325285332,0.90650315981446
2.6943746675381,0.094946815226422,0
0.93438332574832,0.50916037759953,0.64024338312855
0.32403518707153,0.92337393997263,0.9936013515882
1.7979567839813,0.33758750234574,0.033769229474033
0.62351419036435,0.75180106471885,0.92013628930432
3.4596599789219,0.16601462709195,0
1.1997769411996,0.58022818946506,0.63280493741637
0.41607115074999,0.99444175183817,0.99988592509736
2.3086318336918,0.40865531421116,0.0042661395983942
0.80061140593529,0.82286887658427,0.9409404280729
0.2776443666587,0.23708243895737,0.90928881607497
1.5405505095897,0.65129600133048,0.63903918129153
0.53424816005617,0.065509563703586,0.66609446810438
2.9643543109724,0.47972312607669,0
1.0280096800025,0.8939366884498,0.96715633377799
0.35650390989617,0.30815025082291,0.85506732312699
1.9781142569927,0.72236381319601,0.66354605010765
0.68599107630708,0.13657737556912,0.47434209547076
3.8063221483558,0.55079093794211,0
1.3199960609412,0.96500450031522,0.99311996717929
0.45776198991803,0.37921806268832,0.77922390720328
2.5399595724776,0.79343162506143,0.71374387030511
0.88083364989712,0.20764518743454,0.31988242169218
0.30546467242951,0.62185874980764,0.92572100942242
1.6949155584762,0.03607231218075,0
0.58778048037344,0.45028587455386,0.73955825188337
3.2613862455178,0.86449943692696,0.79785928677156
1.1310175096852,0.27871299930007,0.23859886295688
0.39222603853563,0.69292656167306,0.92871303844796
2.1763237295688,0.10714012404617,0
0.75472822278209,0.52135368641927,0.72319554968065
0.26173251824833,0.93556724879238,0.99593435210895
1.4522612838002,0.34978081116549,0.17594739890416
0.50363030225975,0.76399437353859,0.94027933185042
2.7944666341631,0.1782079359117,0
0.96909426101006,0.59242149828481,0.72016846408675
0.3360726069303,0.0066350606579135,0.86471434390503
1.8647481744229,0.42084862303102,0.12421722517296
0.64667680478619,0.83506218540401,0.95772151379253
3.5881811438955,0.24927574777712,0
1.2443468501298,0.66348931015023,0.72982169953408
0.43152756823945,0.077702872523332,0.77950415772031
2.3943940341881,0.49191643489644,0.08320530387377
0.83035291556569,0.90612999726955,0.97867222064386
0.28795843730969,0.32034355964265,0.90456227095087
1.597779644071,0.73455712201576,0.75482089514618
0.55409467570601,0.14877068438886,0.64685261471216
3.0744756153081,0.56298424676197,0.054879059355617
1.0661986935134,0.97719780913496,0.99732490136447
0.3697474939756,0.39141137150807,0.85066576922564
2.0515982266042,0.80562493388118,0.79975138082376
0.71147461307798,0.21983849625428,0.48067698879835
3.9477212915512,0.63405205862739,0.041527463956984
1.3690319293632,0.048265621000496,0
0.47476715938058,0.4624791833736,0.80271224916331
2.6343152505577,0.87669274574671,0.86862126390181
0.9135552952384,0.29090630811982,0.39358830546679
0.31681222559883,0.70511987049292,0.94566759973495
1.7578791223618,0.11933343286591,0
0.60961564121175,0.53354699523902,0.78752131970163
3.3825418394932,0.94776055761213,0.95533020093979
1.1730331091471,0.36197411998523,0.33323422998426
0.4067966459688,0.77618768235834,0.95519210405074
2.2571708829843,0.19040124473145,0
0.78276524116554,0.60461480710455,0.78675467628993
0.27145548766191,0.01882836947766,0.91136913626432
1.5062106063277,0.43304193185077,0.28477214386683
0.52233941054096,0.84725549422387,0.96969080229709
2.8982768668124,0.26146905659687,0
1.0050946553124,0.67568261896997,0.79779622260797
0.34855719883272,0.089896181343079,0.85511429275187
1.9340207645668,0.50410974371619,0.24596783539746
0.6706998754978,0.91832330608929,0.986364562913
3.7214766768539,0.3325368684624,0
1.2905724641447,0.7467504308355,0.82162211681611
0.44755816839257,0.16096399320861,0.76593996745309
2.4833421714477,0.57517755558172,0.21920272158732
0.86119927754835,0.98939111795482,0.99938158646286
0.29865566017325,0.40360468032782,0.90086432219762
1.6571347548264,0.81781824270092,0.86060131926983
0.57467845956356,0.23203180507403,0.63337887852373
3.1886877604802,0.64624536744714,0.21035413585388
1.1058063714405,0.060458929820243,0.0031034352922396
0.38348305728555,0.47467249219335,0.85411119433854
2.1278120151687,0.88888605456646,0.91583120000081
0.73790482491354,0.30309961693956,0.52992613297518
0.25589832501596,0.71731317931267,0.95874319037489
1.4198894065483,0.13152674168578,0
0.49240404531345,0.54574030405877,0.83741552376591
2.7321761001698,0.95995386643187,0.97855481095483
0.94749250049154,0.37416742880498,0.47408271845744
0.32858132330204,0.78838099117809,0.96631373943623
1.82318168795,0.20259455355119,0
0.63226194543566,0.6168081159243,0.83726372852028
3.5081981815707,0.031021678297407,0
1.2166095249387,0.44523524067051,0.43375813064824
0.42190852955427,0.85944880304362,0.97827615119602
2.3410213865577,0.27366236541673,0
0.81184379261494,0.68787592778972,0.84829902889619
0.28153965076609,0.10208949016283,0.9050705933601
1.5621640650492,0.51630305253593,0.40429938868089
0.54174353405678,0.93051661490904,0.99149118550521
3.0059434934765,0.34473017728214,0
1.0424324101196,0.75894373965525,0.87002758257145
0.3615055745478,0.17315730202836,0.8458964069309
2.0058667272502,0.58737086440146,0.3872019976073
0.69561536715645,0.0015844267745706,0.44826445730705
3.8597239383886,0.41579798914768,0
1.338515290198,0.83001155152067,0.90314860586041
0.4641842812319,0.24422511389378,0.75452724556656
2.5755945982307,0.65843867626688,0.38813508540811
0.89319153548649,0.072652238639989,0.16600183871235
0.30975026877784,0.4868658010131,0.89936689462141
1.7186948186779,0.9010793633862,0.94683640675324
0.59602690003391,0.31529292575931,0.64556723923017
3.3071427150732,0.72950648813242,0.41748679693964
1.1468854150336,0.14372005050552,0.056995607591572
0.3977288761145,0.55793361287863,0.87642198916941
2.2068570313546,0.97214717525162,0.99114741134366
0.76531687936815,0.38636073762473,0.59153940317398
0.26540456292544,0.80057429999783,0.97467008965928
1.4726361625224,0.21478786237094,0.0088858593192217
0.51069611503313,0.62900142474405,0.87563045344447
2.8336723331646,0.043214987117153,0
0.98269042187911,0.45742854949026,0.55844775082062
0.34078762528439,0.87164211186337,0.98446963773732
1.8909101456364,0.28585567423647,0
0.65574952580199,0.70006923660958,0.88577115321262
3.6385224677713,0.11428279898257,0
1.261804739039,0.52849636135568,0.53790788913481
0.43758179688703,0.94270992372878,0.99489006139724
2.4279868102291,0.35692348610189,0
0.84200256851725,0.771137048475,0.90498750266754
0.29199842536326,0.1853506108481,0.89891655804898
1.6201961106089,0.59956417322121,0.52991208966519
0.56186849157788,0.013777735594317,0.63110295061359
3.1176097733932,0.42799129796742,0
1.0811572063625,0.84220486034053,0.93273607484364
0.37493496294665,0.25641842271352,0.83758159699252
2.0803816593928,0.67063198508663,0.5387170627462
0.72145643185771,0.084845547459736,0.41563934885535
0.25019417986054,0.49905910983284,0.93297210004584
1.3882391201344,0.91327267220595,0.96696962796635
0.48142802915778,0.32748623457906,0.7480563588276
2.6712740639233,0.74169979695216,0.57247001169127
0.92637225769145,0.15591335932527,0.22220623605501
0.32125702540616,0.57012692169837,0.90746497258366
1.7825417463165,0.98434048407148,0.99737719180586
0.61816840296019,0.39855404644447,0.68690786913055
3.429998093077,0.81276760881758,0.64321706566155
1.1894904833143,0.22698117119069,0.13437433046014
0.41250390568759,0.64119473356379,0.90494066325346
2.2888384510108,0.0554082959369,0
0.79374725041869,0.46962185831001,0.65845731381618
0.27526394327611,0.88383542068311,0.98896002043995
1.5273423811516,0.29804898305622,0.072314836803697
0.52966770763206,0.71226254542933,0.91365533578375
2.9389389985674,0.12647610780243,0
1.0191958931097,0.54068967017542,0.64446149193418
0.35344737302739,0.95490323254853,0.99711782913588
1.9611546136639,0.36911679492164,0.027417953375548
0.6801096344544,0.78333035729474,0.93026455455598
3.7736881051996,0.19754391966785,0
1.3086788873706,0.61175748204096,0.64300894073898
0.45383730252914,0.025971044414064,0.75600593648925
2.5181828685959,0.44018460678717,0.0023346050680807
0.87328169758626,0.85439816916028,0.95328562064805
0.30284572770706,0.26861173153338,0.8931644582498
1.6803839593825,0.68282529390638,0.65664458793129
0.58274106100344,0.097038856279482,0.60743052599661
3.2334242876664,0.51125241865259,0
1.1213205705447,0.9254659810257,0.97992382555118
0.38886323292705,0.3396795433988,0.83120140662695
2.1576647091964,0.75389310577191,0.6910375705765
0.74825745324828,0.16810666814501,0.40528614341788
0.2594885173564,0.58232023051812,0.93361112325397
1.43981011557,0.99653379289123,0.99981878574494
0.49931235638494,0.41074735526433,0.7642186105538
2.7705078778668,0.82496091763733,0.75405752744667
0.96078559382332,0.23917448001043,0.2968777809261
0.33319124073724,0.65338804238354,0.9275396830211
1.8487604912927,0.067601604756646,0
0.64113242941991,0.48181516712975,0.7372781470341
3.557417363601,0.89602872950286,0.85166433614136
1.2336782658046,0.31024229187597,0.22522639464396
0.42782780538804,0.72445585424907,0.93452311836795
2.3738653571085,0.13866941662218,0
0.82323376699517,0.55288297899529,0.72728463900984
0.28548958477854,0.96709654136828,0.99854376578351
1.5840808535256,0.38131010374138,0.1674237624027
0.54934406636323,0.79552366611449,0.94861475537454
3.0481161622713,0.2097372284876,0
1.0570574876929,0.6239507908607,0.72980072299775
0.3665774113591,0.03816435323381,0.83952515980492
2.0340085580326,0.45237791560692,0.11973914558943
0.70537468450602,0.86659147798002,0.96758044049624
3.9138749427726,0.28080504035313,0
1.3572943398152,0.69501860272624,0.74566721766432
0.47069667575783,0.10923216509923,0.73977728801189
2.6117295748784,0.52344572747234,0.083183513310777
0.90572279925714,0.93765928984544,0.98818274322309
0.31409599101877,0.35187285221855,0.88828417899879
1.7428076962169,0.76608641459165,0.77834029447864
0.60438901499133,0.18029997696476,0.58881561068695
3.3535411369606,0.59451353933787,0.060262681086335
1.162975943302,0.0087271017109742,0
0.40330891718957,0.42294066408408,0.82943270723198
2.2378187080678,0.83715422645719,0.83238833748628
0.77605409227543,0.25136778883018,0.45162899302074
0.26912812551176,0.66558135120329,0.94519518455826
1.4932968959235,0.079794913576393,0
0.51786105947082,0.4940084759495,0.79918743024664
2.8734280787539,0.90822203832261,0.90916924653074
0.99647733363599,0.32243560069571,0.37968112923257
0.3455687942191,0.73664916306882,0.95025668075254
1.9174391630534,0.15086272544193,0
0.66494953492527,0.56507628781503,0.79098357958206
3.6895700683883,0.97928985018814,0.98914640828699
1.2795075579575,0.39350341256113,0.32572057987598
0.44372096491572,0.80771697493424,0.96201497829766
2.4620508848892,0.22193053730734,0
0.85381566331546,0.63614409968045,0.79541216141844
0.29609509348366,0.050357662053557,0.89479428587096
1.6429270748144,0.46457122442666,0.28207129813
0.56975137222868,0.87878478679977,0.97755677374131
3.1613490934081,0.29299834917288,0
1.0963255835719,0.70721191154598,0.81165725121726
0.38019521086757,0.12142547391909,0.82865440825833
2.1095689168641,0.53563903629208,0.24869428126538
0.7315782931688,0.94985259866519,0.99338522643932
0.25370434440782,0.36406616103829,0.92650276627587
1.4077157832021,0.7782797234114,0.84134583800392
0.48818234934587,0.19249328578451,0.72542952112232
2.7087514006073,0.60670684815761,0.22945939124211
0.93936903906447,0.020920410530721,0.079045445020383
0.32576418469227,0.43513397290383,0.88523018869222
1.8075503809915,0.84934753527693,0.88659482301604
0.62684115791206,0.26356109765004,0.58888515367509
3.4781201465554,0.67777466002303,0.23214724270529
1.2061787505077,0.091988222396139,0
0.41829123689622,0.50620178476925,0.84820579998742
2.3209503074468,0.92041534714235,0.94584681747516
0.80488333463722,0.33462890951546,0.51513284041906
0.27912583061245,0.74884247188857,0.9622195717856
1.5487706297253,0.16305603426167,0
0.53709881897989,0.57726959663478,0.83989276052807
2.9801716103127,0.99148315900788,0.99811757164477
1.0334949679025,0.40569672138099,0.46772173996264
0.35840615519738,0.81991028375398,0.97186722191938
1.9886691441795,0.23412384612709,0
0.68965141008002,0.6483374085002,0.84474139597525
3.8266320474065,0.062550970873303,0
1.327039339387,0.47676453324641,0.43300009172142
0.46020453141665,0.89097809561952,0.9845465725837
2.553512372399,0.30519165799262,0
0.8855336310899,0.71940522036573,0.86018231108933
0.30709458088685,0.13361878273884,0.88759828973483
1.7039593447219,0.54783234511194,0.40932485949349
0.59091677881457,0.96204590748494,0.99659864205131
3.2787884576349,0.37625946985804,0
1.1370524301549,0.79047303223115,0.88636489460473
0.39431889114707,0.20468659460425,0.81854274754259
2.1879362293859,0.61890015697736,0.39991279515428
0.75875532648429,0.033113719350467,0.35477411916993
0.26312907923731,0.44732728172357,0.92390630156695
1.4600103073772,0.86154084409668,0.923653016616
0.50631758940984,0.27575440646979,0.71524926087271
2.8093774412445,0.68996796884289,0.41218045098131
0.97426518607781,0.10418153121589,0.12213270982353
0.33786583421228,0.51839509358899,0.888066070275
1.8746981591329,0.9326086559621,0.96874851298863
0.65012736417442,0.34682221833521,0.62829275860237
3.6073270789929,0.76103578070831,0.45876623297095
1.2509864770259,0.17524934308142,0.042713113943282
0.43383012724719,0.58946290545452,0.87761948706857
2.4071701207164,0.0036764678276313,0
0.83478353999375,0.41789003020074,0.58564875733598
0.28949493542115,0.83210359257384,0.97916088987086
1.6063051293057,0.24631715494684,0.0037517326096064
0.55705123232159,0.66053071731994,0.8818482701023
3.0908805035311,0.07474427969305,0
1.0718877516091,0.48895784206616,0.55892431968547
0.3717204048287,0.90317140443926,0.98946128648032
2.0625452119751,0.31738496681237,0
0.7152709227453,0.73159852918548,0.8958031336612
3.9687856728072,0.14581209155858,0
1.3763368550107,0.56002565393169,0.54421828323117
0.4773004376225,0.9742392163048,0.99851088544458
2.6483715166122,0.38845277867779,0
0.91842987366354,0.80266634105089,0.91841529218341
0.31850268270391,0.216879903424,0.88071863930841
1.7672588716654,0.63109346579711,0.54335072610012
0.61286844842325,0.045307028170214,0.56542990568554
3.400590517619,0.45952059054332,0
1.1792922178356,0.87373415291643,0.94882181854272
0.40896724490703,0.28794771528953,0.8100911953685
2.269214769704,0.70216127766264,0.56204341026765
0.78694194571386,0.11637484003575,0.32806699802203
0.27290392879133,0.53058840240874,0.92313277880064
1.5142474944767,0.94480196478185,0.9827600120197
0.5251265263669,0.35901552715495,0.72221855659709
2.9137415879504,0.77322908952806,0.60986439953179
1.0104576724691,0.18744265190116,0.19571057371072
0.35041704181137,0.60165621427427,0.90701989136327
1.9443403762448,0.015869776647378,0
0.67427861797796,0.43008333902048,0.68056923070957
3.7413338546441,0.84429690139359,0.69947832307609
1.2974587431938,0.2585104637667,0.11968686303491
0.44994626400431,0.67272402613969,0.90988802279927
2.4965928703764,0.086937588512797,0
0.86579449301064,0.5011511508859,0.65936630106932
0.30024923687879,0.91536471325901,0.99292415149156
1.665976949016,0.32957827563212,0.062946153589476
0.57774484781064,0.74379183800522,0.92201487218997
3.2057020656271,0.15800540037833,0
1.1117067694886,0.57221896275144,0.65114934946829
0.38552925880975,0.98643252512454,0.99955785513042
2.1391656645827,0.40064608749765,0.022319473172935
0.74184216177544,0.81485964987064,0.94124678987554
0.2572637557246,0.22907321224375,0.92183218638943
1.4274656991967,0.64328677461685,0.65606652596172
0.49503143103207,0.05750033698996,0.71157215263293
2.7467545353688,0.47171389936307,0.0012172463649422
0.95254816217423,0.88592746173617,0.96586616556125
0.33033457834617,0.30014102410928,0.87457336715428
1.8329098808328,0.71435458648239,0.67789752181408
0.63563558954272,0.12856814885549,0.5412207661377
3.5269173409442,0.5427817112286,0
1.2231011501017,0.95699527360159,0.99113089335095
0.42415976297866,0.3712088359747,0.80534710497016
2.3535126855554,0.78542239834781,0.72316800040849
0.81617565545531,0.19963596072091,0.36625899443492
0.28304189930496,0.61384952309402,0.93035591063971
1.5704995115056,0.028063085467124,0
0.54463418704406,0.44227664784023,0.75628197237929
3.0219827057472,0.85649021021334,0.79943211787111
1.0479946552979,0.27070377258644,0.27889529515185
0.36343450789584,0.68491733495955,0.93123281359
2.016569696981,0.099130897332543,0
0.69932705453696,0.51334445970565,0.73792679699711
3.8803187804701,0.92755802207876,0.90723344513372
1.3456573841574,0.34177158445186,0.21415450326543
0.46666109100398,0.75598514682497,0.94140267292991
2.5893375406951,0.17019870919808,0
0.89795745629182,0.58441227157118,0.73368548774252
0.31140304446119,0.99862583394429,0.99998965975851
1.7278654870837,0.41283939631739,0.16069295879146
0.59920719999279,0.8270529586905,0.95756748479485
3.3247890760682,0.24126652106349,0
1.1530050039948,0.6554800834366,0.74183652484794
0.39985109094777,0.069693645809707,0.80994868523324
2.2186324517681,0.48390720818281,0.11721806235846
0.76940048237306,0.89812077055592,0.97740104843183
0.26682071733141,0.31233433292903,0.91757904157369
1.4804939030486,0.72654789530213,0.76433957377219
0.51342110417951,0.14076145767524,0.69396912369511
2.8487923353048,0.55497502004835,0.085660976722439
0.9879338937894,0.96918858242145,0.99596200959847
0.34260601111666,0.38340214479445,0.86997388895343
1.9009997262545,0.79761570716755,0.80515483841548
0.65924849571396,0.21182926954066,0.52894738667403
3.6579370157611,0.62604283191376,0.069319859493279
1.2685375183132,0.040256394286871,0
0.4399166602472,0.45446995665998,0.81718915412793
2.4409421421986,0.86868351903308,0.86807125547
0.84649535354739,0.28289708140619,0.43100264488369
0.29355648017609,0.6971106437793,0.94763726569581
1.6288412063644,0.1113242061524,0
0.56486652797599,0.5255377685254,0.79899733557894
3.1342448182762,0.9397513308985,0.9490437896731
1.0869260805841,0.35396489327161,0.36897502145619
0.37693555326762,0.76817845564472,0.9558412394975
2.0914822283527,0.18239201801782,0
0.72530600284234,0.59660558039093,0.79665707509692
0.25152917420364,0.010819142764035,0.9238128092949
1.3956465321424,0.42503270513714,0.32045744743177
0.48399684868799,0.83924626751025,0.96929528607245
2.685527536032,0.25345982988335,0
0.93131522528717,0.66767339225635,0.80610670637803
0.32297119922041,0.081886954629454,0.87527286892177
1.7920530912606,0.49610051700256,0.28174967968796
0.62146684627926,0.91031407937567,0.9852097194162
3.4482999898433,0.32452764174877,0
1.1958374058021,0.73874120412188,0.82768864504755
0.41470495761029,0.15295476649499,0.79784070231251
2.3010513105827,0.56716832886809,0.25457164066756
0.79798255313334,0.9813818912412,0.99857969639711
0.27673270568831,0.39559545361431,0.91405444619654
1.5354920249205,0.8098090159873,0.86334443704714
0.53249392602708,0.2240225783604,0.67998047030436
2.9546206860479,0.63823614073351,0.24436751041407
1.0246341521154,0.052449703106618,0.029847602642821
0.35533330915842,0.46666326547972,0.86893481525079
1.9716190070268,0.88087682785283,0.91422989541682
0.68373858583623,0.29509039022594,0.56346482313854
3.7938238744495,0.70930395259904,0.26128090322729
1.3156617792694,0.12351751497215,0
0.45625890255156,0.53773107734526,0.84661440120149
2.5316194716628,0.95194463971825,0.97376853689439
0.87794138282296,0.36615820209136,0.50462903718742
0.30446166191273,0.78037176446446,0.96667606225634
1.6893502074438,0.19458532683757,0
0.58585046994495,0.60879888921068,0.84456359868422
3.2506772994481,0.023012451583782,0
1.127303749767,0.43722601395689,0.46398735405102
0.39093814216948,0.85143957632999,0.97777408345925
2.1691776475969,0.2656531387031,0
0.75225003000557,0.67986670107621,0.8539797672441
0.26087310473162,0.0940802634492,0.9183385171109
1.4474927017935,0.50829382582231,0.43474653431031
0.50197660369709,0.92250738819541,0.99049527829918
2.7852908450266,0.33672095056852,0
0.96591218523081,0.75093451294163,0.87373502599478
0.33496909353072,0.16514807531473,0.86714140385941
1.8586251683972,0.57936163768784,0.41746588501168
0.6445534049477,0.99357520006095,0.99979008341948
3.5763991483054,0.40778876243405,0
1.2402609669169,0.82200232480716,0.90423026087517
0.4301106230792,0.23621588718015,0.78716226223223
2.3865319060464,0.65042944955326,0.41700437592302
0.82762640483613,0.064643011926364,0.25391395378896
0.28701290950546,0.47885657429947,0.91203124846167
1.5925332443031,0.89307013667258,0.94485178032349
0.55227527452089,0.30728369904568,0.67721354650497
3.0643804008559,0.72149726141879,0.44266114910681
1.062697769842,0.1357108237919,0.095939511164561
0.36853340718111,0.549924386165,0.88418419678996
2.0448616878714,0.96413794853811,0.98779404121822
0.70913844597361,0.3783515109111,0.61702923505107
3.9347587255651,0.79256507328421,0.50939138155199
1.3645366356454,0.20677863565732,0.031367855220506
0.4732082345792,0.62099219803042,0.88111357071412
2.6256653275418,0.035205760403528,0
0.91055558479261,0.44941932277663,0.58275417994188
0.31577195474994,0.86363288514974,0.98394128073989
1.7521070269081,0.27784644752285,0.00066827645881995
0.60761393379835,0.69206000989595,0.88963609338105
3.371435072184,0.10627357226906,0
1.1691813886338,0.52048713464205,0.56191594153367
0.40546090618973,0.93470069701516,0.99406507218352
2.2497593348154,0.34891425938827,0
0.78019498725427,0.76312782176137,0.9071355357432
0.2705641482255,0.17734138413448,0.91294572548979
1.5012648786718,0.59155494650759,0.5533818167235
0.52062427956399,0.005768508880692,0.68137921034693
2.8887602109105,0.4199820712538,0
1.001794370204,0.8341956336269,0.93283903432071
0.3474126915699,0.24840919600001,0.85962067508435
1.9276702980755,0.662622758373,0.56054380940655
0.66849759454906,0.076836320746111,0.4906961597395
3.7092569978488,0.49104988311922,0
1.2863347965159,0.90526344549232,0.96498203102013
0.4460885858508,0.31947700786543,0.77960770889157
2.4751879770692,0.73369057023854,0.59053658132294
0.85837148104553,0.14790413261164,0.27440728410491
0.29767500743324,0.56211769498475,0.91469994174123
1.6516934591982,0.97633125735786,0.9952941075186
0.57279147036093,0.39054481973096,0.7084795494716
3.178217523995,0.80475838210396,0.65412061958698
1.1021753937197,0.21897194447706,0.1752834819234
0.38222386899248,0.63318550685017,0.90919927254635
2.1208252241542,0.047399069223275,0
0.73548187271477,0.46161263159638,0.67769892207149
0.25505806840248,0.87582619396949,0.98845078765948
1.4152271194302,0.29003975634259,0.10718600159423
0.49078720879998,0.7042533187157,0.91629446037828
2.7232048455223,0.11846688108881,0
0.94438135531389,0.53268044346191,0.66278090869142
0.32750240795566,0.94689400583491,0.99646006582572
1.817195167832,0.36110756820801,0.055011295140965
0.63018587760257,0.77532113058112,0.93141183505363
3.4966788145581,0.18953469295423,0
1.2126147188007,0.60374825532733,0.66038346948489
0.4205231690512,0.017961817700439,0.78974341630039
2.3333345105211,0.43217538007355,0.018422950389818
0.80917805763672,0.84638894244665,0.95285424371414
0.28061519941026,0.26060250481976,0.90782515076545
1.557034611048,0.67481606719286,0.67221543432848
0.53996468854335,0.089029629565857,0.66008967001935
2.9960733081197,0.50324319193896,0.00070885559834328
1.039009524383,0.91745675431207,0.97812766549923
0.36031855056159,0.33167031668518,0.85341818411692
1.9992803504803,0.74588387905828,0.70311491871383
0.6933312747822,0.16009744143139,0.46970310167264
3.8470503166852,0.5743110038045,0
1.3341201995897,0.9885245661776,0.99887642152699
0.46266010590891,0.40273812855071,0.7836301193463
2.5671374877956,0.81695169092382,0.76010643452086
0.8902586905968,0.23116525329681,0.33952854827999
0.30873318626331,0.64537881566991,0.93102374073369
1.7130513871001,0.059592378043021,0
0.5940698120202,0.47380594041613,0.75262393061956
3.2962835250506,0.88801950278923,0.84903717301733
1.1431195519517,0.30223306516234,0.26438713737648
0.39642291087027,0.71644662753545,0.93635311716093
2.1996106915613,0.13066018990855,0
0.76280391813902,0.54487375228166,0.74111050945944
0.26453309204241,0.95908731465477,0.99804306104538
1.4678006784503,0.37330087702776,0.20509732106822
0.50901921547502,0.78751443940087,0.9491396156702
2.8243678099004,0.20172800177397,0
0.9794637023375,0.61594156414708,0.7423577877186
0.33966862985544,0.030155126520185,0.86189048950171
1.884701235299,0.44436868889329,0.15582050622469
0.65359633517146,0.8585822512664,0.96689245500607
3.6265751736001,0.2727958136395,0
1.2576615318615,0.68700937601261,0.75637941232214
0.43614497232496,0.10122293838572,0.77538847895498
2.4200143783078,0.51543650075871,0.11691774849786
0.83923780549353,0.92965006313182,0.98666087405445
0.29103963203001,0.34386362550492,0.90331669050323
1.6148761051068,0.75807718787803,0.7859742615976
0.56002356462915,0.17229075025114,0.64200606228966
3.1073729254959,0.58650431262424,0.091171793971371
1.0776071655684,0.0007178749973491,0
0.37370384280449,0.41493143737046,0.85009060510992
2.0735506086322,0.82914499974356,0.83520065130825
0.7190874888872,0.24335856211667,0.49229946218504
3.9899624500812,0.65757212448966,0.083206929035804
1.3836807585206,0.071785686862768,0
0.47984723301372,0.48599924923587,0.81178720001008
2.662502784554,0.90021281160898,0.90578657480968
0.92333046202533,0.31442637398209,0.41559079345149
0.32020215980588,0.72863993635519,0.95156763658918
1.7766886697437,0.1428534987283,0
0.61613861207038,0.55706706110141,0.80146471881742
3.4187355004748,0.97128062347451,0.98322302405853
1.1855847240823,0.38549418584762,0.36092026925727
0.4111494257988,0.79970774822061,0.96216762032614
2.2813229205925,0.21392131059372,0
0.79114093645958,0.62813487296683,0.80439040692091
0.27436009856053,0.042348435339932,0.90952421534226
1.5223272661177,0.45656199771304,0.3174388182878
0.52792851377723,0.87077556008614,0.97677893865793
2.9292888262567,0.28498912245925,0
1.0158493057901,0.69920268483236,0.81883621045004
0.35228680860132,0.11341624720546,0.85235627924389
1.9547150516461,0.52762980957857,0.28407937178203
0.67787645602986,0.94184337195156,0.99215850701906
3.7612969870173,0.35605693432467,0
1.3043817662774,0.77027049669778,0.84589954816151
0.45234710209554,0.18448405907088,0.76226825644898
2.5099142728199,0.59869762144399,0.26414777850914
0.87041422777462,0.012911183817096,0.18106701863154
0.30185131664329,0.4271247461902,0.90007215060921
