preset,j2,fraction,time_s,x_km,y_km,z_km,vx_km_s,vy_km_s,vz_km_s,nu_deg,raan_deg,argp_deg
gps,0,0,0,-4156.299964840187,15554.81342140223,20832.8184270257,-3.267417729157883,-1.970401869068281,0.8438072960089398,29.99999999999999,40,45
gps,0,0.125,5384.719680107993,-18723.56707178903,1373.007443306165,18690.26100268435,-1.861432540775534,-3.0153385525203,-1.59006795563703,75.53825939630234,40,45
gps,0,0.25,10769.43936021599,-22266.31370361856,-13653.42930476817,5503.192558446965,0.6043368795934296,-2.279783900463038,-3.048918970794789,120.4226365710629,40,45
gps,0,0.375,16154.15904032398,-12933.84619808178,-20811.41530563076,-10894.98834317974,2.68116547916767,-0.2485576236680541,-2.733226981285137,164.7346492534951,40,45
gps,0,0.5,21538.87872043197,3788.601864874273,-16092.14618813025,-21083.12849615535,3.216642567875735,1.913891242035753,-0.859019938950019,208.8737502153754,40,45
gps,0,0.625,26923.59840053996,18325.63959571181,-2176.417394787146,-19203.91568086992,1.903380694187087,2.99422583466452,1.528461887291882,253.3306357110093,40,45
gps,0,0.75,32308.31808064796,22186.2225632912,12971.30372059571,-6175.931560687503,-0.5535591454881323,2.33628191616018,3.064115454780678,298.4265942498499,40,45
gps,0,0.875,37693.03776075595,12884.04398987101,20395.40113191907,10485.57672160448,-2.723116205401671,0.2696829528599388,2.79484920858562,344.1194323225134,40,45
gps,0,1,43077.75744086394,-4156.299964840183,15554.81342140223,20832.8184270257,-3.267417729157884,-1.97040186906828,0.8438072960089402,29.99999999999998,40,45
gps,1,0,0,-4156.299964840187,15554.81342140223,20832.8184270257,-3.267417729157883,-1.970401869068281,0.8438072960089398,29.99999999999999,40,45
gps,1,0.125,5384.719680107993,-18723.80605045086,1373.309272587421,18689.99941965074,-1.861495073010391,-3.015265473760969,-1.590133330768236,75.53825939630234,39.99758235679312,45.00135924178643
gps,1,0.25,10769.43936021599,-22267.25817722765,-13652.29361017444,5502.18852038698,0.604297307736483,-2.279742287482024,-3.048957929169934,120.4226365710629,39.99516471358624,45.00271848357286
gps,1,0.375,16154.15904032398,-12935.14442857791,-20809.89769196324,-10896.34581678429,2.681266224408697,-0.2486851669003224,-2.733116549252496,164.7346492534951,39.99274707037936,45.00407772535929
gps,1,0.5,21538.87872043197,3788.017205590663,-16091.52607261574,-21083.70684961633,3.216912558522487,1.913566297025919,-0.858732769278008,208.8737502153754,39.99032942717248,45.00543696714573
gps,1,0.625,26923.59840053996,18326.75786519674,-2177.837793475983,-19202.68745363449,1.903694884103531,2.993858275626081,1.528790558115694,253.3306357110093,39.9879117839656,45.00679620893215
gps,1,0.75,32308.31808064796,22188.99883059385,12967.96051591757,-6172.977679826423,-0.5534321272889445,2.336147240657255,3.064241078963985,298.4265942498499,39.98549414075872,45.00815545071858
gps,1,0.875,37693.03776075595,12887.0322389004,20391.90564140935,10488.70251436614,-2.723353467215454,0.2699836059847198,2.794588987135885,344.1194323225134,39.98307649755184,45.00951469250502
gps,1,1,43077.75744086394,-4155.223990290722,15553.68242675325,20833.87746301699,-3.267968773809367,-1.969738790666838,0.8432212551816995,29.99999999999998,39.98065885434497,45.01087393429145
iss,0,0,0,5151.934626302226,176.0376277882201,-4423.774572573673,-3.077257938890106,6.170405598113266,-3.342352704901345,29.99999999999999,139.1,206.2
iss,0,0.125,697.1029143632378,1709.796290083215,3996.509308460601,-5223.693990917622,-6.284038229445902,4.220983640015646,1.165761495919196,75.037395069981,139.1,206.2
iss,0,0.25,1394.205828726476,-2735.056747888993,5475.165681244287,-2962.021981528505,-5.806257336241933,-0.1978088913352143,4.985057881220351,120.029376297281,139.1,206.2
iss,0,0.375,2091.308743089714,-5579.802452090757,3749.561897938106,1033.579515489261,-1.932758339470811,-4.495543101154513,5.883781328633808,164.980708748839,139.1,206.2
iss,0,0.5,2788.411657452951,-5162.004006459842,-168.5930721167279,4424.99316054837,3.069468003311359,-6.163061548702567,3.341784143182849,209.9198831008503,139.1,206.2
iss,0,0.625,3485.514571816189,-1725.496676587142,-3987.823434838402,5228.380442968764,6.279139699871888,-4.225530596530255,-1.157378727857206,254.8824624746697,139.1,206.2
iss,0,0.75,4182.617486179427,2720.639531041616,-5471.756908823978,2970.680942415532,5.814047261180201,0.1904648415930481,-4.984489310395895,299.8903853339062,139.1,206.2
iss,0,0.875,4879.720400542665,5571.016244074851,-3747.394448475219,-1028.388415956961,1.937656879685313,4.50009005800058,-5.892164105801759,344.9390784384453,139.1,206.2
iss,0,1,5576.823314905902,5151.934626302225,176.037627788221,-4423.774572573673,-3.077257938890107,6.170405598113266,-3.342352704901345,30,139.1,206.2
iss,1,0,0,5151.934626302226,176.0376277882201,-4423.774572573673,-3.077257938890106,6.170405598113266,-3.342352704901345,29.99999999999999,139.1,206.2
iss,1,0.125,697.1029143632378,1709.67536825734,3997.269631876011,-5223.151782420206,-6.282100558577727,4.223017886178438,1.168833490587738,75.037395069981,139.0600302889472,206.2298936678322
iss,1,0.25,1394.205828726476,-2732.793525625686,5478.794044114289,-2957.398221204327,-5.803323927668024,-0.1961446669511142,4.988538197854568,120.029376297281,139.0200605778945,206.2597873356645
iss,1,0.375,2091.308743089714,-5574.636538052509,3754.97716109065,1041.763137168827,-1.932347848667041,-4.498108035691986,5.881955558086679,164.980708748839,138.9800908668417,206.2896810034967
iss,1,0.5,2788.411657452951,-5156.786158363046,-165.6339416668229,4431.184420880751,3.064373518743621,-6.171222580297295,3.331382526538836,209.9198831008503,138.9401211557889,206.3195746713289
iss,1,0.625,3485.514571816189,-1724.882860813447,-3991.612291735662,5225.691056091498,6.269440909517421,-4.235685921719857,-1.17273405639579,254.8824624746697,138.9001514447361,206.3494683391611
iss,1,0.75,4182.617486179427,2713.850249287735,-5482.618782238394,2956.832173432877,5.805232641306628,0.1854788902020323,-4.994940205664979,299.8903853339062,138.8601817336834,206.3793620069934
iss,1,0.875,4879.720400542665,5558.960893084629,-3759.994481004672,-1047.456524278393,1.936715403680139,4.506093980432707,-5.887883579679742,344.9390784384453,138.8202120226306,206.4092556748256
iss,1,1,5576.823314905902,5141.525533875376,170.1764408297731,-4436.096963833476,-3.067013335903957,6.186744736332365,-3.321499967861227,30,138.7802423115778,206.4391493426578
sso,0,0,0,-3024.35056405871,-2029.245348848287,6062.072842931737,-6.296841057699894,-1.72304237920393,-3.713877403214712,29.99999999999999,20,90
sso,0,0.125,740.797383891805,-6335.65121941126,-2582.672329523445,1806.493037806509,-2.179079755621445,0.3060304586722383,-7.176449966932872,75.05343454405184,20,90
sso,0,0.25,1481.59476778361,-5933.350408295658,-1622.095544585924,-3509.171318974831,3.206773057873243,2.151978671132293,-6.429901779761251,120.041975860972,20,90
sso,0,0.375,2222.392151675415,-2059.622800247014,287.6994598649527,-6772.88857563595,6.708713271051648,2.736742889127834,-1.925890954498411,164.9724746007496,20,90
sso,0,0.5,2963.18953556722,3017.735480224954,2029.518390656483,-6079.575597454746,6.28913239342632,1.722204828904604,3.701027023855656,209.885606737874,20,90
sso,0,0.625,3703.986919459025,6330.981163281089,2585.119878882487,-1833.571190315242,2.190912664915752,-0.3005820591285125,7.168996539074991,254.8321201555385,20,90
sso,0,0.75,4444.78430335083,5937.896280709982,1627.507590477127,3484.638381734278,-3.1990643766181,-2.151141109385568,6.442752124734129,299.8433830657782,20,90
sso,0,0.875,5185.581687242635,2062.223660810163,-284.4619171755859,6757.931045657618,-6.720546197327513,-2.742191300118956,1.933344416742473,344.9129363638572,20,90
sso,0,1,5926.37907113444,-3024.35056405871,-2029.245348848287,6062.072842931737,-6.296841057699894,-1.72304237920393,-3.713877403214712,29.99999999999999,20,90
sso,1,0,0,-3024.35056405871,-2029.245348848287,6062.072842931737,-6.296841057699894,-1.72304237920393,-3.713877403214712,29.99999999999999,20,90
sso,1,0.125,740.797383891805,-6334.316450208605,-2583.741999351484,1809.641461936784,-2.182250424512625,0.3044336634543404,-7.175554374412853,75.05343454405184,20.00845306928933,89.97334146486135
sso,1,0.25,1481.59476778361,-5935.69062315353,-1625.738363521137,-3503.523364969354,3.200286537122246,2.151321665111913,-6.433352447722815,120.041975860972,20.01690613857866,89.94668292972271
sso,1,0.375,2222.392151675415,-2068.596646124527,283.1736661487785,-6770.343957800528,6.704450069393026,2.740131838795071,-1.935892077578824,164.9724746007496,20.025359207868,89.92002439458406
sso,1,0.5,2963.18953556722,3005.471759274986,2028.258530219331,-6086.067581828327,6.294051735286962,1.729915733981079,3.689048803270614,209.885606737874,20.03381227715733,89.89336585944541
sso,1,0.625,3703.986919459025,6324.230655994388,2590.432880208745,-1849.301135802831,2.206735051648414,-0.2925813908888554,7.164473169630772,254.8321201555385,20.04226534644666,89.86670732430676
sso,1,0.75,4444.78430335083,5944.825959753754,1638.418943869195,3467.668600312637,-3.179566267213302,-2.149131518620761,6.453066555295378,299.8433830657782,20.05071841573599,89.84004878916812
sso,1,0.875,5185.581687242635,2083.100597543158,-273.9012772618062,6751.96171628818,-6.710544992261599,-2.750094930405786,1.95671631341895,344.9129363638572,20.05917148502532,89.81339025402947
sso,1,1,5926.37907113444,-2999.876240108526,-2026.738273831535,6075.058410136796,-6.306694004722599,-1.738494013071195,-3.689880351703612,29.99999999999999,20.06762455431466,89.78673171889082
geo,0,0,0,36515.09512516707,21081.99999999999,0,-1.537333142063842,2.662739110214078,0,29.99999999999999,0,0
geo,0,0.125,10770.44631882229,10912.84621770269,40727.29653965227,0,-2.969899571059172,0.7957821916668436,0,74.99999999999999,0,0
geo,0,0.25,21540.89263764457,-21082.00000000001,36515.09512516707,0,-2.662739110214077,-1.537333142063843,0,120,0,0
geo,0,0.375,32311.33895646685,-40727.29653965227,10912.84621770271,0,-0.7957821916668452,-2.969899571059172,0,165,0,0
geo,0,0.5,43081.78527528914,-36515.09512516706,-21082.00000000002,0,1.537333142063844,-2.662739110214076,0,210,0,0
geo,0,0.625,53852.23159411143,-10912.84621770268,-40727.29653965228,0,2.969899571059173,-0.7957821916668426,0,255,0,0
geo,0,0.75,64622.67791293371,21081.99999999997,-36515.09512516708,0,2.662739110214078,1.53733314206384,0,299.9999999999999,0,0
geo,0,0.875,75393.124231756,40727.29653965228,-10912.84621770268,0,0.7957821916668427,2.969899571059173,0,345,0,0
geo,0,1,86163.57055057828,36515.09512516705,21082.00000000004,0,-1.537333142063845,2.662739110214075,0,30.00000000000007,0,0
geo,1,0,0,36515.09512516707,21081.99999999999,0,-1.537333142063842,2.662739110214078,0,29.99999999999999,0,0
geo,1,0.125,10770.44631882229,10911.65757528477,40727.61501683753,0,-2.969922794924645,0.7956955139615436,0,74.99999999999999,359.9983278063264,0.003344387347156928
geo,1,0.25,21540.89263764457,-21084.13137102481,36513.8644945912,0,-2.662649370665177,-1.537488565046219,0,120,359.9966556126528,0.006688774694313855
geo,1,0.375,32311.33895646685,-40728.25186713479,10909.28026256688,0,-0.7955221565177402,-2.969969235066401,0,165,359.9949834189793,0.01003316204147078
geo,1,0.5,43081.78527528914,-36512.63373960803,-21086.26267021346,0,1.537643982790189,-2.662559622044297,0,210,359.9933112253057,0.01337754938862771
geo,1,0.625,53852.23159411143,-10906.90291267967,-40728.88857866588,0,2.970015665089107,-0.7953487963634902,0,255,359.9916390316321,0.01672193673578464
geo,1,0.75,64622.67791293371,21088.39389755848,-36511.40286022188,0,2.662469864351753,1.537799395295206,0,299.9999999999999,359.9899668379585,0.02006632408294156
geo,1,0.875,75393.124231756,40729.52515142858,-10904.5255256314,0,0.7951754334993968,2.9700620849926,0,345,359.9882946442849,0.02341071143009849
geo,1,1,86163.57055057828,36510.17185643681,21090.52505305286,0,-1.537954802560759,2.66238009758784,0,30.00000000000007,359.9866224506114,0.02675509877725542
gto,0,0,0,-157.6455813707073,6212.856401235279,2639.121285578341,-9.527302336843519,-0.04127497895018761,3.307910595066984,20,40,35
gto,0,0.125,4732.940208421609,-20292.69303821877,-12801.32993899076,1757.82124280144,-1.287740503943318,-3.729571972150554,-1.101806016937489,136.1915749874236,40,35
gto,0,0.25,9465.880416843218,-21903.00468867832,-26850.47099471253,-3523.60552610035,0.3308988516696019,-2.29710392816943,-1.070915712866721,157.240707585099,40,35
gto,0,0.375,14198.82062526483,-18470.11630765337,-35090.07715643108,-8148.785940793018,1.04606265112239,-1.217742683100993,-0.8715748190008445,169.951492380913,40,35
gto,0,0.5,18931.76083368644,-12465.23286388886,-38541.58145061696,-11680.09942258724,1.456636999272371,-0.2452561143428664,-0.6103828152575892,180.4956797867716,40,35
gto,0,0.625,23664.70104210804,-4958.659541358136,-37343.9500012118,-13801.80382992574,1.687613981232311,0.7711567968272541,-0.2682401930844603,191.1332790442425,40,35
gto,0,0.75,28397.64125052965,3190.479749066324,-30885.30664844067,-13959.56390595926,1.707931238152493,2.021102972087849,0.2445568371580571,204.2450929944309,40,35
gto,0,0.875,33130.58145895126,10270.34028846245,-17120.15889075111,-10705.1589411995,1.055327638326959,4.004822637109888,1.297403827413627,227.0400107086014,40,35
gto,0,1,37863.52166737287,-157.6455813706791,6212.85640123528,2639.121285578331,-9.527302336843519,-0.04127497895016474,3.307910595066994,19.99999999999975,40,35
gto,1,0,0,-157.6455813707073,6212.856401235279,2639.121285578341,-9.527302336843519,-0.04127497895018761,3.307910595066984,20,40,35
gto,1,0.125,4732.940208421609,-20291.119763044,-12804.71409926636,1751.322377454355,-1.286944310406854,-3.729573476880371,-1.102730802312473,136.1915749874236,39.97983945554448,35.03282330563785
gto,1,0.25,9465.880416843218,-21893.38363377968,-26855.86884256342,-3542.211838513823,0.3320439607210779,-2.296627141331634,-1.071583665777,157.240707585099,39.95967891108896,35.0656466112757
gto,1,0.375,14198.82062526483,-18449.02727669931,-35094.17107092039,-8178.873575253141,1.0471639708367,-1.216807599635334,-0.8715582947151475,169.951492380913,39.93951836663344,35.09846991691354
gto,1,0.5,18931.76083368644,-12432.05913318824,-38540.9141288715,-11717.59776604846,1.45729642808108,-0.2439444343483395,-0.6093335080940113,180.4956797867716,39.91935782217794,35.1312932225514
gto,1,0.625,23664.70104210804,-4915.877906496121,-37335.56273529578,-13839.74691773945,1.687308704676562,0.7726700991146105,-0.2657946748649213,191.1332790442425,39.89919727772241,35.16411652818924
gto,1,0.75,28397.64125052965,3236.134325660929,-30867.67086727976,-13988.03353218542,1.70578222334869,2.022395620149064,0.2488319648873182,204.2450929944309,39.8790367332669,35.19693983382709
gto,1,0.875,33130.58145895126,10304.205726754,-17096.09203021104,-10711.075561166,1.049169973598175,4.004341799670608,1.303866016208279,227.0400107086014,39.85887618881138,35.22976313946494
gto,1,1,37863.52166737287,-169.6107426409897,6208.94857161773,2647.562611662935,-9.532776955498086,-0.05746255498186814,3.291857760895418,19.99999999999975,39.83871564435587,35.26258644510278
molniya,0,0,0,7569.930083645484,2102.52735410792,-3928.245878098326,5.065929653755908,5.49865717471225,4.458023941790104,59.99999999999997,30,270
molniya,0,0.125,5396.888535268186,10589.86155533512,17334.64784797335,19434.62922923145,-0.9805738615157675,1.319686007618786,3.266337073482368,140.6151825995642,30,270
molniya,0,0.25,10793.77707053637,3710.821553884898,21088.52814346682,32815.58061462495,-1.430421753949074,0.2176621183713985,1.807423600043693,159.4445306787771,30,270
molniya,0,0.375,16190.66560580456,-4115.075120520317,20525.84572600093,39666.88274660113,-1.432204402365313,-0.3829791773643332,0.7688650081603658,171.4100803061323,30,270
molniya,0,0.5,21587.55414107275,-11442.52432679529,17259.42233035263,41336.7206709115,-1.258364198111026,-0.8087861813178484,-0.1424945602485845,181.5862244212601,30,270
molniya,0,0.625,26984.44267634093,-17403.12089231539,11943.95575075805,38090.65905788601,-0.9169637264825812,-1.150427020832884,-1.075634322924265,192.0611229776355,30,270
molniya,0,0.75,32381.33121160912,-20807.51030768393,4956.367289795394,29392.19024518507,-0.267184318276647,-1.424914881291564,-2.200840650380122,205.3115484397294,30,270
molniya,0,0.875,37778.21974687731,-18561.89271699336,-3040.443443320163,13295.69018232533,1.454801669422771,-1.430347265937217,-3.932235802560394,229.8078681529499,30,270
molniya,0,1,43175.10828214549,7569.930083645472,2102.527354107907,-3928.245878098336,5.065929653755918,5.498657174712252,4.458023941790098,59.99999999999986,30,270
molniya,1,0,0,7569.930083645484,2102.52735410792,-3928.245878098326,5.065929653755908,5.49865717471225,4.458023941790104,59.99999999999997,30,270
molniya,1,0.125,5396.888535268186,10592.63901556643,17332.95077187187,19434.62922923603,-0.9803623906485464,1.319843111735231,3.26633707348232,140.6151825995642,29.99081928051615,270.0000000000164
molniya,1,0.25,10793.77707053637,3717.579552471341,21087.33786264052,32815.580614632,-1.430351926850205,0.2181205109628003,1.807423600043113,159.4445306787771,29.98163856103229,270.0000000000329
molniya,1,0.375,16190.66560580456,-4105.207843780593,20527.82147657342,39666.88274660629,-1.432388335492992,-0.38229067055652,0.7688650081592636,171.4100803061323,29.97245784154845,270.0000000000493
molniya,1,0.5,21587.55414107275,-11431.45980720769,17266.75270058272,41336.72067091019,-1.258882319085251,-0.8079794854279517,-0.1424945602501169,181.5862244212601,29.9632771220646,270.0000000000657
molniya,1,0.625,26984.44267634093,-17393.54618205315,11957.89475544436,38090.65905787434,-0.9178851184618783,-1.149692008865719,-1.075634322926021,192.0611229776355,29.95409640258075,270.0000000000821
molniya,1,0.75,32381.33121160912,-20802.73562744575,4976.369392612631,29392.19024516116,-0.2685541115916952,-1.424657351084783,-2.200840650381574,205.3115484397294,29.9449156830969,270.0000000000986
molniya,1,0.875,37778.21974687731,-18565.2913125102,-3019.621839183286,13295.69018229376,1.453196424975741,-1.431978124474941,-3.932235802559416,229.8078681529499,29.93573496361305,270.0000000001149
molniya,1,1,43175.10828214549,7572.619030780516,2092.821961093709,-3928.245878082726,5.072974054777415,5.492158794248643,4.458023941804742,59.99999999999986,29.9265542441292,270.0000000001314
