case,mode,m1_kg,m2_kg,gravity_m_s2,time_s,m1_down_m,m2_down_m,m1_down_m_s,m2_down_m_s,load_up_m_s2,tension_N,constraint_m
atwood,fixed,3,5,9.81,0,0,0,0,0,2.4525,36.7875,0
atwood,fixed,3,5,9.81,0.006517182391714792,-0.00005208333333333335,0.00005208333333333335,-0.01598338981568053,0.01598338981568053,2.4525,36.7875,0
atwood,fixed,3,5,9.81,0.013034364783429585,-0.0002083333333333334,0.0002083333333333334,-0.03196677963136106,0.03196677963136106,2.4525,36.7875,0
atwood,fixed,3,5,9.81,0.019551547175144377,-0.00046875000000000004,0.00046875000000000004,-0.047950169447041585,0.047950169447041585,2.4525,36.7875,0
atwood,fixed,3,5,9.81,0.02606872956685917,-0.0008333333333333336,0.0008333333333333336,-0.06393355926272212,0.06393355926272212,2.4525,36.7875,0
atwood,fixed,3,5,9.81,0.03258591195857396,-0.0013020833333333333,0.0013020833333333333,-0.07991694907840263,0.07991694907840263,2.4525,36.7875,0
atwood,fixed,3,5,9.81,0.039103094350288754,-0.0018750000000000001,0.0018750000000000001,-0.09590033889408317,0.09590033889408317,2.4525,36.7875,0
atwood,fixed,3,5,9.81,0.04562027674200354,-0.0025520833333333333,0.0025520833333333333,-0.1118837287097637,0.1118837287097637,2.4525,36.7875,0
atwood,fixed,3,5,9.81,0.05213745913371834,-0.0033333333333333344,0.0033333333333333344,-0.12786711852544425,0.12786711852544425,2.4525,36.7875,0
atwood,fixed,3,5,9.81,0.05865464152543313,-0.00421875,0.00421875,-0.14385050834112476,0.14385050834112476,2.4525,36.7875,0
atwood,fixed,3,5,9.81,0.06517182391714792,-0.005208333333333333,0.005208333333333333,-0.15983389815680527,0.15983389815680527,2.4525,36.7875,0
atwood,fixed,3,5,9.81,0.07168900630886271,-0.006302083333333333,0.006302083333333333,-0.1758172879724858,0.1758172879724858,2.4525,36.7875,0
atwood,fixed,3,5,9.81,0.07820618870057751,-0.007500000000000001,0.007500000000000001,-0.19180067778816634,0.19180067778816634,2.4525,36.7875,0
atwood,fixed,3,5,9.81,0.0847233710922923,-0.008802083333333335,0.008802083333333335,-0.20778406760384688,0.20778406760384688,2.4525,36.7875,0
atwood,fixed,3,5,9.81,0.09124055348400709,-0.010208333333333333,0.010208333333333333,-0.2237674574195274,0.2237674574195274,2.4525,36.7875,0
atwood,fixed,3,5,9.81,0.09775773587572188,-0.011718750000000002,0.011718750000000002,-0.23975084723520793,0.23975084723520793,2.4525,36.7875,0
atwood,fixed,3,5,9.81,0.10427491826743668,-0.013333333333333338,0.013333333333333338,-0.2557342370508885,0.2557342370508885,2.4525,36.7875,0
atwood,fixed,3,5,9.81,0.11079210065915146,-0.015052083333333334,0.015052083333333334,-0.271717626866569,0.271717626866569,2.4525,36.7875,0
atwood,fixed,3,5,9.81,0.11730928305086626,-0.016875,0.016875,-0.2877010166822495,0.2877010166822495,2.4525,36.7875,0
atwood,fixed,3,5,9.81,0.12382646544258105,-0.018802083333333337,0.018802083333333337,-0.30368440649793005,0.30368440649793005,2.4525,36.7875,0
atwood,fixed,3,5,9.81,0.13034364783429583,-0.020833333333333332,0.020833333333333332,-0.31966779631361053,0.31966779631361053,2.4525,36.7875,0
atwood,fixed,3,5,9.81,0.13686083022601064,-0.022968750000000007,0.022968750000000007,-0.3356511861292911,0.3356511861292911,2.4525,36.7875,0
atwood,fixed,3,5,9.81,0.14337801261772543,-0.025208333333333333,0.025208333333333333,-0.3516345759449716,0.3516345759449716,2.4525,36.7875,0
atwood,fixed,3,5,9.81,0.1498951950094402,-0.027552083333333335,0.027552083333333335,-0.36761796576065214,0.36761796576065214,2.4525,36.7875,0
atwood,fixed,3,5,9.81,0.15641237740115502,-0.030000000000000002,0.030000000000000002,-0.3836013555763327,0.3836013555763327,2.4525,36.7875,0
atwood,fixed,3,5,9.81,0.1629295597928698,-0.032552083333333336,0.032552083333333336,-0.3995847453920132,0.3995847453920132,2.4525,36.7875,0
atwood,fixed,3,5,9.81,0.1694467421845846,-0.03520833333333334,0.03520833333333334,-0.41556813520769376,0.41556813520769376,2.4525,36.7875,0
atwood,fixed,3,5,9.81,0.1759639245762994,-0.03796875000000001,0.03796875000000001,-0.4315515250233743,0.4315515250233743,2.4525,36.7875,0
atwood,fixed,3,5,9.81,0.18248110696801417,-0.04083333333333333,0.04083333333333333,-0.4475349148390548,0.4475349148390548,2.4525,36.7875,0
atwood,fixed,3,5,9.81,0.18899828935972895,-0.043802083333333325,0.043802083333333325,-0.46351830465473526,0.46351830465473526,2.4525,36.7875,0
atwood,fixed,3,5,9.81,0.19551547175144376,-0.04687500000000001,0.04687500000000001,-0.47950169447041585,0.47950169447041585,2.4525,36.7875,0
atwood,fixed,3,5,9.81,0.20203265414315857,-0.05005208333333335,0.05005208333333335,-0.49548508428609644,0.49548508428609644,2.4525,36.7875,0
atwood,fixed,3,5,9.81,0.20854983653487336,-0.05333333333333335,0.05333333333333335,-0.511468474101777,0.511468474101777,2.4525,36.7875,0
atwood,fixed,3,5,9.81,0.21506701892658814,-0.056718750000000005,0.056718750000000005,-0.5274518639174575,0.5274518639174575,2.4525,36.7875,0
atwood,fixed,3,5,9.81,0.22158420131830292,-0.060208333333333336,0.060208333333333336,-0.543435253733138,0.543435253733138,2.4525,36.7875,0
atwood,fixed,3,5,9.81,0.22810138371001773,-0.06380208333333334,0.06380208333333334,-0.5594186435488185,0.5594186435488185,2.4525,36.7875,0
atwood,fixed,3,5,9.81,0.2346185661017325,-0.0675,0.0675,-0.575402033364499,0.575402033364499,2.4525,36.7875,0
atwood,fixed,3,5,9.81,0.2411357484934473,-0.07130208333333334,0.07130208333333334,-0.5913854231801795,0.5913854231801795,2.4525,36.7875,0
atwood,fixed,3,5,9.81,0.2476529308851621,-0.07520833333333335,0.07520833333333335,-0.6073688129958601,0.6073688129958601,2.4525,36.7875,0
atwood,fixed,3,5,9.81,0.2541701132768769,-0.07921875,0.07921875,-0.6233522028115406,0.6233522028115406,2.4525,36.7875,0
atwood,fixed,3,5,9.81,0.26068729566859167,-0.08333333333333333,0.08333333333333333,-0.6393355926272211,0.6393355926272211,2.4525,36.7875,0
atwood,fixed,3,5,9.81,0.26720447806030645,-0.08755208333333334,0.08755208333333334,-0.6553189824429017,0.6553189824429017,2.4525,36.7875,0
atwood,fixed,3,5,9.81,0.2737216604520213,-0.09187500000000003,0.09187500000000003,-0.6713023722585822,0.6713023722585822,2.4525,36.7875,0
atwood,fixed,3,5,9.81,0.28023884284373607,-0.09630208333333334,0.09630208333333334,-0.6872857620742627,0.6872857620742627,2.4525,36.7875,0
atwood,fixed,3,5,9.81,0.28675602523545085,-0.10083333333333333,0.10083333333333333,-0.7032691518899432,0.7032691518899432,2.4525,36.7875,0
atwood,fixed,3,5,9.81,0.29327320762716563,-0.10546875000000001,0.10546875000000001,-0.7192525417056238,0.7192525417056238,2.4525,36.7875,0
atwood,fixed,3,5,9.81,0.2997903900188804,-0.11020833333333334,0.11020833333333334,-0.7352359315213043,0.7352359315213043,2.4525,36.7875,0
atwood,fixed,3,5,9.81,0.3063075724105952,-0.11505208333333332,0.11505208333333332,-0.7512193213369848,0.7512193213369848,2.4525,36.7875,0
atwood,fixed,3,5,9.81,0.31282475480231003,-0.12000000000000001,0.12000000000000001,-0.7672027111526654,0.7672027111526654,2.4525,36.7875,0
atwood,fixed,3,5,9.81,0.3193419371940248,-0.12505208333333337,0.12505208333333337,-0.783186100968346,0.783186100968346,2.4525,36.7875,0
atwood,fixed,3,5,9.81,0.3258591195857396,-0.13020833333333334,0.13020833333333334,-0.7991694907840264,0.7991694907840264,2.4525,36.7875,0
atwood,fixed,3,5,9.81,0.33237630197745444,-0.13546875000000005,0.13546875000000005,-0.815152880599707,0.815152880599707,2.4525,36.7875,0
atwood,fixed,3,5,9.81,0.3388934843691692,-0.14083333333333337,0.14083333333333337,-0.8311362704153875,0.8311362704153875,2.4525,36.7875,0
atwood,fixed,3,5,9.81,0.345410666760884,-0.14630208333333336,0.14630208333333336,-0.8471196602310681,0.8471196602310681,2.4525,36.7875,0
atwood,fixed,3,5,9.81,0.3519278491525988,-0.15187500000000004,0.15187500000000004,-0.8631030500467486,0.8631030500467486,2.4525,36.7875,0
atwood,fixed,3,5,9.81,0.35844503154431356,-0.15755208333333334,0.15755208333333334,-0.8790864398624291,0.8790864398624291,2.4525,36.7875,0
atwood,fixed,3,5,9.81,0.36496221393602835,-0.16333333333333333,0.16333333333333333,-0.8950698296781096,0.8950698296781096,2.4525,36.7875,0
atwood,fixed,3,5,9.81,0.3714793963277431,-0.16921875,0.16921875,-0.91105321949379,0.91105321949379,2.4525,36.7875,0
atwood,fixed,3,5,9.81,0.3779965787194579,-0.1752083333333333,0.1752083333333333,-0.9270366093094705,0.9270366093094705,2.4525,36.7875,0
atwood,fixed,3,5,9.81,0.3845137611111727,-0.1813020833333333,0.1813020833333333,-0.9430199991251511,0.9430199991251511,2.4525,36.7875,0
atwood,fixed,3,5,9.81,0.39103094350288753,-0.18750000000000003,0.18750000000000003,-0.9590033889408317,0.9590033889408317,2.4525,36.7875,0
atwood,fixed,3,5,9.81,0.39754812589460237,-0.1938020833333334,0.1938020833333334,-0.9749867787565124,0.9749867787565124,2.4525,36.7875,0
atwood,fixed,3,5,9.81,0.40406530828631715,-0.2002083333333334,0.2002083333333334,-0.9909701685721929,0.9909701685721929,2.4525,36.7875,0
atwood,fixed,3,5,9.81,0.41058249067803193,-0.20671875000000003,0.20671875000000003,-1.0069535583878733,1.0069535583878733,2.4525,36.7875,0
atwood,fixed,3,5,9.81,0.4170996730697467,-0.2133333333333334,0.2133333333333334,-1.022936948203554,1.022936948203554,2.4525,36.7875,0
atwood,fixed,3,5,9.81,0.4236168554614615,-0.22005208333333337,0.22005208333333337,-1.0389203380192344,1.0389203380192344,2.4525,36.7875,0
atwood,fixed,3,5,9.81,0.4301340378531763,-0.22687500000000002,0.22687500000000002,-1.054903727834915,1.054903727834915,2.4525,36.7875,0
atwood,fixed,3,5,9.81,0.43665122024489106,-0.23380208333333335,0.23380208333333335,-1.0708871176505954,1.0708871176505954,2.4525,36.7875,0
atwood,fixed,3,5,9.81,0.44316840263660584,-0.24083333333333334,0.24083333333333334,-1.086870507466276,1.086870507466276,2.4525,36.7875,0
atwood,fixed,3,5,9.81,0.4496855850283207,-0.24796875000000007,0.24796875000000007,-1.1028538972819566,1.1028538972819566,2.4525,36.7875,0
atwood,fixed,3,5,9.81,0.45620276742003546,-0.25520833333333337,0.25520833333333337,-1.118837287097637,1.118837287097637,2.4525,36.7875,0
atwood,fixed,3,5,9.81,0.46271994981175024,-0.26255208333333335,0.26255208333333335,-1.1348206769133176,1.1348206769133176,2.4525,36.7875,0
atwood,fixed,3,5,9.81,0.469237132203465,-0.27,0.27,-1.150804066728998,1.150804066728998,2.4525,36.7875,0
atwood,fixed,3,5,9.81,0.4757543145951798,-0.2775520833333333,0.2775520833333333,-1.1667874565446785,1.1667874565446785,2.4525,36.7875,0
atwood,fixed,3,5,9.81,0.4822714969868946,-0.28520833333333334,0.28520833333333334,-1.182770846360359,1.182770846360359,2.4525,36.7875,0
atwood,fixed,3,5,9.81,0.4887886793786094,-0.29296875000000006,0.29296875000000006,-1.1987542361760397,1.1987542361760397,2.4525,36.7875,0
atwood,fixed,3,5,9.81,0.4953058617703242,-0.3008333333333334,0.3008333333333334,-1.2147376259917202,1.2147376259917202,2.4525,36.7875,0
atwood,fixed,3,5,9.81,0.5018230441620389,-0.30880208333333325,0.30880208333333325,-1.2307210158074005,1.2307210158074005,2.4525,36.7875,0
atwood,fixed,3,5,9.81,0.5083402265537538,-0.316875,0.316875,-1.2467044056230812,1.2467044056230812,2.4525,36.7875,0
atwood,fixed,3,5,9.81,0.5148574089454686,-0.3250520833333334,0.3250520833333334,-1.2626877954387619,1.2626877954387619,2.4525,36.7875,0
atwood,fixed,3,5,9.81,0.5213745913371833,-0.3333333333333333,0.3333333333333333,-1.2786711852544421,1.2786711852544421,2.4525,36.7875,0
atwood,fixed,3,5,9.81,0.5278917737288982,-0.34171875000000007,0.34171875000000007,-1.2946545750701228,1.2946545750701228,2.4525,36.7875,0
atwood,fixed,3,5,9.81,0.5344089561206129,-0.35020833333333334,0.35020833333333334,-1.3106379648858033,1.3106379648858033,2.4525,36.7875,0
atwood,fixed,3,5,9.81,0.5409261385123277,-0.35880208333333335,0.35880208333333335,-1.3266213547014838,1.3266213547014838,2.4525,36.7875,0
atwood,fixed,3,5,9.81,0.5474433209040426,-0.3675000000000001,0.3675000000000001,-1.3426047445171645,1.3426047445171645,2.4525,36.7875,0
atwood,fixed,3,5,9.81,0.5539605032957573,-0.3763020833333333,0.3763020833333333,-1.3585881343328448,1.3585881343328448,2.4525,36.7875,0
atwood,fixed,3,5,9.81,0.5604776856874721,-0.3852083333333334,0.3852083333333334,-1.3745715241485255,1.3745715241485255,2.4525,36.7875,0
atwood,fixed,3,5,9.81,0.5669948680791869,-0.39421875,0.39421875,-1.390554913964206,1.390554913964206,2.4525,36.7875,0
atwood,fixed,3,5,9.81,0.5735120504709017,-0.4033333333333333,0.4033333333333333,-1.4065383037798864,1.4065383037798864,2.4525,36.7875,0
atwood,fixed,3,5,9.81,0.5800292328626164,-0.41255208333333326,0.41255208333333326,-1.422521693595567,1.422521693595567,2.4525,36.7875,0
atwood,fixed,3,5,9.81,0.5865464152543313,-0.42187500000000006,0.42187500000000006,-1.4385050834112476,1.4385050834112476,2.4525,36.7875,0
atwood,fixed,3,5,9.81,0.593063597646046,-0.43130208333333325,0.43130208333333325,-1.4544884732269279,1.4544884732269279,2.4525,36.7875,0
atwood,fixed,3,5,9.81,0.5995807800377608,-0.44083333333333335,0.44083333333333335,-1.4704718630426086,1.4704718630426086,2.4525,36.7875,0
atwood,fixed,3,5,9.81,0.6060979624294757,-0.45046875000000003,0.45046875000000003,-1.486455252858289,1.486455252858289,2.4525,36.7875,0
atwood,fixed,3,5,9.81,0.6126151448211904,-0.4602083333333333,0.4602083333333333,-1.5024386426739695,1.5024386426739695,2.4525,36.7875,0
atwood,fixed,3,5,9.81,0.6191323272129053,-0.47005208333333354,0.47005208333333354,-1.5184220324896505,1.5184220324896505,2.4525,36.7875,0
atwood,fixed,3,5,9.81,0.6256495096046201,-0.48000000000000004,0.48000000000000004,-1.5344054223053307,1.5344054223053307,2.4525,36.7875,0
atwood,fixed,3,5,9.81,0.6321666919963349,-0.4900520833333335,0.4900520833333335,-1.5503888121210114,1.5503888121210114,2.4525,36.7875,0
atwood,fixed,3,5,9.81,0.6386838743880496,-0.5002083333333335,0.5002083333333335,-1.566372201936692,1.566372201936692,2.4525,36.7875,0
atwood,fixed,3,5,9.81,0.6452010567797645,-0.5104687500000001,0.5104687500000001,-1.5823555917523724,1.5823555917523724,2.4525,36.7875,0
atwood,fixed,3,5,9.81,0.6517182391714792,-0.5208333333333334,0.5208333333333334,-1.5983389815680529,1.5983389815680529,2.4525,36.7875,0
atwood,fixed,3,5,9.81,0.658235421563194,-0.5313020833333334,0.5313020833333334,-1.6143223713837334,1.6143223713837334,2.4525,36.7875,0
atwood,fixed,3,5,9.81,0.6647526039549089,-0.5418750000000002,0.5418750000000002,-1.630305761199414,1.630305761199414,2.4525,36.7875,0
atwood,fixed,3,5,9.81,0.6712697863466236,-0.5525520833333334,0.5525520833333334,-1.6462891510150945,1.6462891510150945,2.4525,36.7875,0
atwood,fixed,3,5,9.81,0.6777869687383384,-0.5633333333333335,0.5633333333333335,-1.662272540830775,1.662272540830775,2.4525,36.7875,0
atwood,fixed,3,5,9.81,0.6843041511300532,-0.57421875,0.57421875,-1.6782559306464555,1.6782559306464555,2.4525,36.7875,0
atwood,fixed,3,5,9.81,0.690821333521768,-0.5852083333333334,0.5852083333333334,-1.6942393204621362,1.6942393204621362,2.4525,36.7875,0
atwood,fixed,3,5,9.81,0.6973385159134827,-0.5963020833333333,0.5963020833333333,-1.7102227102778165,1.7102227102778165,2.4525,36.7875,0
atwood,fixed,3,5,9.81,0.7038556983051976,-0.6075000000000002,0.6075000000000002,-1.7262061000934972,1.7262061000934972,2.4525,36.7875,0
atwood,fixed,3,5,9.81,0.7103728806969123,-0.6188020833333333,0.6188020833333333,-1.7421894899091774,1.7421894899091774,2.4525,36.7875,0
atwood,fixed,3,5,9.81,0.7168900630886271,-0.6302083333333334,0.6302083333333334,-1.7581728797248581,1.7581728797248581,2.4525,36.7875,0
atwood,fixed,3,5,9.81,0.723407245480342,-0.6417187500000001,0.6417187500000001,-1.7741562695405388,1.7741562695405388,2.4525,36.7875,0
atwood,fixed,3,5,9.81,0.7299244278720567,-0.6533333333333333,0.6533333333333333,-1.790139659356219,1.790139659356219,2.4525,36.7875,0
atwood,fixed,3,5,9.81,0.7364416102637715,-0.6650520833333334,0.6650520833333334,-1.8061230491718998,1.8061230491718998,2.4525,36.7875,0
atwood,fixed,3,5,9.81,0.7429587926554863,-0.676875,0.676875,-1.82210643898758,1.82210643898758,2.4525,36.7875,0
atwood,fixed,3,5,9.81,0.7494759750472011,-0.6888020833333334,0.6888020833333334,-1.8380898288032608,1.8380898288032608,2.4525,36.7875,0
atwood,fixed,3,5,9.81,0.7559931574389158,-0.7008333333333332,0.7008333333333332,-1.854073218618941,1.854073218618941,2.4525,36.7875,0
atwood,fixed,3,5,9.81,0.7625103398306307,-0.71296875,0.71296875,-1.8700566084346217,1.8700566084346217,2.4525,36.7875,0
atwood,fixed,3,5,9.81,0.7690275222223454,-0.7252083333333332,0.7252083333333332,-1.8860399982503022,1.8860399982503022,2.4525,36.7875,0
atwood,fixed,3,5,9.81,0.7755447046140602,-0.7375520833333333,0.7375520833333333,-1.9020233880659827,1.9020233880659827,2.4525,36.7875,0
atwood,fixed,3,5,9.81,0.7820618870057751,-0.7500000000000001,0.7500000000000001,-1.9180067778816634,1.9180067778816634,2.4525,36.7875,0
balanced,fixed,4,4,9.81,0,0,0,0,0,0,39.24,0
balanced,fixed,4,4,9.81,0.025,0,0,0,0,0,39.24,0
balanced,fixed,4,4,9.81,0.05,0,0,0,0,0,39.24,0
balanced,fixed,4,4,9.81,0.075,0,0,0,0,0,39.24,0
balanced,fixed,4,4,9.81,0.1,0,0,0,0,0,39.24,0
balanced,fixed,4,4,9.81,0.125,0,0,0,0,0,39.24,0
balanced,fixed,4,4,9.81,0.15,0,0,0,0,0,39.24,0
balanced,fixed,4,4,9.81,0.175,0,0,0,0,0,39.24,0
balanced,fixed,4,4,9.81,0.2,0,0,0,0,0,39.24,0
balanced,fixed,4,4,9.81,0.225,0,0,0,0,0,39.24,0
balanced,fixed,4,4,9.81,0.25,0,0,0,0,0,39.24,0
balanced,fixed,4,4,9.81,0.275,0,0,0,0,0,39.24,0
balanced,fixed,4,4,9.81,0.3,0,0,0,0,0,39.24,0
balanced,fixed,4,4,9.81,0.325,0,0,0,0,0,39.24,0
balanced,fixed,4,4,9.81,0.35,0,0,0,0,0,39.24,0
balanced,fixed,4,4,9.81,0.375,0,0,0,0,0,39.24,0
balanced,fixed,4,4,9.81,0.4,0,0,0,0,0,39.24,0
balanced,fixed,4,4,9.81,0.425,0,0,0,0,0,39.24,0
balanced,fixed,4,4,9.81,0.45,0,0,0,0,0,39.24,0
balanced,fixed,4,4,9.81,0.475,0,0,0,0,0,39.24,0
balanced,fixed,4,4,9.81,0.5,0,0,0,0,0,39.24,0
balanced,fixed,4,4,9.81,0.525,0,0,0,0,0,39.24,0
balanced,fixed,4,4,9.81,0.55,0,0,0,0,0,39.24,0
balanced,fixed,4,4,9.81,0.575,0,0,0,0,0,39.24,0
balanced,fixed,4,4,9.81,0.6,0,0,0,0,0,39.24,0
balanced,fixed,4,4,9.81,0.625,0,0,0,0,0,39.24,0
balanced,fixed,4,4,9.81,0.65,0,0,0,0,0,39.24,0
balanced,fixed,4,4,9.81,0.675,0,0,0,0,0,39.24,0
balanced,fixed,4,4,9.81,0.7,0,0,0,0,0,39.24,0
balanced,fixed,4,4,9.81,0.725,0,0,0,0,0,39.24,0
balanced,fixed,4,4,9.81,0.75,0,0,0,0,0,39.24,0
balanced,fixed,4,4,9.81,0.775,0,0,0,0,0,39.24,0
balanced,fixed,4,4,9.81,0.8,0,0,0,0,0,39.24,0
balanced,fixed,4,4,9.81,0.825,0,0,0,0,0,39.24,0
balanced,fixed,4,4,9.81,0.85,0,0,0,0,0,39.24,0
balanced,fixed,4,4,9.81,0.875,0,0,0,0,0,39.24,0
balanced,fixed,4,4,9.81,0.9,0,0,0,0,0,39.24,0
balanced,fixed,4,4,9.81,0.925,0,0,0,0,0,39.24,0
balanced,fixed,4,4,9.81,0.95,0,0,0,0,0,39.24,0
balanced,fixed,4,4,9.81,0.975,0,0,0,0,0,39.24,0
balanced,fixed,4,4,9.81,1,0,0,0,0,0,39.24,0
balanced,fixed,4,4,9.81,1.025,0,0,0,0,0,39.24,0
balanced,fixed,4,4,9.81,1.05,0,0,0,0,0,39.24,0
balanced,fixed,4,4,9.81,1.075,0,0,0,0,0,39.24,0
balanced,fixed,4,4,9.81,1.1,0,0,0,0,0,39.24,0
balanced,fixed,4,4,9.81,1.125,0,0,0,0,0,39.24,0
balanced,fixed,4,4,9.81,1.15,0,0,0,0,0,39.24,0
balanced,fixed,4,4,9.81,1.175,0,0,0,0,0,39.24,0
balanced,fixed,4,4,9.81,1.2,0,0,0,0,0,39.24,0
balanced,fixed,4,4,9.81,1.225,0,0,0,0,0,39.24,0
balanced,fixed,4,4,9.81,1.25,0,0,0,0,0,39.24,0
balanced,fixed,4,4,9.81,1.275,0,0,0,0,0,39.24,0
balanced,fixed,4,4,9.81,1.3,0,0,0,0,0,39.24,0
balanced,fixed,4,4,9.81,1.325,0,0,0,0,0,39.24,0
balanced,fixed,4,4,9.81,1.35,0,0,0,0,0,39.24,0
balanced,fixed,4,4,9.81,1.375,0,0,0,0,0,39.24,0
balanced,fixed,4,4,9.81,1.4,0,0,0,0,0,39.24,0
balanced,fixed,4,4,9.81,1.425,0,0,0,0,0,39.24,0
balanced,fixed,4,4,9.81,1.45,0,0,0,0,0,39.24,0
balanced,fixed,4,4,9.81,1.475,0,0,0,0,0,39.24,0
balanced,fixed,4,4,9.81,1.5,0,0,0,0,0,39.24,0
balanced,fixed,4,4,9.81,1.525,0,0,0,0,0,39.24,0
balanced,fixed,4,4,9.81,1.55,0,0,0,0,0,39.24,0
balanced,fixed,4,4,9.81,1.575,0,0,0,0,0,39.24,0
balanced,fixed,4,4,9.81,1.6,0,0,0,0,0,39.24,0
balanced,fixed,4,4,9.81,1.625,0,0,0,0,0,39.24,0
balanced,fixed,4,4,9.81,1.65,0,0,0,0,0,39.24,0
balanced,fixed,4,4,9.81,1.675,0,0,0,0,0,39.24,0
balanced,fixed,4,4,9.81,1.7,0,0,0,0,0,39.24,0
balanced,fixed,4,4,9.81,1.725,0,0,0,0,0,39.24,0
balanced,fixed,4,4,9.81,1.75,0,0,0,0,0,39.24,0
balanced,fixed,4,4,9.81,1.775,0,0,0,0,0,39.24,0
balanced,fixed,4,4,9.81,1.8,0,0,0,0,0,39.24,0
balanced,fixed,4,4,9.81,1.825,0,0,0,0,0,39.24,0
balanced,fixed,4,4,9.81,1.85,0,0,0,0,0,39.24,0
balanced,fixed,4,4,9.81,1.875,0,0,0,0,0,39.24,0
balanced,fixed,4,4,9.81,1.9,0,0,0,0,0,39.24,0
balanced,fixed,4,4,9.81,1.925,0,0,0,0,0,39.24,0
balanced,fixed,4,4,9.81,1.95,0,0,0,0,0,39.24,0
balanced,fixed,4,4,9.81,1.975,0,0,0,0,0,39.24,0
balanced,fixed,4,4,9.81,2,0,0,0,0,0,39.24,0
balanced,fixed,4,4,9.81,2.025,0,0,0,0,0,39.24,0
balanced,fixed,4,4,9.81,2.05,0,0,0,0,0,39.24,0
balanced,fixed,4,4,9.81,2.075,0,0,0,0,0,39.24,0
balanced,fixed,4,4,9.81,2.1,0,0,0,0,0,39.24,0
balanced,fixed,4,4,9.81,2.125,0,0,0,0,0,39.24,0
balanced,fixed,4,4,9.81,2.15,0,0,0,0,0,39.24,0
balanced,fixed,4,4,9.81,2.175,0,0,0,0,0,39.24,0
balanced,fixed,4,4,9.81,2.2,0,0,0,0,0,39.24,0
balanced,fixed,4,4,9.81,2.225,0,0,0,0,0,39.24,0
balanced,fixed,4,4,9.81,2.25,0,0,0,0,0,39.24,0
balanced,fixed,4,4,9.81,2.275,0,0,0,0,0,39.24,0
balanced,fixed,4,4,9.81,2.3,0,0,0,0,0,39.24,0
balanced,fixed,4,4,9.81,2.325,0,0,0,0,0,39.24,0
balanced,fixed,4,4,9.81,2.35,0,0,0,0,0,39.24,0
balanced,fixed,4,4,9.81,2.375,0,0,0,0,0,39.24,0
balanced,fixed,4,4,9.81,2.4,0,0,0,0,0,39.24,0
balanced,fixed,4,4,9.81,2.425,0,0,0,0,0,39.24,0
balanced,fixed,4,4,9.81,2.45,0,0,0,0,0,39.24,0
balanced,fixed,4,4,9.81,2.475,0,0,0,0,0,39.24,0
balanced,fixed,4,4,9.81,2.5,0,0,0,0,0,39.24,0
balanced,fixed,4,4,9.81,2.525,0,0,0,0,0,39.24,0
balanced,fixed,4,4,9.81,2.55,0,0,0,0,0,39.24,0
balanced,fixed,4,4,9.81,2.575,0,0,0,0,0,39.24,0
balanced,fixed,4,4,9.81,2.6,0,0,0,0,0,39.24,0
balanced,fixed,4,4,9.81,2.625,0,0,0,0,0,39.24,0
balanced,fixed,4,4,9.81,2.65,0,0,0,0,0,39.24,0
balanced,fixed,4,4,9.81,2.675,0,0,0,0,0,39.24,0
balanced,fixed,4,4,9.81,2.7,0,0,0,0,0,39.24,0
balanced,fixed,4,4,9.81,2.725,0,0,0,0,0,39.24,0
balanced,fixed,4,4,9.81,2.75,0,0,0,0,0,39.24,0
balanced,fixed,4,4,9.81,2.775,0,0,0,0,0,39.24,0
balanced,fixed,4,4,9.81,2.8,0,0,0,0,0,39.24,0
balanced,fixed,4,4,9.81,2.825,0,0,0,0,0,39.24,0
balanced,fixed,4,4,9.81,2.85,0,0,0,0,0,39.24,0
balanced,fixed,4,4,9.81,2.875,0,0,0,0,0,39.24,0
balanced,fixed,4,4,9.81,2.9,0,0,0,0,0,39.24,0
balanced,fixed,4,4,9.81,2.925,0,0,0,0,0,39.24,0
balanced,fixed,4,4,9.81,2.95,0,0,0,0,0,39.24,0
balanced,fixed,4,4,9.81,2.975,0,0,0,0,0,39.24,0
balanced,fixed,4,4,9.81,3,0,0,0,0,0,39.24,0
movable,movable,4,6,9.81,0,0,0,0,0,0.8918181818181818,32.10545454545455,0
movable,movable,4,6,9.81,0.008824306673384703,0.00006944444444444446,-0.00003472222222222223,0.015739354266527988,-0.007869677133263994,0.8918181818181818,32.10545454545455,0
movable,movable,4,6,9.81,0.017648613346769405,0.00027777777777777783,-0.00013888888888888892,0.031478708533055975,-0.015739354266527988,0.8918181818181818,32.10545454545455,0
movable,movable,4,6,9.81,0.026472920020154105,0.000625,-0.0003125,0.04721806279958396,-0.02360903139979198,0.8918181818181818,32.10545454545455,0
movable,movable,4,6,9.81,0.03529722669353881,0.0011111111111111113,-0.0005555555555555557,0.06295741706611195,-0.031478708533055975,0.8918181818181818,32.10545454545455,0
movable,movable,4,6,9.81,0.04412153336692351,0.0017361111111111114,-0.0008680555555555557,0.07869677133263994,-0.03934838566631997,0.8918181818181818,32.10545454545455,0
movable,movable,4,6,9.81,0.05294584004030821,0.0025,-0.00125,0.09443612559916792,-0.04721806279958396,0.8918181818181818,32.10545454545455,0
movable,movable,4,6,9.81,0.061770146713692915,0.003402777777777778,-0.001701388888888889,0.11017547986569591,-0.055087739932847955,0.8918181818181818,32.10545454545455,0
movable,movable,4,6,9.81,0.07059445338707762,0.004444444444444445,-0.0022222222222222227,0.1259148341322239,-0.06295741706611195,0.8918181818181818,32.10545454545455,0
movable,movable,4,6,9.81,0.07941876006046232,0.005625000000000001,-0.0028125000000000003,0.14165418839875188,-0.07082709419937594,0.8918181818181818,32.10545454545455,0
movable,movable,4,6,9.81,0.08824306673384702,0.006944444444444446,-0.003472222222222223,0.15739354266527988,-0.07869677133263994,0.8918181818181818,32.10545454545455,0
movable,movable,4,6,9.81,0.09706737340723173,0.008402777777777782,-0.004201388888888891,0.1731328969318079,-0.08656644846590394,0.8918181818181818,32.10545454545455,0
movable,movable,4,6,9.81,0.10589168008061642,0.01,-0.005,0.18887225119833584,-0.09443612559916792,0.8918181818181818,32.10545454545455,0
movable,movable,4,6,9.81,0.11471598675400112,0.01173611111111111,-0.005868055555555555,0.20461160546486382,-0.10230580273243191,0.8918181818181818,32.10545454545455,0
movable,movable,4,6,9.81,0.12354029342738583,0.013611111111111112,-0.006805555555555556,0.22035095973139182,-0.11017547986569591,0.8918181818181818,32.10545454545455,0
movable,movable,4,6,9.81,0.13236460010077053,0.015625,-0.0078125,0.2360903139979198,-0.1180451569989599,0.8918181818181818,32.10545454545455,0
movable,movable,4,6,9.81,0.14118890677415524,0.01777777777777778,-0.00888888888888889,0.2518296682644478,-0.1259148341322239,0.8918181818181818,32.10545454545455,0
movable,movable,4,6,9.81,0.15001321344753993,0.020069444444444442,-0.010034722222222221,0.26756902253097575,-0.13378451126548788,0.8918181818181818,32.10545454545455,0
movable,movable,4,6,9.81,0.15883752012092464,0.022500000000000003,-0.011250000000000001,0.28330837679750376,-0.14165418839875188,0.8918181818181818,32.10545454545455,0
movable,movable,4,6,9.81,0.16766182679430933,0.02506944444444444,-0.01253472222222222,0.2990477310640317,-0.14952386553201585,0.8918181818181818,32.10545454545455,0
movable,movable,4,6,9.81,0.17648613346769404,0.027777777777777783,-0.013888888888888892,0.31478708533055977,-0.15739354266527988,0.8918181818181818,32.10545454545455,0
movable,movable,4,6,9.81,0.18531044014107872,0.030625,-0.0153125,0.3305264395970877,-0.16526321979854386,0.8918181818181818,32.10545454545455,0
movable,movable,4,6,9.81,0.19413474681446347,0.033611111111111126,-0.016805555555555563,0.3462657938636158,-0.1731328969318079,0.8918181818181818,32.10545454545455,0
movable,movable,4,6,9.81,0.20295905348784815,0.036736111111111115,-0.018368055555555558,0.36200514813014373,-0.18100257406507186,0.8918181818181818,32.10545454545455,0
movable,movable,4,6,9.81,0.21178336016123284,0.04,-0.02,0.3777445023966717,-0.18887225119833584,0.8918181818181818,32.10545454545455,0
movable,movable,4,6,9.81,0.22060766683461755,0.04340277777777778,-0.02170138888888889,0.3934838566631997,-0.19674192833159984,0.8918181818181818,32.10545454545455,0
movable,movable,4,6,9.81,0.22943197350800223,0.04694444444444444,-0.02347222222222222,0.40922321092972763,-0.20461160546486382,0.8918181818181818,32.10545454545455,0
movable,movable,4,6,9.81,0.23825628018138695,0.050625,-0.0253125,0.42496256519625564,-0.21248128259812782,0.8918181818181818,32.10545454545455,0
movable,movable,4,6,9.81,0.24708058685477166,0.05444444444444445,-0.027222222222222224,0.44070191946278364,-0.22035095973139182,0.8918181818181818,32.10545454545455,0
movable,movable,4,6,9.81,0.2559048935281564,0.05840277777777779,-0.029201388888888895,0.45644127372931165,-0.22822063686465582,0.8918181818181818,32.10545454545455,0
movable,movable,4,6,9.81,0.26472920020154106,0.0625,-0.03125,0.4721806279958396,-0.2360903139979198,0.8918181818181818,32.10545454545455,0
movable,movable,4,6,9.81,0.27355350687492574,0.06673611111111111,-0.033368055555555554,0.48791998226236755,-0.24395999113118377,0.8918181818181818,32.10545454545455,0
movable,movable,4,6,9.81,0.2823778135483105,0.07111111111111112,-0.03555555555555556,0.5036593365288956,-0.2518296682644478,0.8918181818181818,32.10545454545455,0
movable,movable,4,6,9.81,0.29120212022169517,0.075625,-0.0378125,0.5193986907954236,-0.2596993453977118,0.8918181818181818,32.10545454545455,0
movable,movable,4,6,9.81,0.30002642689507986,0.08027777777777777,-0.040138888888888884,0.5351380450619515,-0.26756902253097575,0.8918181818181818,32.10545454545455,0
movable,movable,4,6,9.81,0.30885073356846454,0.08506944444444443,-0.04253472222222222,0.5508773993284795,-0.27543869966423973,0.8918181818181818,32.10545454545455,0
movable,movable,4,6,9.81,0.3176750402418493,0.09000000000000001,-0.045000000000000005,0.5666167535950075,-0.28330837679750376,0.8918181818181818,32.10545454545455,0
movable,movable,4,6,9.81,0.326499346915234,0.09506944444444447,-0.047534722222222235,0.5823561078615356,-0.2911780539307678,0.8918181818181818,32.10545454545455,0
movable,movable,4,6,9.81,0.33532365358861865,0.10027777777777776,-0.05013888888888888,0.5980954621280634,-0.2990477310640317,0.8918181818181818,32.10545454545455,0
movable,movable,4,6,9.81,0.3441479602620034,0.10562500000000001,-0.052812500000000005,0.6138348163945915,-0.30691740819729574,0.8918181818181818,32.10545454545455,0
movable,movable,4,6,9.81,0.3529722669353881,0.11111111111111113,-0.055555555555555566,0.6295741706611195,-0.31478708533055977,0.8918181818181818,32.10545454545455,0
movable,movable,4,6,9.81,0.36179657360877276,0.11673611111111111,-0.058368055555555555,0.6453135249276475,-0.32265676246382374,0.8918181818181818,32.10545454545455,0
movable,movable,4,6,9.81,0.37062088028215745,0.1225,-0.06125,0.6610528791941754,-0.3305264395970877,0.8918181818181818,32.10545454545455,0
movable,movable,4,6,9.81,0.3794451869555422,0.1284027777777778,-0.0642013888888889,0.6767922334607035,-0.33839611673035175,0.8918181818181818,32.10545454545455,0
movable,movable,4,6,9.81,0.38826949362892693,0.1344444444444445,-0.06722222222222225,0.6925315877272316,-0.3462657938636158,0.8918181818181818,32.10545454545455,0
movable,movable,4,6,9.81,0.39709380030231156,0.140625,-0.0703125,0.7082709419937594,-0.3541354709968797,0.8918181818181818,32.10545454545455,0
movable,movable,4,6,9.81,0.4059181069756963,0.14694444444444446,-0.07347222222222223,0.7240102962602875,-0.36200514813014373,0.8918181818181818,32.10545454545455,0
movable,movable,4,6,9.81,0.414742413649081,0.15340277777777778,-0.07670138888888889,0.7397496505268154,-0.3698748252634077,0.8918181818181818,32.10545454545455,0
movable,movable,4,6,9.81,0.4235667203224657,0.16,-0.08,0.7554890047933434,-0.3777445023966717,0.8918181818181818,32.10545454545455,0
movable,movable,4,6,9.81,0.43239102699585036,0.16673611111111108,-0.08336805555555554,0.7712283590598713,-0.38561417952993565,0.8918181818181818,32.10545454545455,0
movable,movable,4,6,9.81,0.4412153336692351,0.17361111111111113,-0.08680555555555557,0.7869677133263994,-0.3934838566631997,0.8918181818181818,32.10545454545455,0
movable,movable,4,6,9.81,0.45003964034261984,0.18062500000000004,-0.09031250000000002,0.8027070675929274,-0.4013535337964637,0.8918181818181818,32.10545454545455,0
movable,movable,4,6,9.81,0.45886394701600447,0.18777777777777777,-0.09388888888888888,0.8184464218594553,-0.40922321092972763,0.8918181818181818,32.10545454545455,0
movable,movable,4,6,9.81,0.4676882536893892,0.19506944444444446,-0.09753472222222223,0.8341857761259833,-0.41709288806299166,0.8918181818181818,32.10545454545455,0
movable,movable,4,6,9.81,0.4765125603627739,0.2025,-0.10125,0.8499251303925113,-0.42496256519625564,0.8918181818181818,32.10545454545455,0
movable,movable,4,6,9.81,0.48533686703615864,0.21006944444444448,-0.10503472222222224,0.8656644846590393,-0.43283224232951967,0.8918181818181818,32.10545454545455,0
movable,movable,4,6,9.81,0.4941611737095433,0.2177777777777778,-0.1088888888888889,0.8814038389255673,-0.44070191946278364,0.8918181818181818,32.10545454545455,0
movable,movable,4,6,9.81,0.502985480382928,0.225625,-0.1128125,0.8971431931920952,-0.4485715965960476,0.8918181818181818,32.10545454545455,0
movable,movable,4,6,9.81,0.5118097870563127,0.23361111111111116,-0.11680555555555558,0.9128825474586233,-0.45644127372931165,0.8918181818181818,32.10545454545455,0
movable,movable,4,6,9.81,0.5206340937296974,0.24173611111111107,-0.12086805555555553,0.9286219017251511,-0.46431095086257557,0.8918181818181818,32.10545454545455,0
movable,movable,4,6,9.81,0.5294584004030821,0.25,-0.125,0.9443612559916792,-0.4721806279958396,0.8918181818181818,32.10545454545455,0
movable,movable,4,6,9.81,0.5382827070764669,0.2584027777777778,-0.1292013888888889,0.9601006102582073,-0.4800503051291036,0.8918181818181818,32.10545454545455,0
movable,movable,4,6,9.81,0.5471070137498515,0.26694444444444443,-0.13347222222222221,0.9758399645247351,-0.48791998226236755,0.8918181818181818,32.10545454545455,0
movable,movable,4,6,9.81,0.5559313204232362,0.275625,-0.1378125,0.9915793187912632,-0.4957896593956316,0.8918181818181818,32.10545454545455,0
movable,movable,4,6,9.81,0.564755627096621,0.2844444444444445,-0.14222222222222225,1.0073186730577912,-0.5036593365288956,0.8918181818181818,32.10545454545455,0
movable,movable,4,6,9.81,0.5735799337700056,0.29340277777777773,-0.14670138888888887,1.023058027324319,-0.5115290136621595,0.8918181818181818,32.10545454545455,0
movable,movable,4,6,9.81,0.5824042404433903,0.3025,-0.15125,1.0387973815908471,-0.5193986907954236,0.8918181818181818,32.10545454545455,0
movable,movable,4,6,9.81,0.591228547116775,0.31173611111111105,-0.15586805555555552,1.054536735857375,-0.5272683679286875,0.8918181818181818,32.10545454545455,0
movable,movable,4,6,9.81,0.6000528537901597,0.32111111111111107,-0.16055555555555553,1.070276090123903,-0.5351380450619515,0.8918181818181818,32.10545454545455,0
movable,movable,4,6,9.81,0.6088771604635445,0.330625,-0.1653125,1.086015444390431,-0.5430077221952155,0.8918181818181818,32.10545454545455,0
movable,movable,4,6,9.81,0.6177014671369291,0.34027777777777773,-0.17013888888888887,1.101754798656959,-0.5508773993284795,0.8918181818181818,32.10545454545455,0
movable,movable,4,6,9.81,0.6265257738103139,0.35006944444444454,-0.17503472222222227,1.1174941529234872,-0.5587470764617436,0.8918181818181818,32.10545454545455,0
movable,movable,4,6,9.81,0.6353500804836986,0.36000000000000004,-0.18000000000000002,1.133233507190015,-0.5666167535950075,0.8918181818181818,32.10545454545455,0
movable,movable,4,6,9.81,0.6441743871570832,0.3700694444444444,-0.1850347222222222,1.1489728614565429,-0.5744864307282714,0.8918181818181818,32.10545454545455,0
movable,movable,4,6,9.81,0.652998693830468,0.3802777777777779,-0.19013888888888894,1.1647122157230712,-0.5823561078615356,0.8918181818181818,32.10545454545455,0
movable,movable,4,6,9.81,0.6618230005038527,0.39062500000000006,-0.19531250000000003,1.180451569989599,-0.5902257849947995,0.8918181818181818,32.10545454545455,0
movable,movable,4,6,9.81,0.6706473071772373,0.40111111111111103,-0.20055555555555551,1.1961909242561268,-0.5980954621280634,0.8918181818181818,32.10545454545455,0
movable,movable,4,6,9.81,0.679471613850622,0.4117361111111111,-0.20586805555555554,1.211930278522655,-0.6059651392613274,0.8918181818181818,32.10545454545455,0
movable,movable,4,6,9.81,0.6882959205240068,0.42250000000000004,-0.21125000000000002,1.227669632789183,-0.6138348163945915,0.8918181818181818,32.10545454545455,0
movable,movable,4,6,9.81,0.6971202271973914,0.4334027777777778,-0.2167013888888889,1.243408987055711,-0.6217044935278555,0.8918181818181818,32.10545454545455,0
movable,movable,4,6,9.81,0.7059445338707762,0.44444444444444453,-0.22222222222222227,1.259148341322239,-0.6295741706611195,0.8918181818181818,32.10545454545455,0
movable,movable,4,6,9.81,0.7147688405441609,0.45562500000000006,-0.22781250000000003,1.274887695588767,-0.6374438477943835,0.8918181818181818,32.10545454545455,0
movable,movable,4,6,9.81,0.7235931472175455,0.46694444444444444,-0.23347222222222222,1.290627049855295,-0.6453135249276475,0.8918181818181818,32.10545454545455,0
movable,movable,4,6,9.81,0.7324174538909303,0.47840277777777784,-0.23920138888888892,1.306366404121823,-0.6531832020609115,0.8918181818181818,32.10545454545455,0
movable,movable,4,6,9.81,0.7412417605643149,0.49,-0.245,1.3221057583883509,-0.6610528791941754,0.8918181818181818,32.10545454545455,0
movable,movable,4,6,9.81,0.7500660672376998,0.5017361111111113,-0.25086805555555564,1.3378451126548792,-0.6689225563274396,0.8918181818181818,32.10545454545455,0
movable,movable,4,6,9.81,0.7588903739110844,0.5136111111111112,-0.2568055555555556,1.353584466921407,-0.6767922334607035,0.8918181818181818,32.10545454545455,0
movable,movable,4,6,9.81,0.767714680584469,0.525625,-0.2628125,1.3693238211879348,-0.6846619105939674,0.8918181818181818,32.10545454545455,0
movable,movable,4,6,9.81,0.7765389872578539,0.537777777777778,-0.268888888888889,1.3850631754544631,-0.6925315877272316,0.8918181818181818,32.10545454545455,0
movable,movable,4,6,9.81,0.7853632939312385,0.5500694444444445,-0.27503472222222225,1.400802529720991,-0.7004012648604955,0.8918181818181818,32.10545454545455,0
movable,movable,4,6,9.81,0.7941876006046231,0.5625,-0.28125,1.4165418839875188,-0.7082709419937594,0.8918181818181818,32.10545454545455,0
movable,movable,4,6,9.81,0.8030119072780079,0.5750694444444445,-0.28753472222222226,1.4322812382540469,-0.7161406191270234,0.8918181818181818,32.10545454545455,0
movable,movable,4,6,9.81,0.8118362139513926,0.5877777777777778,-0.2938888888888889,1.448020592520575,-0.7240102962602875,0.8918181818181818,32.10545454545455,0
movable,movable,4,6,9.81,0.8206605206247772,0.600625,-0.3003125,1.4637599467871028,-0.7318799733935514,0.8918181818181818,32.10545454545455,0
movable,movable,4,6,9.81,0.829484827298162,0.6136111111111111,-0.30680555555555555,1.4794993010536308,-0.7397496505268154,0.8918181818181818,32.10545454545455,0
movable,movable,4,6,9.81,0.8383091339715467,0.6267361111111112,-0.3133680555555556,1.4952386553201589,-0.7476193276600794,0.8918181818181818,32.10545454545455,0
movable,movable,4,6,9.81,0.8471334406449313,0.64,-0.32,1.5109780095866867,-0.7554890047933434,0.8918181818181818,32.10545454545455,0
movable,movable,4,6,9.81,0.8559577473183161,0.6534027777777778,-0.3267013888888889,1.5267173638532148,-0.7633586819266074,0.8918181818181818,32.10545454545455,0
movable,movable,4,6,9.81,0.8647820539917007,0.6669444444444443,-0.33347222222222217,1.5424567181197426,-0.7712283590598713,0.8918181818181818,32.10545454545455,0
movable,movable,4,6,9.81,0.8736063606650856,0.6806250000000001,-0.3403125000000001,1.558196072386271,-0.7790980361931354,0.8918181818181818,32.10545454545455,0
movable,movable,4,6,9.81,0.8824306673384702,0.6944444444444445,-0.34722222222222227,1.5739354266527987,-0.7869677133263994,0.8918181818181818,32.10545454545455,0
movable,movable,4,6,9.81,0.8912549740118548,0.7084027777777777,-0.35420138888888886,1.5896747809193266,-0.7948373904596633,0.8918181818181818,32.10545454545455,0
movable,movable,4,6,9.81,0.9000792806852397,0.7225000000000001,-0.36125000000000007,1.6054141351858549,-0.8027070675929274,0.8918181818181818,32.10545454545455,0
movable,movable,4,6,9.81,0.9089035873586243,0.7367361111111111,-0.3683680555555556,1.6211534894523827,-0.8105767447261913,0.8918181818181818,32.10545454545455,0
movable,movable,4,6,9.81,0.9177278940320089,0.7511111111111111,-0.37555555555555553,1.6368928437189105,-0.8184464218594553,0.8918181818181818,32.10545454545455,0
movable,movable,4,6,9.81,0.9265522007053938,0.7656250000000002,-0.3828125000000001,1.6526321979854388,-0.8263160989927194,0.8918181818181818,32.10545454545455,0
movable,movable,4,6,9.81,0.9353765073787784,0.7802777777777778,-0.3901388888888889,1.6683715522519666,-0.8341857761259833,0.8918181818181818,32.10545454545455,0
movable,movable,4,6,9.81,0.944200814052163,0.7950694444444444,-0.3975347222222222,1.6841109065184945,-0.8420554532592472,0.8918181818181818,32.10545454545455,0
movable,movable,4,6,9.81,0.9530251207255478,0.81,-0.405,1.6998502607850225,-0.8499251303925113,0.8918181818181818,32.10545454545455,0
movable,movable,4,6,9.81,0.9618494273989325,0.8250694444444445,-0.41253472222222226,1.7155896150515506,-0.8577948075257753,0.8918181818181818,32.10545454545455,0
movable,movable,4,6,9.81,0.9706737340723173,0.8402777777777779,-0.42013888888888895,1.7313289693180787,-0.8656644846590393,0.8918181818181818,32.10545454545455,0
movable,movable,4,6,9.81,0.9794980407457019,0.855625,-0.4278125,1.7470683235846065,-0.8735341617923033,0.8918181818181818,32.10545454545455,0
movable,movable,4,6,9.81,0.9883223474190866,0.8711111111111112,-0.4355555555555556,1.7628076778511346,-0.8814038389255673,0.8918181818181818,32.10545454545455,0
movable,movable,4,6,9.81,0.9971466540924714,0.8867361111111113,-0.44336805555555564,1.7785470321176626,-0.8892735160588313,0.8918181818181818,32.10545454545455,0
movable,movable,4,6,9.81,1.005970960765856,0.9025,-0.45125,1.7942863863841905,-0.8971431931920952,0.8918181818181818,32.10545454545455,0
movable,movable,4,6,9.81,1.0147952674392406,0.9184027777777777,-0.45920138888888884,1.8100257406507183,-0.9050128703253592,0.8918181818181818,32.10545454545455,0
movable,movable,4,6,9.81,1.0236195741126255,0.9344444444444446,-0.4672222222222223,1.8257650949172466,-0.9128825474586233,0.8918181818181818,32.10545454545455,0
movable,movable,4,6,9.81,1.0324438807860101,0.950625,-0.4753125,1.8415044491837744,-0.9207522245918872,0.8918181818181818,32.10545454545455,0
movable,movable,4,6,9.81,1.0412681874593948,0.9669444444444443,-0.48347222222222214,1.8572438034503023,-0.9286219017251511,0.8918181818181818,32.10545454545455,0
movable,movable,4,6,9.81,1.0500924941327796,0.983402777777778,-0.491701388888889,1.8729831577168305,-0.9364915788584153,0.8918181818181818,32.10545454545455,0
movable,movable,4,6,9.81,1.0589168008061642,1,-0.5,1.8887225119833584,-0.9443612559916792,0.8918181818181818,32.10545454545455,0
movable-balanced,movable,3,6,9.81,0,0,0,0,0,0,29.43,0
movable-balanced,movable,3,6,9.81,0.025,0,0,0,0,0,29.43,0
movable-balanced,movable,3,6,9.81,0.05,0,0,0,0,0,29.43,0
movable-balanced,movable,3,6,9.81,0.075,0,0,0,0,0,29.43,0
movable-balanced,movable,3,6,9.81,0.1,0,0,0,0,0,29.43,0
movable-balanced,movable,3,6,9.81,0.125,0,0,0,0,0,29.43,0
movable-balanced,movable,3,6,9.81,0.15,0,0,0,0,0,29.43,0
movable-balanced,movable,3,6,9.81,0.175,0,0,0,0,0,29.43,0
movable-balanced,movable,3,6,9.81,0.2,0,0,0,0,0,29.43,0
movable-balanced,movable,3,6,9.81,0.225,0,0,0,0,0,29.43,0
movable-balanced,movable,3,6,9.81,0.25,0,0,0,0,0,29.43,0
movable-balanced,movable,3,6,9.81,0.275,0,0,0,0,0,29.43,0
movable-balanced,movable,3,6,9.81,0.3,0,0,0,0,0,29.43,0
movable-balanced,movable,3,6,9.81,0.325,0,0,0,0,0,29.43,0
movable-balanced,movable,3,6,9.81,0.35,0,0,0,0,0,29.43,0
movable-balanced,movable,3,6,9.81,0.375,0,0,0,0,0,29.43,0
movable-balanced,movable,3,6,9.81,0.4,0,0,0,0,0,29.43,0
movable-balanced,movable,3,6,9.81,0.425,0,0,0,0,0,29.43,0
movable-balanced,movable,3,6,9.81,0.45,0,0,0,0,0,29.43,0
movable-balanced,movable,3,6,9.81,0.475,0,0,0,0,0,29.43,0
movable-balanced,movable,3,6,9.81,0.5,0,0,0,0,0,29.43,0
movable-balanced,movable,3,6,9.81,0.525,0,0,0,0,0,29.43,0
movable-balanced,movable,3,6,9.81,0.55,0,0,0,0,0,29.43,0
movable-balanced,movable,3,6,9.81,0.575,0,0,0,0,0,29.43,0
movable-balanced,movable,3,6,9.81,0.6,0,0,0,0,0,29.43,0
movable-balanced,movable,3,6,9.81,0.625,0,0,0,0,0,29.43,0
movable-balanced,movable,3,6,9.81,0.65,0,0,0,0,0,29.43,0
movable-balanced,movable,3,6,9.81,0.675,0,0,0,0,0,29.43,0
movable-balanced,movable,3,6,9.81,0.7,0,0,0,0,0,29.43,0
movable-balanced,movable,3,6,9.81,0.725,0,0,0,0,0,29.43,0
movable-balanced,movable,3,6,9.81,0.75,0,0,0,0,0,29.43,0
movable-balanced,movable,3,6,9.81,0.775,0,0,0,0,0,29.43,0
movable-balanced,movable,3,6,9.81,0.8,0,0,0,0,0,29.43,0
movable-balanced,movable,3,6,9.81,0.825,0,0,0,0,0,29.43,0
movable-balanced,movable,3,6,9.81,0.85,0,0,0,0,0,29.43,0
movable-balanced,movable,3,6,9.81,0.875,0,0,0,0,0,29.43,0
movable-balanced,movable,3,6,9.81,0.9,0,0,0,0,0,29.43,0
movable-balanced,movable,3,6,9.81,0.925,0,0,0,0,0,29.43,0
movable-balanced,movable,3,6,9.81,0.95,0,0,0,0,0,29.43,0
movable-balanced,movable,3,6,9.81,0.975,0,0,0,0,0,29.43,0
movable-balanced,movable,3,6,9.81,1,0,0,0,0,0,29.43,0
movable-balanced,movable,3,6,9.81,1.025,0,0,0,0,0,29.43,0
movable-balanced,movable,3,6,9.81,1.05,0,0,0,0,0,29.43,0
movable-balanced,movable,3,6,9.81,1.075,0,0,0,0,0,29.43,0
movable-balanced,movable,3,6,9.81,1.1,0,0,0,0,0,29.43,0
movable-balanced,movable,3,6,9.81,1.125,0,0,0,0,0,29.43,0
movable-balanced,movable,3,6,9.81,1.15,0,0,0,0,0,29.43,0
movable-balanced,movable,3,6,9.81,1.175,0,0,0,0,0,29.43,0
movable-balanced,movable,3,6,9.81,1.2,0,0,0,0,0,29.43,0
movable-balanced,movable,3,6,9.81,1.225,0,0,0,0,0,29.43,0
movable-balanced,movable,3,6,9.81,1.25,0,0,0,0,0,29.43,0
movable-balanced,movable,3,6,9.81,1.275,0,0,0,0,0,29.43,0
movable-balanced,movable,3,6,9.81,1.3,0,0,0,0,0,29.43,0
movable-balanced,movable,3,6,9.81,1.325,0,0,0,0,0,29.43,0
movable-balanced,movable,3,6,9.81,1.35,0,0,0,0,0,29.43,0
movable-balanced,movable,3,6,9.81,1.375,0,0,0,0,0,29.43,0
movable-balanced,movable,3,6,9.81,1.4,0,0,0,0,0,29.43,0
movable-balanced,movable,3,6,9.81,1.425,0,0,0,0,0,29.43,0
movable-balanced,movable,3,6,9.81,1.45,0,0,0,0,0,29.43,0
movable-balanced,movable,3,6,9.81,1.475,0,0,0,0,0,29.43,0
movable-balanced,movable,3,6,9.81,1.5,0,0,0,0,0,29.43,0
movable-balanced,movable,3,6,9.81,1.525,0,0,0,0,0,29.43,0
movable-balanced,movable,3,6,9.81,1.55,0,0,0,0,0,29.43,0
movable-balanced,movable,3,6,9.81,1.575,0,0,0,0,0,29.43,0
movable-balanced,movable,3,6,9.81,1.6,0,0,0,0,0,29.43,0
movable-balanced,movable,3,6,9.81,1.625,0,0,0,0,0,29.43,0
movable-balanced,movable,3,6,9.81,1.65,0,0,0,0,0,29.43,0
movable-balanced,movable,3,6,9.81,1.675,0,0,0,0,0,29.43,0
movable-balanced,movable,3,6,9.81,1.7,0,0,0,0,0,29.43,0
movable-balanced,movable,3,6,9.81,1.725,0,0,0,0,0,29.43,0
movable-balanced,movable,3,6,9.81,1.75,0,0,0,0,0,29.43,0
movable-balanced,movable,3,6,9.81,1.775,0,0,0,0,0,29.43,0
movable-balanced,movable,3,6,9.81,1.8,0,0,0,0,0,29.43,0
movable-balanced,movable,3,6,9.81,1.825,0,0,0,0,0,29.43,0
movable-balanced,movable,3,6,9.81,1.85,0,0,0,0,0,29.43,0
movable-balanced,movable,3,6,9.81,1.875,0,0,0,0,0,29.43,0
movable-balanced,movable,3,6,9.81,1.9,0,0,0,0,0,29.43,0
movable-balanced,movable,3,6,9.81,1.925,0,0,0,0,0,29.43,0
movable-balanced,movable,3,6,9.81,1.95,0,0,0,0,0,29.43,0
movable-balanced,movable,3,6,9.81,1.975,0,0,0,0,0,29.43,0
movable-balanced,movable,3,6,9.81,2,0,0,0,0,0,29.43,0
movable-balanced,movable,3,6,9.81,2.025,0,0,0,0,0,29.43,0
movable-balanced,movable,3,6,9.81,2.05,0,0,0,0,0,29.43,0
movable-balanced,movable,3,6,9.81,2.075,0,0,0,0,0,29.43,0
movable-balanced,movable,3,6,9.81,2.1,0,0,0,0,0,29.43,0
movable-balanced,movable,3,6,9.81,2.125,0,0,0,0,0,29.43,0
movable-balanced,movable,3,6,9.81,2.15,0,0,0,0,0,29.43,0
movable-balanced,movable,3,6,9.81,2.175,0,0,0,0,0,29.43,0
movable-balanced,movable,3,6,9.81,2.2,0,0,0,0,0,29.43,0
movable-balanced,movable,3,6,9.81,2.225,0,0,0,0,0,29.43,0
movable-balanced,movable,3,6,9.81,2.25,0,0,0,0,0,29.43,0
movable-balanced,movable,3,6,9.81,2.275,0,0,0,0,0,29.43,0
movable-balanced,movable,3,6,9.81,2.3,0,0,0,0,0,29.43,0
movable-balanced,movable,3,6,9.81,2.325,0,0,0,0,0,29.43,0
movable-balanced,movable,3,6,9.81,2.35,0,0,0,0,0,29.43,0
movable-balanced,movable,3,6,9.81,2.375,0,0,0,0,0,29.43,0
movable-balanced,movable,3,6,9.81,2.4,0,0,0,0,0,29.43,0
movable-balanced,movable,3,6,9.81,2.425,0,0,0,0,0,29.43,0
movable-balanced,movable,3,6,9.81,2.45,0,0,0,0,0,29.43,0
movable-balanced,movable,3,6,9.81,2.475,0,0,0,0,0,29.43,0
movable-balanced,movable,3,6,9.81,2.5,0,0,0,0,0,29.43,0
movable-balanced,movable,3,6,9.81,2.525,0,0,0,0,0,29.43,0
movable-balanced,movable,3,6,9.81,2.55,0,0,0,0,0,29.43,0
movable-balanced,movable,3,6,9.81,2.575,0,0,0,0,0,29.43,0
movable-balanced,movable,3,6,9.81,2.6,0,0,0,0,0,29.43,0
movable-balanced,movable,3,6,9.81,2.625,0,0,0,0,0,29.43,0
movable-balanced,movable,3,6,9.81,2.65,0,0,0,0,0,29.43,0
movable-balanced,movable,3,6,9.81,2.675,0,0,0,0,0,29.43,0
movable-balanced,movable,3,6,9.81,2.7,0,0,0,0,0,29.43,0
movable-balanced,movable,3,6,9.81,2.725,0,0,0,0,0,29.43,0
movable-balanced,movable,3,6,9.81,2.75,0,0,0,0,0,29.43,0
movable-balanced,movable,3,6,9.81,2.775,0,0,0,0,0,29.43,0
movable-balanced,movable,3,6,9.81,2.8,0,0,0,0,0,29.43,0
movable-balanced,movable,3,6,9.81,2.825,0,0,0,0,0,29.43,0
movable-balanced,movable,3,6,9.81,2.85,0,0,0,0,0,29.43,0
movable-balanced,movable,3,6,9.81,2.875,0,0,0,0,0,29.43,0
movable-balanced,movable,3,6,9.81,2.9,0,0,0,0,0,29.43,0
movable-balanced,movable,3,6,9.81,2.925,0,0,0,0,0,29.43,0
movable-balanced,movable,3,6,9.81,2.95,0,0,0,0,0,29.43,0
movable-balanced,movable,3,6,9.81,2.975,0,0,0,0,0,29.43,0
movable-balanced,movable,3,6,9.81,3,0,0,0,0,0,29.43,0
