case,d_m,v_m_s,time_s,vehicle_m,target_m,optimum_time_s,optimum_speed_m_s,effort_m2_s
article,100.0,10.0,0.0,0.0,100.0,10.0,20.0,2000.0
article,100.0,10.0,0.1,2.0,101.0,10.0,20.0,2000.0
article,100.0,10.0,0.2,4.0,102.0,10.0,20.0,2000.0
article,100.0,10.0,0.3,6.0,103.0,10.0,20.0,2000.0
article,100.0,10.0,0.4,8.0,104.0,10.0,20.0,2000.0
article,100.0,10.0,0.5,10.0,105.0,10.0,20.0,2000.0
article,100.0,10.0,0.6,12.0,106.0,10.0,20.0,2000.0
article,100.0,10.0,0.7,14.0,107.0,10.0,20.0,2000.0
article,100.0,10.0,0.8,16.0,108.0,10.0,20.0,2000.0
article,100.0,10.0,0.9,18.0,109.0,10.0,20.0,2000.0
article,100.0,10.0,1.0,20.0,110.0,10.0,20.0,2000.0
article,100.0,10.0,1.1,22.0,111.0,10.0,20.0,2000.0
article,100.0,10.0,1.2,24.0,112.0,10.0,20.0,2000.0
article,100.0,10.0,1.3,26.0,113.0,10.0,20.0,2000.0
article,100.0,10.0,1.4,28.0,114.0,10.0,20.0,2000.0
article,100.0,10.0,1.5,30.0,115.0,10.0,20.0,2000.0
article,100.0,10.0,1.6,32.0,116.0,10.0,20.0,2000.0
article,100.0,10.0,1.7,34.0,117.0,10.0,20.0,2000.0
article,100.0,10.0,1.8,36.0,118.0,10.0,20.0,2000.0
article,100.0,10.0,1.9,38.0,119.0,10.0,20.0,2000.0
article,100.0,10.0,2.0,40.0,120.0,10.0,20.0,2000.0
article,100.0,10.0,2.1,42.0,121.0,10.0,20.0,2000.0
article,100.0,10.0,2.2,44.0,122.0,10.0,20.0,2000.0
article,100.0,10.0,2.3,46.0,123.0,10.0,20.0,2000.0
article,100.0,10.0,2.4,48.0,124.0,10.0,20.0,2000.0
article,100.0,10.0,2.5,50.0,125.0,10.0,20.0,2000.0
article,100.0,10.0,2.6,52.0,126.0,10.0,20.0,2000.0
article,100.0,10.0,2.7,54.0,127.0,10.0,20.0,2000.0
article,100.0,10.0,2.8,56.0,128.0,10.0,20.0,2000.0
article,100.0,10.0,2.9,58.0,129.0,10.0,20.0,2000.0
article,100.0,10.0,3.0,60.0,130.0,10.0,20.0,2000.0
article,100.0,10.0,3.1,62.0,131.0,10.0,20.0,2000.0
article,100.0,10.0,3.2,64.0,132.0,10.0,20.0,2000.0
article,100.0,10.0,3.3,66.0,133.0,10.0,20.0,2000.0
article,100.0,10.0,3.4,68.0,134.0,10.0,20.0,2000.0
article,100.0,10.0,3.5,70.0,135.0,10.0,20.0,2000.0
article,100.0,10.0,3.6,72.0,136.0,10.0,20.0,2000.0
article,100.0,10.0,3.7,74.0,137.0,10.0,20.0,2000.0
article,100.0,10.0,3.8,76.0,138.0,10.0,20.0,2000.0
article,100.0,10.0,3.9,78.0,139.0,10.0,20.0,2000.0
article,100.0,10.0,4.0,80.0,140.0,10.0,20.0,2000.0
article,100.0,10.0,4.1,82.0,141.0,10.0,20.0,2000.0
article,100.0,10.0,4.2,84.0,142.0,10.0,20.0,2000.0
article,100.0,10.0,4.3,86.0,143.0,10.0,20.0,2000.0
article,100.0,10.0,4.4,88.0,144.0,10.0,20.0,2000.0
article,100.0,10.0,4.5,90.0,145.0,10.0,20.0,2000.0
article,100.0,10.0,4.6,92.0,146.0,10.0,20.0,2000.0
article,100.0,10.0,4.7,94.0,147.0,10.0,20.0,2000.0
article,100.0,10.0,4.8,96.0,148.0,10.0,20.0,2000.0
article,100.0,10.0,4.9,98.0,149.0,10.0,20.0,2000.0
article,100.0,10.0,5.0,100.0,150.0,10.0,20.0,2000.0
article,100.0,10.0,5.1,102.0,151.0,10.0,20.0,2000.0
article,100.0,10.0,5.2,104.0,152.0,10.0,20.0,2000.0
article,100.0,10.0,5.3,106.0,153.0,10.0,20.0,2000.0
article,100.0,10.0,5.4,108.0,154.0,10.0,20.0,2000.0
article,100.0,10.0,5.5,110.0,155.0,10.0,20.0,2000.0
article,100.0,10.0,5.6,112.0,156.0,10.0,20.0,2000.0
article,100.0,10.0,5.7,114.0,157.0,10.0,20.0,2000.0
article,100.0,10.0,5.8,116.0,158.0,10.0,20.0,2000.0
article,100.0,10.0,5.9,118.0,159.0,10.0,20.0,2000.0
article,100.0,10.0,6.0,120.0,160.0,10.0,20.0,2000.0
article,100.0,10.0,6.1,122.0,161.0,10.0,20.0,2000.0
article,100.0,10.0,6.2,124.0,162.0,10.0,20.0,2000.0
article,100.0,10.0,6.3,126.0,163.0,10.0,20.0,2000.0
article,100.0,10.0,6.4,128.0,164.0,10.0,20.0,2000.0
article,100.0,10.0,6.5,130.0,165.0,10.0,20.0,2000.0
article,100.0,10.0,6.6,132.0,166.0,10.0,20.0,2000.0
article,100.0,10.0,6.7,134.0,167.0,10.0,20.0,2000.0
article,100.0,10.0,6.8,136.0,168.0,10.0,20.0,2000.0
article,100.0,10.0,6.9,138.0,169.0,10.0,20.0,2000.0
article,100.0,10.0,7.0,140.0,170.0,10.0,20.0,2000.0
article,100.0,10.0,7.1,142.0,171.0,10.0,20.0,2000.0
article,100.0,10.0,7.2,144.0,172.0,10.0,20.0,2000.0
article,100.0,10.0,7.3,146.0,173.0,10.0,20.0,2000.0
article,100.0,10.0,7.4,148.0,174.0,10.0,20.0,2000.0
article,100.0,10.0,7.5,150.0,175.0,10.0,20.0,2000.0
article,100.0,10.0,7.6,152.0,176.0,10.0,20.0,2000.0
article,100.0,10.0,7.7,154.0,177.0,10.0,20.0,2000.0
article,100.0,10.0,7.8,156.0,178.0,10.0,20.0,2000.0
article,100.0,10.0,7.9,158.0,179.0,10.0,20.0,2000.0
article,100.0,10.0,8.0,160.0,180.0,10.0,20.0,2000.0
article,100.0,10.0,8.1,162.0,181.0,10.0,20.0,2000.0
article,100.0,10.0,8.2,164.0,182.0,10.0,20.0,2000.0
article,100.0,10.0,8.3,166.0,183.0,10.0,20.0,2000.0
article,100.0,10.0,8.4,168.0,184.0,10.0,20.0,2000.0
article,100.0,10.0,8.5,170.0,185.0,10.0,20.0,2000.0
article,100.0,10.0,8.6,172.0,186.0,10.0,20.0,2000.0
article,100.0,10.0,8.7,174.0,187.0,10.0,20.0,2000.0
article,100.0,10.0,8.8,176.0,188.0,10.0,20.0,2000.0
article,100.0,10.0,8.9,178.0,189.0,10.0,20.0,2000.0
article,100.0,10.0,9.0,180.0,190.0,10.0,20.0,2000.0
article,100.0,10.0,9.1,182.0,191.0,10.0,20.0,2000.0
article,100.0,10.0,9.2,184.0,192.0,10.0,20.0,2000.0
article,100.0,10.0,9.3,186.0,193.0,10.0,20.0,2000.0
article,100.0,10.0,9.4,188.0,194.0,10.0,20.0,2000.0
article,100.0,10.0,9.5,190.0,195.0,10.0,20.0,2000.0
article,100.0,10.0,9.6,192.0,196.0,10.0,20.0,2000.0
article,100.0,10.0,9.7,194.0,197.0,10.0,20.0,2000.0
article,100.0,10.0,9.8,196.0,198.0,10.0,20.0,2000.0
article,100.0,10.0,9.9,198.0,199.0,10.0,20.0,2000.0
article,100.0,10.0,10.0,200.0,200.0,10.0,20.0,2000.0
near,60.0,12.0,0.0,0.0,60.0,5.0,24.0,1440.0
near,60.0,12.0,0.05,1.2000000000000002,60.6,5.0,24.0,1440.0
near,60.0,12.0,0.1,2.4000000000000004,61.2,5.0,24.0,1440.0
near,60.0,12.0,0.15,3.5999999999999996,61.8,5.0,24.0,1440.0
near,60.0,12.0,0.2,4.800000000000001,62.4,5.0,24.0,1440.0
near,60.0,12.0,0.25,6.0,63.0,5.0,24.0,1440.0
near,60.0,12.0,0.3,7.199999999999999,63.6,5.0,24.0,1440.0
near,60.0,12.0,0.35,8.399999999999999,64.2,5.0,24.0,1440.0
near,60.0,12.0,0.4,9.600000000000001,64.8,5.0,24.0,1440.0
near,60.0,12.0,0.45,10.8,65.4,5.0,24.0,1440.0
near,60.0,12.0,0.5,12.0,66.0,5.0,24.0,1440.0
near,60.0,12.0,0.55,13.200000000000001,66.6,5.0,24.0,1440.0
near,60.0,12.0,0.6,14.399999999999999,67.2,5.0,24.0,1440.0
near,60.0,12.0,0.65,15.600000000000001,67.8,5.0,24.0,1440.0
near,60.0,12.0,0.7,16.799999999999997,68.4,5.0,24.0,1440.0
near,60.0,12.0,0.75,18.0,69.0,5.0,24.0,1440.0
near,60.0,12.0,0.8,19.200000000000003,69.6,5.0,24.0,1440.0
near,60.0,12.0,0.85,20.4,70.2,5.0,24.0,1440.0
near,60.0,12.0,0.9,21.6,70.8,5.0,24.0,1440.0
near,60.0,12.0,0.95,22.799999999999997,71.4,5.0,24.0,1440.0
near,60.0,12.0,1.0,24.0,72.0,5.0,24.0,1440.0
near,60.0,12.0,1.05,25.200000000000003,72.6,5.0,24.0,1440.0
near,60.0,12.0,1.1,26.400000000000002,73.2,5.0,24.0,1440.0
near,60.0,12.0,1.15,27.599999999999998,73.8,5.0,24.0,1440.0
near,60.0,12.0,1.2,28.799999999999997,74.4,5.0,24.0,1440.0
near,60.0,12.0,1.25,30.0,75.0,5.0,24.0,1440.0
near,60.0,12.0,1.3,31.200000000000003,75.6,5.0,24.0,1440.0
near,60.0,12.0,1.35,32.400000000000006,76.2,5.0,24.0,1440.0
near,60.0,12.0,1.4,33.599999999999994,76.8,5.0,24.0,1440.0
near,60.0,12.0,1.45,34.8,77.4,5.0,24.0,1440.0
near,60.0,12.0,1.5,36.0,78.0,5.0,24.0,1440.0
near,60.0,12.0,1.55,37.2,78.6,5.0,24.0,1440.0
near,60.0,12.0,1.6,38.400000000000006,79.2,5.0,24.0,1440.0
near,60.0,12.0,1.65,39.599999999999994,79.8,5.0,24.0,1440.0
near,60.0,12.0,1.7,40.8,80.4,5.0,24.0,1440.0
near,60.0,12.0,1.75,42.0,81.0,5.0,24.0,1440.0
near,60.0,12.0,1.8,43.2,81.6,5.0,24.0,1440.0
near,60.0,12.0,1.85,44.400000000000006,82.2,5.0,24.0,1440.0
near,60.0,12.0,1.9,45.599999999999994,82.8,5.0,24.0,1440.0
near,60.0,12.0,1.95,46.8,83.4,5.0,24.0,1440.0
near,60.0,12.0,2.0,48.0,84.0,5.0,24.0,1440.0
near,60.0,12.0,2.05,49.199999999999996,84.6,5.0,24.0,1440.0
near,60.0,12.0,2.1,50.400000000000006,85.2,5.0,24.0,1440.0
near,60.0,12.0,2.15,51.599999999999994,85.8,5.0,24.0,1440.0
near,60.0,12.0,2.2,52.800000000000004,86.4,5.0,24.0,1440.0
near,60.0,12.0,2.25,54.0,87.0,5.0,24.0,1440.0
near,60.0,12.0,2.3,55.199999999999996,87.6,5.0,24.0,1440.0
near,60.0,12.0,2.35,56.400000000000006,88.2,5.0,24.0,1440.0
near,60.0,12.0,2.4,57.599999999999994,88.8,5.0,24.0,1440.0
near,60.0,12.0,2.45,58.800000000000004,89.4,5.0,24.0,1440.0
near,60.0,12.0,2.5,60.0,90.0,5.0,24.0,1440.0
near,60.0,12.0,2.55,61.199999999999996,90.6,5.0,24.0,1440.0
near,60.0,12.0,2.6,62.400000000000006,91.2,5.0,24.0,1440.0
near,60.0,12.0,2.65,63.599999999999994,91.8,5.0,24.0,1440.0
near,60.0,12.0,2.7,64.80000000000001,92.4,5.0,24.0,1440.0
near,60.0,12.0,2.75,66.0,93.0,5.0,24.0,1440.0
near,60.0,12.0,2.8,67.19999999999999,93.6,5.0,24.0,1440.0
near,60.0,12.0,2.85,68.4,94.2,5.0,24.0,1440.0
near,60.0,12.0,2.9,69.6,94.8,5.0,24.0,1440.0
near,60.0,12.0,2.95,70.80000000000001,95.4,5.0,24.0,1440.0
near,60.0,12.0,3.0,72.0,96.0,5.0,24.0,1440.0
near,60.0,12.0,3.05,73.19999999999999,96.6,5.0,24.0,1440.0
near,60.0,12.0,3.1,74.4,97.2,5.0,24.0,1440.0
near,60.0,12.0,3.15,75.6,97.8,5.0,24.0,1440.0
near,60.0,12.0,3.2,76.80000000000001,98.4,5.0,24.0,1440.0
near,60.0,12.0,3.25,78.0,99.0,5.0,24.0,1440.0
near,60.0,12.0,3.3,79.19999999999999,99.6,5.0,24.0,1440.0
near,60.0,12.0,3.35,80.4,100.2,5.0,24.0,1440.0
near,60.0,12.0,3.4,81.6,100.8,5.0,24.0,1440.0
near,60.0,12.0,3.45,82.80000000000001,101.4,5.0,24.0,1440.0
near,60.0,12.0,3.5,84.0,102.0,5.0,24.0,1440.0
near,60.0,12.0,3.55,85.19999999999999,102.6,5.0,24.0,1440.0
near,60.0,12.0,3.6,86.4,103.2,5.0,24.0,1440.0
near,60.0,12.0,3.65,87.6,103.8,5.0,24.0,1440.0
near,60.0,12.0,3.7,88.80000000000001,104.4,5.0,24.0,1440.0
near,60.0,12.0,3.75,90.0,105.0,5.0,24.0,1440.0
near,60.0,12.0,3.8,91.19999999999999,105.6,5.0,24.0,1440.0
near,60.0,12.0,3.85,92.4,106.2,5.0,24.0,1440.0
near,60.0,12.0,3.9,93.6,106.8,5.0,24.0,1440.0
near,60.0,12.0,3.95,94.80000000000001,107.4,5.0,24.0,1440.0
near,60.0,12.0,4.0,96.0,108.0,5.0,24.0,1440.0
near,60.0,12.0,4.05,97.19999999999999,108.6,5.0,24.0,1440.0
near,60.0,12.0,4.1,98.39999999999999,109.19999999999999,5.0,24.0,1440.0
near,60.0,12.0,4.15,99.60000000000001,109.80000000000001,5.0,24.0,1440.0
near,60.0,12.0,4.2,100.80000000000001,110.4,5.0,24.0,1440.0
near,60.0,12.0,4.25,102.0,111.0,5.0,24.0,1440.0
near,60.0,12.0,4.3,103.19999999999999,111.6,5.0,24.0,1440.0
near,60.0,12.0,4.35,104.39999999999999,112.19999999999999,5.0,24.0,1440.0
near,60.0,12.0,4.4,105.60000000000001,112.80000000000001,5.0,24.0,1440.0
near,60.0,12.0,4.45,106.80000000000001,113.4,5.0,24.0,1440.0
near,60.0,12.0,4.5,108.0,114.0,5.0,24.0,1440.0
near,60.0,12.0,4.55,109.19999999999999,114.6,5.0,24.0,1440.0
near,60.0,12.0,4.6,110.39999999999999,115.19999999999999,5.0,24.0,1440.0
near,60.0,12.0,4.65,111.60000000000001,115.80000000000001,5.0,24.0,1440.0
near,60.0,12.0,4.7,112.80000000000001,116.4,5.0,24.0,1440.0
near,60.0,12.0,4.75,114.0,117.0,5.0,24.0,1440.0
near,60.0,12.0,4.8,115.19999999999999,117.6,5.0,24.0,1440.0
near,60.0,12.0,4.85,116.39999999999999,118.19999999999999,5.0,24.0,1440.0
near,60.0,12.0,4.9,117.60000000000001,118.80000000000001,5.0,24.0,1440.0
near,60.0,12.0,4.95,118.80000000000001,119.4,5.0,24.0,1440.0
near,60.0,12.0,5.0,120.0,120.0,5.0,24.0,1440.0
distant,180.0,6.0,0.0,0.0,180.0,30.0,12.0,2160.0
distant,180.0,6.0,0.3,3.5999999999999996,181.8,30.0,12.0,2160.0
distant,180.0,6.0,0.6,7.199999999999999,183.6,30.0,12.0,2160.0
distant,180.0,6.0,0.9,10.8,185.4,30.0,12.0,2160.0
distant,180.0,6.0,1.2,14.399999999999999,187.2,30.0,12.0,2160.0
distant,180.0,6.0,1.5,18.0,189.0,30.0,12.0,2160.0
distant,180.0,6.0,1.8,21.6,190.8,30.0,12.0,2160.0
distant,180.0,6.0,2.1,25.200000000000003,192.6,30.0,12.0,2160.0
distant,180.0,6.0,2.4,28.799999999999997,194.4,30.0,12.0,2160.0
distant,180.0,6.0,2.7,32.400000000000006,196.2,30.0,12.0,2160.0
distant,180.0,6.0,3.0,36.0,198.0,30.0,12.0,2160.0
distant,180.0,6.0,3.3,39.599999999999994,199.8,30.0,12.0,2160.0
distant,180.0,6.0,3.6,43.2,201.6,30.0,12.0,2160.0
distant,180.0,6.0,3.9,46.8,203.4,30.0,12.0,2160.0
distant,180.0,6.0,4.2,50.400000000000006,205.2,30.0,12.0,2160.0
distant,180.0,6.0,4.5,54.0,207.0,30.0,12.0,2160.0
distant,180.0,6.0,4.8,57.599999999999994,208.8,30.0,12.0,2160.0
distant,180.0,6.0,5.1,61.199999999999996,210.6,30.0,12.0,2160.0
distant,180.0,6.0,5.4,64.80000000000001,212.4,30.0,12.0,2160.0
distant,180.0,6.0,5.7,68.4,214.2,30.0,12.0,2160.0
distant,180.0,6.0,6.0,72.0,216.0,30.0,12.0,2160.0
distant,180.0,6.0,6.3,75.6,217.8,30.0,12.0,2160.0
distant,180.0,6.0,6.6,79.19999999999999,219.6,30.0,12.0,2160.0
distant,180.0,6.0,6.9,82.80000000000001,221.4,30.0,12.0,2160.0
distant,180.0,6.0,7.2,86.4,223.2,30.0,12.0,2160.0
distant,180.0,6.0,7.5,90.0,225.0,30.0,12.0,2160.0
distant,180.0,6.0,7.8,93.6,226.8,30.0,12.0,2160.0
distant,180.0,6.0,8.1,97.19999999999999,228.6,30.0,12.0,2160.0
distant,180.0,6.0,8.4,100.80000000000001,230.4,30.0,12.0,2160.0
distant,180.0,6.0,8.7,104.39999999999999,232.2,30.0,12.0,2160.0
distant,180.0,6.0,9.0,108.0,234.0,30.0,12.0,2160.0
distant,180.0,6.0,9.3,111.60000000000001,235.8,30.0,12.0,2160.0
distant,180.0,6.0,9.6,115.19999999999999,237.6,30.0,12.0,2160.0
distant,180.0,6.0,9.9,118.80000000000001,239.4,30.0,12.0,2160.0
distant,180.0,6.0,10.2,122.39999999999999,241.2,30.0,12.0,2160.0
distant,180.0,6.0,10.5,126.0,243.0,30.0,12.0,2160.0
distant,180.0,6.0,10.8,129.60000000000002,244.8,30.0,12.0,2160.0
distant,180.0,6.0,11.1,133.2,246.6,30.0,12.0,2160.0
distant,180.0,6.0,11.4,136.8,248.4,30.0,12.0,2160.0
distant,180.0,6.0,11.7,140.39999999999998,250.2,30.0,12.0,2160.0
distant,180.0,6.0,12.0,144.0,252.0,30.0,12.0,2160.0
distant,180.0,6.0,12.3,147.60000000000002,253.8,30.0,12.0,2160.0
distant,180.0,6.0,12.6,151.2,255.6,30.0,12.0,2160.0
distant,180.0,6.0,12.9,154.8,257.4,30.0,12.0,2160.0
distant,180.0,6.0,13.2,158.39999999999998,259.2,30.0,12.0,2160.0
distant,180.0,6.0,13.5,162.0,261.0,30.0,12.0,2160.0
distant,180.0,6.0,13.8,165.60000000000002,262.8,30.0,12.0,2160.0
distant,180.0,6.0,14.1,169.2,264.6,30.0,12.0,2160.0
distant,180.0,6.0,14.4,172.8,266.4,30.0,12.0,2160.0
distant,180.0,6.0,14.7,176.39999999999998,268.2,30.0,12.0,2160.0
distant,180.0,6.0,15.0,180.0,270.0,30.0,12.0,2160.0
distant,180.0,6.0,15.3,183.60000000000002,271.8,30.0,12.0,2160.0
distant,180.0,6.0,15.6,187.2,273.6,30.0,12.0,2160.0
distant,180.0,6.0,15.9,190.8,275.4,30.0,12.0,2160.0
distant,180.0,6.0,16.2,194.39999999999998,277.2,30.0,12.0,2160.0
distant,180.0,6.0,16.5,198.0,279.0,30.0,12.0,2160.0
distant,180.0,6.0,16.8,201.60000000000002,280.8,30.0,12.0,2160.0
distant,180.0,6.0,17.1,205.20000000000002,282.6,30.0,12.0,2160.0
distant,180.0,6.0,17.4,208.79999999999998,284.4,30.0,12.0,2160.0
distant,180.0,6.0,17.7,212.39999999999998,286.2,30.0,12.0,2160.0
distant,180.0,6.0,18.0,216.0,288.0,30.0,12.0,2160.0
distant,180.0,6.0,18.3,219.60000000000002,289.8,30.0,12.0,2160.0
distant,180.0,6.0,18.6,223.20000000000002,291.6,30.0,12.0,2160.0
distant,180.0,6.0,18.9,226.79999999999998,293.4,30.0,12.0,2160.0
distant,180.0,6.0,19.2,230.39999999999998,295.2,30.0,12.0,2160.0
distant,180.0,6.0,19.5,234.0,297.0,30.0,12.0,2160.0
distant,180.0,6.0,19.8,237.60000000000002,298.8,30.0,12.0,2160.0
distant,180.0,6.0,20.1,241.20000000000002,300.6,30.0,12.0,2160.0
distant,180.0,6.0,20.4,244.79999999999998,302.4,30.0,12.0,2160.0
distant,180.0,6.0,20.7,248.39999999999998,304.2,30.0,12.0,2160.0
distant,180.0,6.0,21.0,252.0,306.0,30.0,12.0,2160.0
distant,180.0,6.0,21.3,255.60000000000002,307.8,30.0,12.0,2160.0
distant,180.0,6.0,21.6,259.20000000000005,309.6,30.0,12.0,2160.0
distant,180.0,6.0,21.9,262.79999999999995,311.4,30.0,12.0,2160.0
distant,180.0,6.0,22.2,266.4,313.2,30.0,12.0,2160.0
distant,180.0,6.0,22.5,270.0,315.0,30.0,12.0,2160.0
distant,180.0,6.0,22.8,273.6,316.8,30.0,12.0,2160.0
distant,180.0,6.0,23.1,277.20000000000005,318.6,30.0,12.0,2160.0
distant,180.0,6.0,23.4,280.79999999999995,320.4,30.0,12.0,2160.0
distant,180.0,6.0,23.7,284.4,322.2,30.0,12.0,2160.0
distant,180.0,6.0,24.0,288.0,324.0,30.0,12.0,2160.0
distant,180.0,6.0,24.3,291.6,325.8,30.0,12.0,2160.0
distant,180.0,6.0,24.6,295.20000000000005,327.6,30.0,12.0,2160.0
distant,180.0,6.0,24.9,298.79999999999995,329.4,30.0,12.0,2160.0
distant,180.0,6.0,25.2,302.4,331.2,30.0,12.0,2160.0
distant,180.0,6.0,25.5,306.0,333.0,30.0,12.0,2160.0
distant,180.0,6.0,25.8,309.6,334.8,30.0,12.0,2160.0
distant,180.0,6.0,26.1,313.20000000000005,336.6,30.0,12.0,2160.0
distant,180.0,6.0,26.4,316.79999999999995,338.4,30.0,12.0,2160.0
distant,180.0,6.0,26.7,320.4,340.2,30.0,12.0,2160.0
distant,180.0,6.0,27.0,324.0,342.0,30.0,12.0,2160.0
distant,180.0,6.0,27.3,327.6,343.8,30.0,12.0,2160.0
distant,180.0,6.0,27.6,331.20000000000005,345.6,30.0,12.0,2160.0
distant,180.0,6.0,27.9,334.79999999999995,347.4,30.0,12.0,2160.0
distant,180.0,6.0,28.2,338.4,349.2,30.0,12.0,2160.0
distant,180.0,6.0,28.5,342.0,351.0,30.0,12.0,2160.0
distant,180.0,6.0,28.8,345.6,352.8,30.0,12.0,2160.0
distant,180.0,6.0,29.1,349.20000000000005,354.6,30.0,12.0,2160.0
distant,180.0,6.0,29.4,352.79999999999995,356.4,30.0,12.0,2160.0
distant,180.0,6.0,29.7,356.4,358.2,30.0,12.0,2160.0
distant,180.0,6.0,30.0,360.0,360.0,30.0,12.0,2160.0
